project_id,project_type,region,date,section,ref,description,unit,quantity,rate,category,amount
P001-LV,LV Reinforcement,Ulster,2024-01-22,Cabling & Terminations,,"Earthing installation including rods, tape and connections",item,1.0,1700.28,Cabling & Terminations,1700.28
P001-LV,LV Reinforcement,Ulster,2024-01-22,Excavation & Earthworks,,Trench support to deep excavation using proprietary shoring,m,20.9,35.65,Excavation & Earthworks,745.08
P001-LV,LV Reinforcement,Ulster,2024-01-22,Road Reinstatement & Surfacing,,Supply and lay precast concrete kerbing c/w haunching (as drawing),m,161.41,43.45,Road Reinstatement & Surfacing,7013.26
P001-LV,LV Reinforcement,Ulster,2024-01-22,Ducting & Cable Protection,,Supply and lay 6no. 110mm HDPE duct in prepared trench c/w bedding,m,426.59,44.38,Ducting & Cable Protection,18932.06
P001-LV,LV Reinforcement,Ulster,2024-01-22,Plant & Equipment Supply,,Supply and erect 6m public lighting column with LED lantern (as drawing),nr,19.0,1023.07,Plant & Equipment Supply,19438.33
P001-LV,LV Reinforcement,Ulster,2024-01-22,Excavation & Earthworks,,Trench support to deep excavation using proprietary shoring,m,75.06,54.91,Excavation & Earthworks,4121.54
P001-LV,LV Reinforcement,Ulster,2024-01-22,Cabling & Terminations,,"Earthing installation including rods, tape and connections",item,1.0,1099.73,Cabling & Terminations,1099.73
P001-LV,LV Reinforcement,Ulster,2024-01-22,Ducting & Cable Protection,,S&L cable protection tiles and marker tape,m,908.62,4.22,Ducting & Cable Protection,3834.38
P001-LV,LV Reinforcement,Ulster,2024-01-22,Road Reinstatement & Surfacing,,Permanent reinstatement of footpath in bitmac to road opening licence standard,m2,112.36,48.87,Road Reinstatement & Surfacing,5491.03
P001-LV,LV Reinforcement,Ulster,2024-01-22,Ducting & Cable Protection,,Supply & lay cable protection tiles and marker tape,m,892.13,1.99,Ducting & Cable Protection,1775.34
P001-LV,LV Reinforcement,Ulster,2024-01-22,Road Reinstatement & Surfacing,,Planing of existing bituminous surfacing 40mm,m2,782.09,6.29,Road Reinstatement & Surfacing,4919.35
P001-LV,LV Reinforcement,Ulster,2024-01-22,Road Reinstatement & Surfacing,,SUPPLY AND LAY 40mm SMA surface course,m2,433.1,20.38,Road Reinstatement & Surfacing,8826.58
P001-LV,LV Reinforcement,Ulster,2024-01-22,Road Reinstatement & Surfacing,,Planing of existing bituminous surfacing 40mm,m2,1201.13,7.51,Road Reinstatement & Surfacing,9020.49
P001-LV,LV Reinforcement,Ulster,2024-01-22,Preliminaries & Site Setup,,Mobilisation and demobilisation of plant to site,item,1.0,3452.45,Preliminaries & Site Setup,3452.45
P001-LV,LV Reinforcement,Ulster,2024-01-22,Excavation & Earthworks,,DISPOSAL OF SURPLUS EXCAVATED MATERIAL OFF SITE TO LICENSED FACILITY,m3,39.9,33.2,Excavation & Earthworks,1324.68
P001-LV,LV Reinforcement,Ulster,2024-01-22,Ducting & Cable Protection,,Supply and lay 4no. 110mm HDPE duct in prepared trench incl. bedding,m,318.92,37.39,Ducting & Cable Protection,11924.42
P001-LV,LV Reinforcement,Ulster,2024-01-22,Preliminaries & Site Setup,,Mobilisation and demobilisation of plant to site,item,1.0,3010.36,Preliminaries & Site Setup,3010.36
P001-LV,LV Reinforcement,Ulster,2024-01-22,Traffic Management,,Preparation and approval of traffic management plan (Chapter 8),item,1.0,621.46,Traffic Management,621.46
P001-LV,LV Reinforcement,Ulster,2024-01-22,Traffic Management,,Provision of traffic management for footpath closure and pedestrian diversion,week,10.0,469.08,Traffic Management,4690.8
P001-LV,LV Reinforcement,Ulster,2024-01-22,Cabling & Terminations,,Terminate MV cable into switchgear inc. testing,nr,5.0,595.07,Cabling & Terminations,2975.35
P001-LV,LV Reinforcement,Ulster,2024-01-22,Ducting & Cable Protection,,Horizontal directional drill 125mm bore c/w entry and exit pits,m,21.42,225.23,Ducting & Cable Protection,4824.43
P001-LV,LV Reinforcement,Ulster,2024-01-22,Ducting & Cable Protection,,HORIZONTAL DIRECTIONAL DRILL 250MM BORE INCLUDING ENTRY AND EXIT PITS,m,41.31,439.84,Ducting & Cable Protection,18169.79
P001-LV,LV Reinforcement,Ulster,2024-01-22,Excavation & Earthworks,,Trench support to deep excavation using proprietary shoring,m,42.33,38.93,Excavation & Earthworks,1647.91
P001-LV,LV Reinforcement,Ulster,2024-01-22,Excavation & Earthworks,,Supply and place imported granular fill Clause 804 (as drawing),m3,724.65,34.05,Excavation & Earthworks,24674.33
P001-LV,LV Reinforcement,Ulster,2024-01-22,Traffic Management,,PREPARATION AND APPROVAL OF TRAFFIC MANAGEMENT PLAN (CHAPTER 8),item,1.0,403.4,Traffic Management,403.4
P001-LV,LV Reinforcement,Ulster,2024-01-22,Road Reinstatement & Surfacing,,Supply and lay 40mm SMA surface course,m2,514.89,18.18,Road Reinstatement & Surfacing,9360.7
P001-LV,LV Reinforcement,Ulster,2024-01-22,Cabling & Terminations,,Blow in fibre optic cable to existing subduct,m,364.92,5.21,Cabling & Terminations,1901.23
P001-LV,LV Reinforcement,Ulster,2024-01-22,Preliminaries & Site Setup,,Mobilisation and demobilisation of plant to site,item,1.0,2628.07,Preliminaries & Site Setup,2628.07
P001-LV,LV Reinforcement,Ulster,2024-01-22,Cabling & Terminations,,Pull in LV service cable 25mm2 to dwelling inc. duct entry,m,285.7,10.47,Cabling & Terminations,2991.28
P001-LV,LV Reinforcement,Ulster,2024-01-22,Road Reinstatement & Surfacing,,SUPPLY AND LAY 40MM SMA SURFACE COURSE,m2,975.5,22.98,Road Reinstatement & Surfacing,22416.99
P001-LV,LV Reinforcement,Ulster,2024-01-22,Traffic Management,,Provision of traffic management with two-way portable signals,week,13.0,1914.98,Traffic Management,24894.74
P001-LV,LV Reinforcement,Ulster,2024-01-22,Traffic Management,,Preparation and approval of traffic management plan (Chapter 8),item,1.0,377.75,Traffic Management,377.75
P001-LV,LV Reinforcement,Ulster,2024-01-22,Excavation & Earthworks,,Excavate trench in existing carriageway including saw cutting and breaking out,m,255.69,42.97,Excavation & Earthworks,10987.0
P001-LV,LV Reinforcement,Ulster,2024-01-22,Traffic Management,,Provision of traffic management for footpath closure and pedestrian diversion,week,7.0,603.98,Traffic Management,4227.86
P001-LV,LV Reinforcement,Ulster,2024-01-22,Cabling & Terminations,,"Earthing installation including rods, tape and connections",item,1.0,1279.68,Cabling & Terminations,1279.68
P001-LV,LV Reinforcement,Ulster,2024-01-22,Plant & Equipment Supply,,Supply and install 630kVA ground mounted transformer (as drawing),nr,2.0,25697.6,Plant & Equipment Supply,51395.2
P001-LV,LV Reinforcement,Ulster,2024-01-22,Road Reinstatement & Surfacing,,Reinstate road markings to match existing,m,50.69,8.6,Road Reinstatement & Surfacing,435.93
P001-LV,LV Reinforcement,Ulster,2024-01-22,Cabling & Terminations,,"Earthing installation c/w rods, tape and connections",item,1.0,830.89,Cabling & Terminations,830.89
P001-LV,LV Reinforcement,Ulster,2024-01-22,Road Reinstatement & Surfacing,,Permanent reinstatement of carriageway to road opening licence standard,m2,202.97,84.82,Road Reinstatement & Surfacing,17215.92
P001-LV,LV Reinforcement,Ulster,2024-01-22,Plant & Equipment Supply,,SUPPLY & INSTALL 630KVA GROUND MOUNTED TRANSFORMER,nr,2.0,17676.67,Plant & Equipment Supply,35353.34
P002-LV,LV Reinforcement,Dublin,2025-12-29,Road Reinstatement & Surfacing,,Planing of existing bituminous surfacing 40mm,m2,268.84,9.7,Road Reinstatement & Surfacing,2607.75
P002-LV,LV Reinforcement,Dublin,2025-12-29,Plant & Equipment Supply,,Supply and install feeder pillar including connections,nr,1.0,2974.67,Plant & Equipment Supply,2974.67
P002-LV,LV Reinforcement,Dublin,2025-12-29,Ducting & Cable Protection,,SUPPLY AND LAY 6no. 110mm HDPE duct in prepared trench including bedding,m,269.13,98.74,Ducting & Cable Protection,26573.9
P002-LV,LV Reinforcement,Dublin,2025-12-29,Traffic Management,,Preparation and approval of traffic management plan (Chapter 8),item,1.0,1036.01,Traffic Management,1036.01
P002-LV,LV Reinforcement,Dublin,2025-12-29,Traffic Management,,Provision of traffic management for footpath closure and pedestrian diversion,week,5.0,937.68,Traffic Management,4688.4
P002-LV,LV Reinforcement,Dublin,2025-12-29,Plant & Equipment Supply,,S&I 630kVA ground mounted transformer (as drawing),nr,3.0,25305.47,Plant & Equipment Supply,75916.41
P002-LV,LV Reinforcement,Dublin,2025-12-29,Ducting & Cable Protection,,S&I draw rope to existing duct,m,356.21,1.51,Ducting & Cable Protection,537.88
P002-LV,LV Reinforcement,Dublin,2025-12-29,Cabling & Terminations,,Fusion splice fibre optic cable including tray and closure,nr,13.0,61.83,Cabling & Terminations,803.79
P002-LV,LV Reinforcement,Dublin,2025-12-29,Preliminaries & Site Setup,,SITE SUPERVISION - SITE AGENT,week,6.0,2098.66,Preliminaries & Site Setup,12591.96
P002-LV,LV Reinforcement,Dublin,2025-12-29,Ducting & Cable Protection,,Horizontal directional drill 250mm bore inc. entry and exit pits,m,28.75,319.68,Ducting & Cable Protection,9190.8
P002-LV,LV Reinforcement,Dublin,2025-12-29,Cabling & Terminations,,"Earthing installation inc. rods, tape and connections",item,1.0,3076.34,Cabling & Terminations,3076.34
P002-LV,LV Reinforcement,Dublin,2025-12-29,Preliminaries & Site Setup,,Site supervision - site agent,week,5.0,1909.82,Preliminaries & Site Setup,9549.1
P002-LV,LV Reinforcement,Dublin,2025-12-29,Ducting & Cable Protection,,Horizontal directional drill 250mm bore incl. entry and exit pits,m,22.59,483.26,Ducting & Cable Protection,10916.84
P002-LV,LV Reinforcement,Dublin,2025-12-29,Excavation & Earthworks,,Excav. trench in existing carriageway including saw cutting and breaking out,m,230.51,96.93,Excavation & Earthworks,22343.33
P002-LV,LV Reinforcement,Dublin,2025-12-29,Cabling & Terminations,,Blow in fibre optic cable to existing subduct,m,1118.58,2.68,Cabling & Terminations,2997.79
P002-LV,LV Reinforcement,Dublin,2025-12-29,Excavation & Earthworks,,Supply and place imported granular fill Clause 804,m3,25.39,65.53,Excavation & Earthworks,1663.81
P002-LV,LV Reinforcement,Dublin,2025-12-29,Cabling & Terminations,,"EARTHING INSTALLATION INC. RODS, TAPE AND CONNECTIONS",item,1.0,1976.28,Cabling & Terminations,1976.28
P002-LV,LV Reinforcement,Dublin,2025-12-29,Traffic Management,,Preparation and approval of traffic management plan (Chapter 8),item,1.0,1079.78,Traffic Management,1079.78
P002-LV,LV Reinforcement,Dublin,2025-12-29,Plant & Equipment Supply,,Supply and erect 10m public lighting column with LED lantern,nr,6.0,2077.64,Plant & Equipment Supply,12465.84
P002-LV,LV Reinforcement,Dublin,2025-12-29,Preliminaries & Site Setup,,"Insurances, bonds and statutory notices",item,1.0,5452.95,Preliminaries & Site Setup,5452.95
P002-LV,LV Reinforcement,Dublin,2025-12-29,Cabling & Terminations,,Blow in fibre optic cable to existing subduct,m,923.76,4.9,Cabling & Terminations,4526.42
P002-LV,LV Reinforcement,Dublin,2025-12-29,Traffic Management,,Preparation and approval of traffic management plan (Chapter 8),item,1.0,990.94,Traffic Management,990.94
P002-LV,LV Reinforcement,Dublin,2025-12-29,Plant & Equipment Supply,,Supply and erect 6m public lighting column with LED lantern,nr,20.0,1380.27,Plant & Equipment Supply,27605.4
P002-LV,LV Reinforcement,Dublin,2025-12-29,Traffic Management,,ROAD CLOSURE LICENCE AND ADVANCE WARNING SIGNAGE,item,1.0,2252.79,Traffic Management,2252.79
P002-LV,LV Reinforcement,Dublin,2025-12-29,Ducting & Cable Protection,,Supply and install draw rope to existing duct,m,164.39,2.26,Ducting & Cable Protection,371.52
P002-LV,LV Reinforcement,Dublin,2025-12-29,Road Reinstatement & Surfacing,,Supply and lay precast concrete kerbing c/w haunching,m,48.17,60.26,Road Reinstatement & Surfacing,2902.72
P002-LV,LV Reinforcement,Dublin,2025-12-29,Excavation & Earthworks,,Disposal of surplus excavated material off site to licensed facility,m3,399.15,29.41,Excavation & Earthworks,11739.0
P002-LV,LV Reinforcement,Dublin,2025-12-29,Plant & Equipment Supply,,Supply and erect 10m public lighting column with LED lantern,nr,4.0,2977.8,Plant & Equipment Supply,11911.2
P002-LV,LV Reinforcement,Dublin,2025-12-29,Traffic Management,,Preparation and approval of traffic management plan (Chapter 8),item,1.0,757.27,Traffic Management,757.27
P002-LV,LV Reinforcement,Dublin,2025-12-29,Plant & Equipment Supply,,Supply and erect 10m public lighting column with LED lantern,nr,7.0,2627.5,Plant & Equipment Supply,18392.5
P002-LV,LV Reinforcement,Dublin,2025-12-29,Traffic Management,,Preparation and approval of traffic management plan (Chapter 8),item,1.0,584.23,Traffic Management,584.23
P002-LV,LV Reinforcement,Dublin,2025-12-29,Plant & Equipment Supply,,Supply and erect 6m public lighting column with LED lantern,nr,2.0,1364.28,Plant & Equipment Supply,2728.56
P002-LV,LV Reinforcement,Dublin,2025-12-29,Road Reinstatement & Surfacing,,Reinstate road markings to match existing,m,70.65,14.14,Road Reinstatement & Surfacing,998.99
P002-LV,LV Reinforcement,Dublin,2025-12-29,Excavation & Earthworks,,Supply and place imported granular fill Clause 804,m3,27.6,55.95,Excavation & Earthworks,1544.22
P002-LV,LV Reinforcement,Dublin,2025-12-29,Excavation & Earthworks,,Excavate trench in existing carriageway including saw cutting and breaking out,m,153.21,100.3,Excavation & Earthworks,15366.96
P002-LV,LV Reinforcement,Dublin,2025-12-29,Plant & Equipment Supply,,S&I feeder pillar c/w connections,nr,4.0,3154.02,Plant & Equipment Supply,12616.08
P002-LV,LV Reinforcement,Dublin,2025-12-29,Traffic Management,,Provision of traffic management with two-way portable signals,week,1.0,2933.52,Traffic Management,2933.52
P002-LV,LV Reinforcement,Dublin,2025-12-29,Cabling & Terminations,,Terminate MV cable into switchgear including testing (as drawing),nr,2.0,1518.09,Cabling & Terminations,3036.18
P002-LV,LV Reinforcement,Dublin,2025-12-29,Ducting & Cable Protection,,Supply and lay 110mm diameter twinwall duct incl. draw rope,m,196.8,18.32,Ducting & Cable Protection,3605.38
P002-LV,LV Reinforcement,Dublin,2025-12-29,Road Reinstatement & Surfacing,,Planing of existing bituminous surfacing 40mm,m2,269.0,8.21,Road Reinstatement & Surfacing,2208.49
P002-LV,LV Reinforcement,Dublin,2025-12-29,Excavation & Earthworks,,SUPPLY AND PLACE IMPORTED GRANULAR FILL CLAUSE 804,m3,112.25,51.55,Excavation & Earthworks,5786.49
P002-LV,LV Reinforcement,Dublin,2025-12-29,Cabling & Terminations,,Pull in LV service cable 25mm2 to dwelling c/w duct entry,m,118.34,14.58,Cabling & Terminations,1725.4
P002-LV,LV Reinforcement,Dublin,2025-12-29,Traffic Management,,Road closure licence and advance warning signage,item,1.0,935.24,Traffic Management,935.24
P002-LV,LV Reinforcement,Dublin,2025-12-29,Ducting & Cable Protection,,S&L 1no. 110mm HDPE duct in prepared trench including bedding,m,193.25,14.93,Ducting & Cable Protection,2885.22
P002-LV,LV Reinforcement,Dublin,2025-12-29,Cabling & Terminations,,SUPPLY AND PULL IN 95MM2 3 CORE XLPE MV CABLE C/W ALL FIXINGS,m,430.36,33.64,Cabling & Terminations,14477.31
P002-LV,LV Reinforcement,Dublin,2025-12-29,Traffic Management,,Preparation and approval of traffic management plan (Chapter 8),item,1.0,846.55,Traffic Management,846.55
P002-LV,LV Reinforcement,Dublin,2025-12-29,Traffic Management,,Road closure licence and advance warning signage,item,1.0,1592.17,Traffic Management,1592.17
P002-LV,LV Reinforcement,Dublin,2025-12-29,Road Reinstatement & Surfacing,,Permanent reinstatement of footpath in concrete flags to road opening licence standard,m2,587.21,77.55,Road Reinstatement & Surfacing,45538.14
P002-LV,LV Reinforcement,Dublin,2025-12-29,Cabling & Terminations,,Blow in fibre optic cable to existing subduct (as drawing),m,80.75,6.22,Cabling & Terminations,502.26
P002-LV,LV Reinforcement,Dublin,2025-12-29,Testing & Commissioning,,Testing and energisation of MV network including switching,item,1.0,4763.8,Testing & Commissioning,4763.8
P002-LV,LV Reinforcement,Dublin,2025-12-29,Excavation & Earthworks,,Supply and place imported granular fill Clause 804 (as drawing),m3,38.04,59.86,Excavation & Earthworks,2277.07
P002-LV,LV Reinforcement,Dublin,2025-12-29,Ducting & Cable Protection,,Concrete surround to ducts C20/25,m3,9.56,215.36,Ducting & Cable Protection,2058.84
P002-LV,LV Reinforcement,Dublin,2025-12-29,Cabling & Terminations,,Fusion splice fibre optic cable c/w tray and closure,nr,37.0,36.92,Cabling & Terminations,1366.04
P002-LV,LV Reinforcement,Dublin,2025-12-29,Traffic Management,,Preparation and approval of traffic management plan (Chapter 8) (as drawing),item,1.0,491.65,Traffic Management,491.65
P002-LV,LV Reinforcement,Dublin,2025-12-29,Cabling & Terminations,,Supply and pull in 300mm2 3 core XLPE MV cable including all fixings,m,657.09,72.82,Cabling & Terminations,47849.29
P002-LV,LV Reinforcement,Dublin,2025-12-29,Plant & Equipment Supply,,Supply and install feeder pillar incl. connections (as drawing),nr,4.0,3761.24,Plant & Equipment Supply,15044.96
P002-LV,LV Reinforcement,Dublin,2025-12-29,Cabling & Terminations,,Pull in LV service cable 25mm2 to dwelling including duct entry,m,141.31,19.84,Cabling & Terminations,2803.59
P002-LV,LV Reinforcement,Dublin,2025-12-29,Preliminaries & Site Setup,,"Insurances, bonds and statutory notices",item,1.0,5063.9,Preliminaries & Site Setup,5063.9
P002-LV,LV Reinforcement,Dublin,2025-12-29,Plant & Equipment Supply,,SUPPLY AND INSTALL 315KVA GROUND MOUNTED TRANSFORMER,nr,2.0,11562.55,Plant & Equipment Supply,23125.1
P002-LV,LV Reinforcement,Dublin,2025-12-29,Plant & Equipment Supply,,S&I feeder pillar including connections,nr,3.0,2462.12,Plant & Equipment Supply,7386.36
P002-LV,LV Reinforcement,Dublin,2025-12-29,Excavation & Earthworks,,Supply and place imported granular fill Clause 804 (as drawing),m3,54.86,68.34,Excavation & Earthworks,3749.13
P002-LV,LV Reinforcement,Dublin,2025-12-29,Plant & Equipment Supply,,Supply and install 630kVA ground mounted transformer,nr,1.0,27844.6,Plant & Equipment Supply,27844.6
P002-LV,LV Reinforcement,Dublin,2025-12-29,Traffic Management,,Preparation and approval of traffic management plan (Chapter 8),item,1.0,804.98,Traffic Management,804.98
P002-LV,LV Reinforcement,Dublin,2025-12-29,Road Reinstatement & Surfacing,,Permanent reinstatement of carriageway to road opening licence standard (as drawing),m2,262.92,92.73,Road Reinstatement & Surfacing,24380.57
P002-LV,LV Reinforcement,Dublin,2025-12-29,Ducting & Cable Protection,,Supply and install draw rope to existing duct (as drawing),m,446.57,1.65,Ducting & Cable Protection,736.84
P003-LV,LV Reinforcement,Dublin,2026-03-25,Excavation & Earthworks,,Supply and place imported granular fill Clause 804,m3,125.34,55.67,Excavation & Earthworks,6977.68
P003-LV,LV Reinforcement,Dublin,2026-03-25,Cabling & Terminations,,Terminate MV cable into switchgear including testing,nr,29.0,1279.91,Cabling & Terminations,37117.39
P003-LV,LV Reinforcement,Dublin,2026-03-25,Cabling & Terminations,,Fusion splice fibre optic cable including tray and closure,nr,117.0,49.55,Cabling & Terminations,5797.35
P003-LV,LV Reinforcement,Dublin,2026-03-25,Plant & Equipment Supply,,Supply and install feeder pillar c/w connections,nr,1.0,3227.76,Plant & Equipment Supply,3227.76
P003-LV,LV Reinforcement,Dublin,2026-03-25,Preliminaries & Site Setup,,"INSURANCES, BONDS AND STATUTORY NOTICES",item,1.0,3090.33,Preliminaries & Site Setup,3090.33
P003-LV,LV Reinforcement,Dublin,2026-03-25,Preliminaries & Site Setup,,"Insurances, bonds and statutory notices",item,1.0,2566.56,Preliminaries & Site Setup,2566.56
P003-LV,LV Reinforcement,Dublin,2026-03-25,Ducting & Cable Protection,,S&L 4no. 110mm HDPE duct in prepared trench including bedding,m,175.98,41.8,Ducting & Cable Protection,7355.96
P003-LV,LV Reinforcement,Dublin,2026-03-25,Traffic Management,,Provision of traffic management including stop/go operatives and signage,week,10.0,1673.49,Traffic Management,16734.9
P003-LV,LV Reinforcement,Dublin,2026-03-25,Cabling & Terminations,,TERMINATE MV CABLE INTO SWITCHGEAR INCL. TESTING,nr,5.0,1640.97,Cabling & Terminations,8204.85
P003-LV,LV Reinforcement,Dublin,2026-03-25,Excavation & Earthworks,,EXCAVATION IN ROCK INCLUDING BREAKING AND REMOVAL,m3,34.87,137.9,Excavation & Earthworks,4808.57
P003-LV,LV Reinforcement,Dublin,2026-03-25,Ducting & Cable Protection,,Supply and install draw rope to existing duct,m,526.98,2.74,Ducting & Cable Protection,1443.93
P003-LV,LV Reinforcement,Dublin,2026-03-25,Excavation & Earthworks,,Disposal of surplus excavated material off site to licensed facility,m3,96.25,41.42,Excavation & Earthworks,3986.68
P003-LV,LV Reinforcement,Dublin,2026-03-25,Plant & Equipment Supply,,Supply & install 630kVA ground mounted transformer,nr,2.0,21295.74,Plant & Equipment Supply,42591.48
P003-LV,LV Reinforcement,Dublin,2026-03-25,Cabling & Terminations,,Blow in fibre optic cable to existing subduct,m,2084.89,4.78,Cabling & Terminations,9965.77
P003-LV,LV Reinforcement,Dublin,2026-03-25,Road Reinstatement & Surfacing,,Permanent reinstatement of footpath in concrete flags to road opening licence standard,m2,189.09,89.07,Road Reinstatement & Surfacing,16842.25
P003-LV,LV Reinforcement,Dublin,2026-03-25,Plant & Equipment Supply,,Supply and install 400kVA ground mounted transformer,nr,2.0,18739.73,Plant & Equipment Supply,37479.46
P003-LV,LV Reinforcement,Dublin,2026-03-25,Testing & Commissioning,,Testing and energisation of MV network inc. switching,item,1.0,3312.52,Testing & Commissioning,3312.52
P003-LV,LV Reinforcement,Dublin,2026-03-25,Ducting & Cable Protection,,Concrete surround to ducts C20/25,m3,52.18,196.49,Ducting & Cable Protection,10252.85
P003-LV,LV Reinforcement,Dublin,2026-03-25,Ducting & Cable Protection,,S&I draw rope to existing duct,m,1081.32,1.59,Ducting & Cable Protection,1719.3
P003-LV,LV Reinforcement,Dublin,2026-03-25,Excavation & Earthworks,,Excavate trench 750mm wide x 1.2m deep in soft ground incl. support and backfill,m,378.14,30.4,Excavation & Earthworks,11495.46
P003-LV,LV Reinforcement,Dublin,2026-03-25,Cabling & Terminations,,Fusion splice fibre optic cable including tray and closure,nr,43.0,40.07,Cabling & Terminations,1723.01
P003-LV,LV Reinforcement,Dublin,2026-03-25,Ducting & Cable Protection,,Horizontal directional drill 180mm bore including entry and exit pits,m,33.91,228.95,Ducting & Cable Protection,7763.69
P003-LV,LV Reinforcement,Dublin,2026-03-25,Cabling & Terminations,,Straight joint to MV cable,nr,5.0,1161.64,Cabling & Terminations,5808.2
P003-LV,LV Reinforcement,Dublin,2026-03-25,Testing & Commissioning,,Testing and energisation of MV network including switching,item,1.0,2783.73,Testing & Commissioning,2783.73
P003-LV,LV Reinforcement,Dublin,2026-03-25,Road Reinstatement & Surfacing,,Supply and lay 40mm SMA surface course (as drawing),m2,228.64,32.62,Road Reinstatement & Surfacing,7458.24
P003-LV,LV Reinforcement,Dublin,2026-03-25,Cabling & Terminations,,FUSION SPLICE FIBRE OPTIC CABLE INCL. TRAY AND CLOSURE (as drawing),nr,112.0,39.33,Cabling & Terminations,4404.96
P003-LV,LV Reinforcement,Dublin,2026-03-25,Cabling & Terminations,,BLOW IN FIBRE OPTIC CABLE TO EXISTING SUBDUCT,m,2288.65,3.59,Cabling & Terminations,8216.25
P003-LV,LV Reinforcement,Dublin,2026-03-25,Road Reinstatement & Surfacing,,REINSTATE ROAD MARKINGS TO MATCH EXISTING,m,126.66,7.54,Road Reinstatement & Surfacing,955.02
P003-LV,LV Reinforcement,Dublin,2026-03-25,Cabling & Terminations,,SUPPLY AND PULL IN 95MM2 3 CORE XLPE MV CABLE INCLUDING ALL FIXINGS,m,885.82,26.7,Cabling & Terminations,23651.39
P003-LV,LV Reinforcement,Dublin,2026-03-25,Excavation & Earthworks,,Excavate trench in existing carriageway including saw cutting and breaking out,m,92.51,57.47,Excavation & Earthworks,5316.55
P003-LV,LV Reinforcement,Dublin,2026-03-25,Road Reinstatement & Surfacing,,Permanent reinstatement of footpath in concrete flags to road opening licence standard,m2,268.05,80.61,Road Reinstatement & Surfacing,21607.51
P003-LV,LV Reinforcement,Dublin,2026-03-25,Preliminaries & Site Setup,,"INSURANCES, BONDS AND STATUTORY NOTICES",item,1.0,3839.4,Preliminaries & Site Setup,3839.4
P003-LV,LV Reinforcement,Dublin,2026-03-25,Traffic Management,,Provision of traffic management with two-way portable signals (as drawing),week,4.0,3061.23,Traffic Management,12244.92
P003-LV,LV Reinforcement,Dublin,2026-03-25,Excavation & Earthworks,,Trench support to deep excavation using proprietary shoring,m,82.25,50.33,Excavation & Earthworks,4139.64
P003-LV,LV Reinforcement,Dublin,2026-03-25,Ducting & Cable Protection,,Horizontal directional drill 250mm bore including entry and exit pits,m,57.12,346.84,Ducting & Cable Protection,19811.5
P003-LV,LV Reinforcement,Dublin,2026-03-25,Excavation & Earthworks,,EXC. TRENCH IN EXISTING CARRIAGEWAY INCLUDING SAW CUTTING AND BREAKING OUT,m,479.03,64.28,Excavation & Earthworks,30792.05
P003-LV,LV Reinforcement,Dublin,2026-03-25,Ducting & Cable Protection,,Supply and lay 1no. 110mm HDPE duct in prepared trench including bedding,m,519.11,16.38,Ducting & Cable Protection,8503.02
P003-LV,LV Reinforcement,Dublin,2026-03-25,Traffic Management,,Road closure licence and advance warning signage,item,1.0,2050.57,Traffic Management,2050.57
P003-LV,LV Reinforcement,Dublin,2026-03-25,Cabling & Terminations,,Blow in fibre optic cable to existing subduct,m,2652.43,5.4,Cabling & Terminations,14323.12
P003-LV,LV Reinforcement,Dublin,2026-03-25,Road Reinstatement & Surfacing,,S&L 40MM SMA SURFACE COURSE,m2,313.67,25.98,Road Reinstatement & Surfacing,8149.15
P003-LV,LV Reinforcement,Dublin,2026-03-25,Ducting & Cable Protection,,SUPPLY AND LAY cable protection tiles and marker tape,m,635.85,5.05,Ducting & Cable Protection,3211.04
P003-LV,LV Reinforcement,Dublin,2026-03-25,Ducting & Cable Protection,,Supply and lay 225mm diameter twinwall duct inc. draw rope,m,1438.89,26.43,Ducting & Cable Protection,38029.86
P003-LV,LV Reinforcement,Dublin,2026-03-25,Preliminaries & Site Setup,,Mobilisation and demobilisation of plant to site,item,1.0,4380.96,Preliminaries & Site Setup,4380.96
P003-LV,LV Reinforcement,Dublin,2026-03-25,Cabling & Terminations,,SUPPLY AND PULL IN 185MM2 3 CORE XLPE MV CABLE INCLUDING ALL FIXINGS,m,168.05,60.19,Cabling & Terminations,10114.93
P003-LV,LV Reinforcement,Dublin,2026-03-25,Preliminaries & Site Setup,,Site supervision - ganger,week,6.0,1141.4,Preliminaries & Site Setup,6848.4
P003-LV,LV Reinforcement,Dublin,2026-03-25,Preliminaries & Site Setup,,"Insurances, bonds and statutory notices",item,1.0,4918.01,Preliminaries & Site Setup,4918.01
P003-LV,LV Reinforcement,Dublin,2026-03-25,Excavation & Earthworks,,Disposal of surplus excavated material off site to licensed facility,m3,679.89,34.39,Excavation & Earthworks,23381.42
P003-LV,LV Reinforcement,Dublin,2026-03-25,Cabling & Terminations,,Supply and pull in 95mm2 3 core XLPE MV cable inc. all fixings,m,297.23,38.97,Cabling & Terminations,11583.05
P003-LV,LV Reinforcement,Dublin,2026-03-25,Cabling & Terminations,,"Earthing installation including rods, tape and connections",item,1.0,3315.65,Cabling & Terminations,3315.65
P003-LV,LV Reinforcement,Dublin,2026-03-25,Plant & Equipment Supply,,Supply and install feeder pillar inc. connections,nr,3.0,1893.84,Plant & Equipment Supply,5681.52
P003-LV,LV Reinforcement,Dublin,2026-03-25,Cabling & Terminations,,Supply and pull in 300mm2 3 core XLPE MV cable including all fixings (as drawing),m,544.73,51.46,Cabling & Terminations,28031.81
P003-LV,LV Reinforcement,Dublin,2026-03-25,Cabling & Terminations,,Straight joint to MV cable,nr,2.0,1996.18,Cabling & Terminations,3992.36
P003-LV,LV Reinforcement,Dublin,2026-03-25,Traffic Management,,Preparation and approval of traffic management plan (Chapter 8),item,1.0,780.99,Traffic Management,780.99
P003-LV,LV Reinforcement,Dublin,2026-03-25,Ducting & Cable Protection,,Concrete surround to ducts C20/25,m3,31.17,169.69,Ducting & Cable Protection,5289.24
P003-LV,LV Reinforcement,Dublin,2026-03-25,Road Reinstatement & Surfacing,,Supply and lay 30mm AC10 surface course,m2,85.3,25.68,Road Reinstatement & Surfacing,2190.5
P004-SUBSTATION,Substation Civils,Connacht,2024-11-17,Preliminaries & Site Setup,,Mobilisation and demobilisation of plant to site,item,1.0,2640.13,Preliminaries & Site Setup,2640.13
P004-SUBSTATION,Substation Civils,Connacht,2024-11-17,Excavation & Earthworks,,Dewatering of excavations including pumps and settlement tank,week,2.0,535.28,Excavation & Earthworks,1070.56
P004-SUBSTATION,Substation Civils,Connacht,2024-11-17,Ducting & Cable Protection,,S&I DRAW ROPE TO EXISTING DUCT,m,649.76,1.81,Ducting & Cable Protection,1176.07
P004-SUBSTATION,Substation Civils,Connacht,2024-11-17,Excavation & Earthworks,,Trench support to deep excavation using proprietary shoring,m,21.52,31.48,Excavation & Earthworks,677.45
P004-SUBSTATION,Substation Civils,Connacht,2024-11-17,Concrete & Structures,,Construct reinforced concrete plinth to substation unit,nr,1.0,2748.86,Concrete & Structures,2748.86
P004-SUBSTATION,Substation Civils,Connacht,2024-11-17,Cabling & Terminations,,Straight joint to MV cable,nr,2.0,1362.0,Cabling & Terminations,2724.0
P004-SUBSTATION,Substation Civils,Connacht,2024-11-17,Concrete & Structures,,Supply and fix A252 mesh reinforcement,m2,45.33,10.66,Concrete & Structures,483.22
P004-SUBSTATION,Substation Civils,Connacht,2024-11-17,Landscaping & Site Finishes,,SUPPLY AND PLACE TOPSOIL AND SEED TO VERGES,m2,1795.58,4.85,Landscaping & Site Finishes,8708.56
P004-SUBSTATION,Substation Civils,Connacht,2024-11-17,Landscaping & Site Finishes,,Site clearance inc. removal of vegetation and debris,m2,349.39,3.62,Landscaping & Site Finishes,1264.79
P004-SUBSTATION,Substation Civils,Connacht,2024-11-17,Concrete & Structures,,Blockwork wall 215mm including fair face and capping,m2,20.46,90.78,Concrete & Structures,1857.36
P004-SUBSTATION,Substation Civils,Connacht,2024-11-17,Cabling & Terminations,,Pull in LV service cable 95mm2 to dwelling inc. duct entry,m,167.7,22.13,Cabling & Terminations,3711.2
P004-SUBSTATION,Substation Civils,Connacht,2024-11-17,Landscaping & Site Finishes,,Supply and place topsoil and seed to verges,m2,84.69,12.51,Landscaping & Site Finishes,1059.47
P004-SUBSTATION,Substation Civils,Connacht,2024-11-17,Preliminaries & Site Setup,,"INSURANCES, BONDS AND STATUTORY NOTICES",item,1.0,3091.3,Preliminaries & Site Setup,3091.3
P004-SUBSTATION,Substation Civils,Connacht,2024-11-17,Ducting & Cable Protection,,Supply and lay cable protection tiles and marker tape,m,49.15,3.88,Ducting & Cable Protection,190.7
P004-SUBSTATION,Substation Civils,Connacht,2024-11-17,Cabling & Terminations,,Fusion splice fibre optic cable including tray and closure,nr,30.0,35.72,Cabling & Terminations,1071.6
P004-SUBSTATION,Substation Civils,Connacht,2024-11-17,Excavation & Earthworks,,Disposal of surplus excavated material off site to licensed facility,m3,169.84,34.74,Excavation & Earthworks,5900.24
P004-SUBSTATION,Substation Civils,Connacht,2024-11-17,Landscaping & Site Finishes,,Supply and place topsoil and seed to verges,m2,95.81,8.84,Landscaping & Site Finishes,846.96
P004-SUBSTATION,Substation Civils,Connacht,2024-11-17,Preliminaries & Site Setup,,"Site set up, welfare unit and secure compound",week,3.0,766.05,Preliminaries & Site Setup,2298.15
P004-SUBSTATION,Substation Civils,Connacht,2024-11-17,Plant & Equipment Supply,,Supply and install 400kVA ground mounted transformer,nr,1.0,9989.58,Plant & Equipment Supply,9989.58
P004-SUBSTATION,Substation Civils,Connacht,2024-11-17,Professional Services & Surveys,,Preparation of as-built drawings and safety file,item,1.0,1105.16,Professional Services & Surveys,1105.16
P004-SUBSTATION,Substation Civils,Connacht,2024-11-17,Ducting & Cable Protection,,Supply and lay 4no. 110mm HDPE duct in prepared trench inc. bedding,m,31.36,41.93,Ducting & Cable Protection,1314.92
P004-SUBSTATION,Substation Civils,Connacht,2024-11-17,Preliminaries & Site Setup,,Mobilisation and demobilisation of plant to site,item,1.0,2861.89,Preliminaries & Site Setup,2861.89
P004-SUBSTATION,Substation Civils,Connacht,2024-11-17,Professional Services & Surveys,,Preparation of as-built drawings and safety file (as drawing),item,1.0,1167.35,Professional Services & Surveys,1167.35
P004-SUBSTATION,Substation Civils,Connacht,2024-11-17,Professional Services & Surveys,,Topographical survey and setting out of works,day,6.0,844.02,Professional Services & Surveys,5064.12
P004-SUBSTATION,Substation Civils,Connacht,2024-11-17,Cabling & Terminations,,Fusion splice fibre optic cable including tray and closure,nr,27.0,31.62,Cabling & Terminations,853.74
P004-SUBSTATION,Substation Civils,Connacht,2024-11-17,Excavation & Earthworks,,Excavation in rock including breaking and removal,m3,8.65,116.36,Excavation & Earthworks,1006.51
P004-SUBSTATION,Substation Civils,Connacht,2024-11-17,Preliminaries & Site Setup,,SITE SUPERVISION - SITE AGENT,week,4.0,1856.87,Preliminaries & Site Setup,7427.48
P004-SUBSTATION,Substation Civils,Connacht,2024-11-17,Cabling & Terminations,,SUPPLY AND PULL IN 95MM2 3 CORE XLPE MV CABLE INCLUDING ALL FIXINGS,m,63.26,24.52,Cabling & Terminations,1551.14
P004-SUBSTATION,Substation Civils,Connacht,2024-11-17,Ducting & Cable Protection,,Supply & install draw rope to existing duct,m,758.77,1.53,Ducting & Cable Protection,1160.92
P004-SUBSTATION,Substation Civils,Connacht,2024-11-17,Professional Services & Surveys,,Utility detection survey and slit trenching prior to excavation,nr,10.0,421.42,Professional Services & Surveys,4214.2
P004-SUBSTATION,Substation Civils,Connacht,2024-11-17,Professional Services & Surveys,,Topographical survey and setting out of works (as drawing),day,4.0,480.89,Professional Services & Surveys,1923.56
P004-SUBSTATION,Substation Civils,Connacht,2024-11-17,Concrete & Structures,,Construct reinforced concrete plinth to substation unit,nr,2.0,3220.62,Concrete & Structures,6441.24
P004-SUBSTATION,Substation Civils,Connacht,2024-11-17,Ducting & Cable Protection,,Supply and install draw rope to existing duct,m,1096.32,1.17,Ducting & Cable Protection,1282.69
P004-SUBSTATION,Substation Civils,Connacht,2024-11-17,Excavation & Earthworks,,Trench support to deep excavation using proprietary shoring,m,17.38,44.03,Excavation & Earthworks,765.24
P004-SUBSTATION,Substation Civils,Connacht,2024-11-17,Plant & Equipment Supply,,Supply and install feeder pillar including connections,nr,2.0,2248.31,Plant & Equipment Supply,4496.62
P004-SUBSTATION,Substation Civils,Connacht,2024-11-17,Ducting & Cable Protection,,Supply and lay 160mm dia twinwall duct including draw rope,m,239.55,21.99,Ducting & Cable Protection,5267.7
P004-SUBSTATION,Substation Civils,Connacht,2024-11-17,Preliminaries & Site Setup,,Temporary fencing and site security hoarding,m,77.11,38.28,Preliminaries & Site Setup,2951.77
P004-SUBSTATION,Substation Civils,Connacht,2024-11-17,Concrete & Structures,,Supply and fix A393 mesh reinforcement,m2,162.94,13.65,Concrete & Structures,2224.13
P004-SUBSTATION,Substation Civils,Connacht,2024-11-17,Concrete & Structures,,Supply and place C25/30 concrete to foundations,m3,22.81,133.35,Concrete & Structures,3041.71
P004-SUBSTATION,Substation Civils,Connacht,2024-11-17,Cabling & Terminations,,Blow in fibre optic cable to existing subduct,m,305.7,5.06,Cabling & Terminations,1546.84
P004-SUBSTATION,Substation Civils,Connacht,2024-11-17,Ducting & Cable Protection,,Concrete surround to ducts C20/25,m3,13.29,163.5,Ducting & Cable Protection,2172.92
P004-SUBSTATION,Substation Civils,Connacht,2024-11-17,Excavation & Earthworks,,Supply and place imported granular fill Clause 804,m3,418.44,30.04,Excavation & Earthworks,12569.94
P004-SUBSTATION,Substation Civils,Connacht,2024-11-17,Ducting & Cable Protection,,Supply and lay cable protection tiles and marker tape,m,600.76,2.2,Ducting & Cable Protection,1321.67
P004-SUBSTATION,Substation Civils,Connacht,2024-11-17,Ducting & Cable Protection,,Concrete surround to ducts C20/25,m3,18.76,94.2,Ducting & Cable Protection,1767.19
P004-SUBSTATION,Substation Civils,Connacht,2024-11-17,Excavation & Earthworks,,Excavate trench 600mm wide x 1.0m deep in soft ground c/w support and backfill,m,999.91,22.13,Excavation & Earthworks,22128.01
P004-SUBSTATION,Substation Civils,Connacht,2024-11-17,Preliminaries & Site Setup,,Temporary fencing and site security hoarding,m,558.69,33.95,Preliminaries & Site Setup,18967.53
P004-SUBSTATION,Substation Civils,Connacht,2024-11-17,Excavation & Earthworks,,Trench support to deep excavation using proprietary shoring,m,13.87,39.8,Excavation & Earthworks,552.03
P004-SUBSTATION,Substation Civils,Connacht,2024-11-17,Concrete & Structures,,Supply & fix A142 mesh reinforcement,m2,32.27,10.93,Concrete & Structures,352.71
P004-SUBSTATION,Substation Civils,Connacht,2024-11-17,Excavation & Earthworks,,Excavate trench 900mm wide x 1.5m deep in soft ground including support and backfill,m,45.14,52.78,Excavation & Earthworks,2382.49
P004-SUBSTATION,Substation Civils,Connacht,2024-11-17,Excavation & Earthworks,,Supply and place imported granular fill Clause 804,m3,223.52,41.27,Excavation & Earthworks,9224.67
P004-SUBSTATION,Substation Civils,Connacht,2024-11-17,Concrete & Structures,,Supply and fix A142 mesh reinforcement,m2,139.32,10.21,Concrete & Structures,1422.46
P004-SUBSTATION,Substation Civils,Connacht,2024-11-17,Plant & Equipment Supply,,S&I feeder pillar including connections,nr,3.0,1422.2,Plant & Equipment Supply,4266.6
P004-SUBSTATION,Substation Civils,Connacht,2024-11-17,Landscaping & Site Finishes,,Supply and erect post and rail fencing to boundary,m,58.06,43.94,Landscaping & Site Finishes,2551.16
P004-SUBSTATION,Substation Civils,Connacht,2024-11-17,Preliminaries & Site Setup,,"Insurances, bonds and statutory notices",item,1.0,5109.16,Preliminaries & Site Setup,5109.16
P004-SUBSTATION,Substation Civils,Connacht,2024-11-17,Excavation & Earthworks,,Supply and place imported granular fill Clause 804,m3,172.79,38.51,Excavation & Earthworks,6654.14
P004-SUBSTATION,Substation Civils,Connacht,2024-11-17,Plant & Equipment Supply,,Supply and erect 10m public lighting column with LED lantern,nr,3.0,2254.07,Plant & Equipment Supply,6762.21
P004-SUBSTATION,Substation Civils,Connacht,2024-11-17,Professional Services & Surveys,,Topographical survey and setting out of works,day,1.0,703.88,Professional Services & Surveys,703.88
P004-SUBSTATION,Substation Civils,Connacht,2024-11-17,Professional Services & Surveys,,Preparation of as-built drawings and safety file,item,1.0,1062.54,Professional Services & Surveys,1062.54
P004-SUBSTATION,Substation Civils,Connacht,2024-11-17,Plant & Equipment Supply,,Supply & install 400kVA ground mounted transformer,nr,1.0,15811.08,Plant & Equipment Supply,15811.08
P004-SUBSTATION,Substation Civils,Connacht,2024-11-17,Excavation & Earthworks,,Excavation in rock including breaking and removal,m3,9.93,124.43,Excavation & Earthworks,1235.59
P004-SUBSTATION,Substation Civils,Connacht,2024-11-17,Plant & Equipment Supply,,S&I 630KVA GROUND MOUNTED TRANSFORMER,nr,1.0,15573.48,Plant & Equipment Supply,15573.48
P004-SUBSTATION,Substation Civils,Connacht,2024-11-17,Ducting & Cable Protection,,Supply and lay cable protection tiles and marker tape,m,389.32,3.45,Ducting & Cable Protection,1343.15
P004-SUBSTATION,Substation Civils,Connacht,2024-11-17,Professional Services & Surveys,,Preparation of as-built drawings and safety file,item,1.0,967.98,Professional Services & Surveys,967.98
P004-SUBSTATION,Substation Civils,Connacht,2024-11-17,Plant & Equipment Supply,,Supply and install feeder pillar incl. connections,nr,1.0,1757.88,Plant & Equipment Supply,1757.88
P004-SUBSTATION,Substation Civils,Connacht,2024-11-17,Cabling & Terminations,,SUPPLY AND PULL IN 300MM2 3 CORE XLPE MV CABLE INCLUDING ALL FIXINGS,m,62.31,78.7,Cabling & Terminations,4903.8
P004-SUBSTATION,Substation Civils,Connacht,2024-11-17,Concrete & Structures,,Construct reinforced concrete plinth to substation unit,nr,1.0,3733.63,Concrete & Structures,3733.63
P004-SUBSTATION,Substation Civils,Connacht,2024-11-17,Excavation & Earthworks,,Excavate trench in existing carriageway including saw cutting and breaking out,m,358.18,43.19,Excavation & Earthworks,15469.79
P004-SUBSTATION,Substation Civils,Connacht,2024-11-17,Plant & Equipment Supply,,SUPPLY AND INSTALL FEEDER PILLAR INCLUDING CONNECTIONS,nr,1.0,2360.57,Plant & Equipment Supply,2360.57
P004-SUBSTATION,Substation Civils,Connacht,2024-11-17,Landscaping & Site Finishes,,Site clearance including removal of vegetation and debris (as drawing),m2,271.73,5.34,Landscaping & Site Finishes,1451.04
P004-SUBSTATION,Substation Civils,Connacht,2024-11-17,Preliminaries & Site Setup,,Site supervision - ganger,week,5.0,1239.98,Preliminaries & Site Setup,6199.9
P004-SUBSTATION,Substation Civils,Connacht,2024-11-17,Excavation & Earthworks,,TRENCH SUPPORT TO DEEP EXCAVATION USING PROPRIETARY SHORING,m,19.49,32.09,Excavation & Earthworks,625.43
P004-SUBSTATION,Substation Civils,Connacht,2024-11-17,Excavation & Earthworks,,EXCAVATE TRENCH IN EXISTING CARRIAGEWAY INCLUDING SAW CUTTING AND BREAKING OUT,m,101.9,33.23,Excavation & Earthworks,3386.14
P004-SUBSTATION,Substation Civils,Connacht,2024-11-17,Plant & Equipment Supply,,Supply and install 315kVA ground mounted transformer,nr,1.0,13133.11,Plant & Equipment Supply,13133.11
P004-SUBSTATION,Substation Civils,Connacht,2024-11-17,Excavation & Earthworks,,Supply and place imported granular fill Clause 804,m3,143.62,51.02,Excavation & Earthworks,7327.49
P004-SUBSTATION,Substation Civils,Connacht,2024-11-17,Excavation & Earthworks,,Excavate trench 750mm wide x 1.2m deep in soft ground c/w support and backfill,m,225.0,36.54,Excavation & Earthworks,8221.5
P004-SUBSTATION,Substation Civils,Connacht,2024-11-17,Excavation & Earthworks,,Dewatering of excavations including pumps and settlement tank,week,2.0,728.31,Excavation & Earthworks,1456.62
P004-SUBSTATION,Substation Civils,Connacht,2024-11-17,Excavation & Earthworks,,Trench support to deep excavation using proprietary shoring,m,620.34,19.78,Excavation & Earthworks,12270.33
P005-FOUL,Foul Drainage Upgrade,Ulster,2026-05-17,Traffic Management,,Road closure licence and advance warning signage,item,1.0,1024.92,Traffic Management,1024.92
P005-FOUL,Foul Drainage Upgrade,Ulster,2026-05-17,Professional Services & Surveys,,Preparation of as-built drawings and safety file,item,1.0,1486.94,Professional Services & Surveys,1486.94
P005-FOUL,Foul Drainage Upgrade,Ulster,2026-05-17,Excavation & Earthworks,,Excavate trench in existing carriageway inc. saw cutting and breaking out (as drawing),m,47.44,44.53,Excavation & Earthworks,2112.5
P005-FOUL,Foul Drainage Upgrade,Ulster,2026-05-17,Traffic Management,,Provision of traffic management incl. stop/go operatives and signage,week,11.0,1726.56,Traffic Management,18992.16
P005-FOUL,Foul Drainage Upgrade,Ulster,2026-05-17,Testing & Commissioning,,Insulation resistance and continuity testing of installed cable,nr,4.0,376.67,Testing & Commissioning,1506.68
P005-FOUL,Foul Drainage Upgrade,Ulster,2026-05-17,Excavation & Earthworks,,Excavation in rock inc. breaking and removal,m3,44.65,127.98,Excavation & Earthworks,5714.31
P005-FOUL,Foul Drainage Upgrade,Ulster,2026-05-17,Excavation & Earthworks,,Dewatering of excavations including pumps and settlement tank,week,2.0,1040.18,Excavation & Earthworks,2080.36
P005-FOUL,Foul Drainage Upgrade,Ulster,2026-05-17,Road Reinstatement & Surfacing,,Supply and lay 40mm SMA surface course,m2,229.12,27.88,Road Reinstatement & Surfacing,6387.87
P005-FOUL,Foul Drainage Upgrade,Ulster,2026-05-17,Drainage,,Supply and install road gully including connection to sewer,nr,6.0,551.35,Drainage,3308.1
P005-FOUL,Foul Drainage Upgrade,Ulster,2026-05-17,Traffic Management,,Provision of traffic management for footpath closure and pedestrian diversion,week,3.0,963.48,Traffic Management,2890.44
P005-FOUL,Foul Drainage Upgrade,Ulster,2026-05-17,Drainage,,CCTV survey of completed drainage including report,m,443.13,3.73,Drainage,1652.87
P005-FOUL,Foul Drainage Upgrade,Ulster,2026-05-17,Road Reinstatement & Surfacing,,Supply and lay precast concrete kerbing including haunching,m,33.87,46.27,Road Reinstatement & Surfacing,1567.16
P005-FOUL,Foul Drainage Upgrade,Ulster,2026-05-17,Road Reinstatement & Surfacing,,Reinstate road markings to match existing,m,137.85,10.72,Road Reinstatement & Surfacing,1477.75
P005-FOUL,Foul Drainage Upgrade,Ulster,2026-05-17,Drainage,,Supply & lay 225mm dia uPVC sewer pipe c/w bedding and surround (as drawing),m,204.32,57.87,Drainage,11824.0
P005-FOUL,Foul Drainage Upgrade,Ulster,2026-05-17,Road Reinstatement & Surfacing,,Supply & lay precast concrete kerbing including haunching,m,57.65,82.11,Road Reinstatement & Surfacing,4733.64
P005-FOUL,Foul Drainage Upgrade,Ulster,2026-05-17,Drainage,,SUPPLY AND LAY 450MM DIAMETER UPVC SEWER PIPE INCLUDING BEDDING AND SURROUND,m,111.93,203.75,Drainage,22805.74
P005-FOUL,Foul Drainage Upgrade,Ulster,2026-05-17,Excavation & Earthworks,,Supply and place imported granular fill Clause 804,m3,96.09,56.13,Excavation & Earthworks,5393.53
P005-FOUL,Foul Drainage Upgrade,Ulster,2026-05-17,Excavation & Earthworks,,DEWATERING OF EXCAVATIONS C/W PUMPS AND SETTLEMENT TANK,week,3.0,844.51,Excavation & Earthworks,2533.53
P005-FOUL,Foul Drainage Upgrade,Ulster,2026-05-17,Preliminaries & Site Setup,,"Insurances, bonds and statutory notices",item,1.0,3834.21,Preliminaries & Site Setup,3834.21
P005-FOUL,Foul Drainage Upgrade,Ulster,2026-05-17,Traffic Management,,PROVISION OF TRAFFIC MANAGEMENT C/W STOP/GO OPERATIVES AND SIGNAGE,week,13.0,1667.63,Traffic Management,21679.19
P005-FOUL,Foul Drainage Upgrade,Ulster,2026-05-17,Preliminaries & Site Setup,,Temporary fencing and site security hoarding,m,37.44,34.89,Preliminaries & Site Setup,1306.28
P005-FOUL,Foul Drainage Upgrade,Ulster,2026-05-17,Drainage,,Construct precast concrete manhole 1050mm dia. 1.5-2.0m deep inc. cover and frame,nr,1.0,2232.49,Drainage,2232.49
P005-FOUL,Foul Drainage Upgrade,Ulster,2026-05-17,Road Reinstatement & Surfacing,,Reinstate road markings to match existing,m,121.81,11.33,Road Reinstatement & Surfacing,1380.11
P005-FOUL,Foul Drainage Upgrade,Ulster,2026-05-17,Professional Services & Surveys,,Utility detection survey and slit trenching prior to excavation,nr,4.0,474.46,Professional Services & Surveys,1897.84
P005-FOUL,Foul Drainage Upgrade,Ulster,2026-05-17,Drainage,,Supply and install road gully including connection to sewer,nr,17.0,588.33,Drainage,10001.61
P005-FOUL,Foul Drainage Upgrade,Ulster,2026-05-17,Concrete & Structures,,CONSTRUCT REINFORCED CONCRETE PLINTH TO SUBSTATION UNIT,nr,4.0,4005.95,Concrete & Structures,16023.8
P005-FOUL,Foul Drainage Upgrade,Ulster,2026-05-17,Testing & Commissioning,,Testing and energisation of MV network including switching,item,1.0,2704.61,Testing & Commissioning,2704.61
P005-FOUL,Foul Drainage Upgrade,Ulster,2026-05-17,Drainage,,CCTV SURVEY OF COMPLETED DRAINAGE INCLUDING REPORT,m,82.61,4.88,Drainage,403.14
P005-FOUL,Foul Drainage Upgrade,Ulster,2026-05-17,Road Reinstatement & Surfacing,,Supply and lay 40mm SMA surface course,m2,593.05,21.62,Road Reinstatement & Surfacing,12821.74
P005-FOUL,Foul Drainage Upgrade,Ulster,2026-05-17,Excavation & Earthworks,,Excavate trench in existing carriageway including saw cutting and breaking out,m,103.99,43.23,Excavation & Earthworks,4495.49
P005-FOUL,Foul Drainage Upgrade,Ulster,2026-05-17,Drainage,,CCTV survey of completed drainage including report,m,471.36,5.33,Drainage,2512.35
P005-FOUL,Foul Drainage Upgrade,Ulster,2026-05-17,Testing & Commissioning,,"Pressure testing, swabbing and disinfection of new watermain (as drawing)",m,50.19,3.85,Testing & Commissioning,193.23
P005-FOUL,Foul Drainage Upgrade,Ulster,2026-05-17,Drainage,,CONSTRUCT PRECAST CONCRETE MANHOLE 1500MM DIA. 3.0-4.0M DEEP INCLUDING COVER AND FRAME,nr,5.0,8775.55,Drainage,43877.75
P005-FOUL,Foul Drainage Upgrade,Ulster,2026-05-17,Testing & Commissioning,,Testing and energisation of MV network including switching,item,1.0,1975.31,Testing & Commissioning,1975.31
P005-FOUL,Foul Drainage Upgrade,Ulster,2026-05-17,Excavation & Earthworks,,Disposal of surplus excavated material off site to licensed facility,m3,83.16,44.95,Excavation & Earthworks,3738.04
P005-FOUL,Foul Drainage Upgrade,Ulster,2026-05-17,Testing & Commissioning,,Testing and energisation of MV network inc. switching,item,1.0,2787.07,Testing & Commissioning,2787.07
P005-FOUL,Foul Drainage Upgrade,Ulster,2026-05-17,Excavation & Earthworks,,Supply and place imported granular fill Clause 804,m3,248.81,43.47,Excavation & Earthworks,10815.77
P005-FOUL,Foul Drainage Upgrade,Ulster,2026-05-17,Drainage,,Supply and lay 300mm diameter uPVC sewer pipe including bedding and surround,m,66.75,108.75,Drainage,7259.06
P005-FOUL,Foul Drainage Upgrade,Ulster,2026-05-17,Drainage,,Construct precast concrete manhole 1050mm dia. 1.5-2.0m deep including cover and frame (as drawing),nr,1.0,3874.11,Drainage,3874.11
P005-FOUL,Foul Drainage Upgrade,Ulster,2026-05-17,Excavation & Earthworks,,Dewatering of excavations including pumps and settlement tank,week,2.0,1253.8,Excavation & Earthworks,2507.6
P005-FOUL,Foul Drainage Upgrade,Ulster,2026-05-17,Preliminaries & Site Setup,,Temporary fencing and site security hoarding,m,348.16,35.82,Preliminaries & Site Setup,12471.09
P005-FOUL,Foul Drainage Upgrade,Ulster,2026-05-17,Excavation & Earthworks,,Excavation in rock including breaking and removal,m3,33.13,106.09,Excavation & Earthworks,3514.76
P005-FOUL,Foul Drainage Upgrade,Ulster,2026-05-17,Road Reinstatement & Surfacing,,Planing of existing bituminous surfacing 40mm,m2,165.41,7.43,Road Reinstatement & Surfacing,1229.0
P005-FOUL,Foul Drainage Upgrade,Ulster,2026-05-17,Road Reinstatement & Surfacing,,Permanent reinstatement of carriageway to road opening licence standard,m2,34.3,76.62,Road Reinstatement & Surfacing,2628.07
P005-FOUL,Foul Drainage Upgrade,Ulster,2026-05-17,Road Reinstatement & Surfacing,,Permanent reinstatement of footpath in bitmac to road opening licence standard,m2,365.93,52.99,Road Reinstatement & Surfacing,19390.63
P005-FOUL,Foul Drainage Upgrade,Ulster,2026-05-17,Preliminaries & Site Setup,,"Site set up, welfare unit and secure compound",week,7.0,798.81,Preliminaries & Site Setup,5591.67
P005-FOUL,Foul Drainage Upgrade,Ulster,2026-05-17,Drainage,,S&I road gully inc. connection to sewer,nr,9.0,740.26,Drainage,6662.34
P005-FOUL,Foul Drainage Upgrade,Ulster,2026-05-17,Traffic Management,,Road closure licence and advance warning signage,item,1.0,1367.1,Traffic Management,1367.1
P005-FOUL,Foul Drainage Upgrade,Ulster,2026-05-17,Testing & Commissioning,,Insulation resistance and continuity testing of installed cable,nr,4.0,353.83,Testing & Commissioning,1415.32
P006-FIBRE,Fibre Duct Network,Leinster,2023-11-04,Preliminaries & Site Setup,,Mobilisation and demobilisation of plant to site,item,1.0,2916.6,Preliminaries & Site Setup,2916.6
P006-FIBRE,Fibre Duct Network,Leinster,2023-11-04,Cabling & Terminations,,Supply and pull in 95mm2 3 core XLPE MV cable including all fixings,m,905.54,38.48,Cabling & Terminations,34845.18
P006-FIBRE,Fibre Duct Network,Leinster,2023-11-04,Preliminaries & Site Setup,,Site supervision - project engineer,week,11.0,1582.99,Preliminaries & Site Setup,17412.89
P006-FIBRE,Fibre Duct Network,Leinster,2023-11-04,Chambers & Jointing Bays,,"Construct type JB9 jointing chamber c/w excavation, base and backfill",nr,21.0,2284.08,Chambers & Jointing Bays,47965.68
P006-FIBRE,Fibre Duct Network,Leinster,2023-11-04,Traffic Management,,Provision of traffic management including stop/go operatives and signage,week,9.0,1389.72,Traffic Management,12507.48
P006-FIBRE,Fibre Duct Network,Leinster,2023-11-04,Road Reinstatement & Surfacing,,Supply and lay precast concrete kerbing including haunching,m,108.95,48.54,Road Reinstatement & Surfacing,5288.43
P006-FIBRE,Fibre Duct Network,Leinster,2023-11-04,Ducting & Cable Protection,,Concrete surround to ducts C20/25,m3,196.43,198.08,Ducting & Cable Protection,38908.85
P006-FIBRE,Fibre Duct Network,Leinster,2023-11-04,Ducting & Cable Protection,,Supply and lay 6no. 110mm HDPE duct in prepared trench inc. bedding,m,1625.29,51.8,Ducting & Cable Protection,84190.02
P006-FIBRE,Fibre Duct Network,Leinster,2023-11-04,Excavation & Earthworks,,Exc. trench in existing carriageway c/w saw cutting and breaking out,m,234.79,64.28,Excavation & Earthworks,15092.3
P006-FIBRE,Fibre Duct Network,Leinster,2023-11-04,Chambers & Jointing Bays,,Raise or lower existing chamber to finished road level,nr,13.0,362.69,Chambers & Jointing Bays,4714.97
P006-FIBRE,Fibre Duct Network,Leinster,2023-11-04,Preliminaries & Site Setup,,Temporary fencing and site security hoarding,m,101.58,39.0,Preliminaries & Site Setup,3961.62
P006-FIBRE,Fibre Duct Network,Leinster,2023-11-04,Professional Services & Surveys,,Preparation of as-built drawings and safety file,item,1.0,907.01,Professional Services & Surveys,907.01
P006-FIBRE,Fibre Duct Network,Leinster,2023-11-04,Ducting & Cable Protection,,SUPPLY AND LAY cable protection tiles and marker tape,m,849.8,3.1,Ducting & Cable Protection,2634.38
P006-FIBRE,Fibre Duct Network,Leinster,2023-11-04,Cabling & Terminations,,Pull in LV service cable 95mm2 to dwelling including duct entry,m,740.77,16.73,Cabling & Terminations,12393.08
P006-FIBRE,Fibre Duct Network,Leinster,2023-11-04,Ducting & Cable Protection,,Concrete surround to ducts C20/25,m3,16.65,135.65,Ducting & Cable Protection,2258.57
P006-FIBRE,Fibre Duct Network,Leinster,2023-11-04,Cabling & Terminations,,Terminate MV cable into switchgear including testing,nr,2.0,1110.2,Cabling & Terminations,2220.4
P006-FIBRE,Fibre Duct Network,Leinster,2023-11-04,Traffic Management,,Preparation and approval of traffic management plan (Chapter 8),item,1.0,583.58,Traffic Management,583.58
P006-FIBRE,Fibre Duct Network,Leinster,2023-11-04,Excavation & Earthworks,,Exc. trench 900mm wide x 1.5m deep in soft ground including support and backfill,m,615.29,76.04,Excavation & Earthworks,46786.65
P006-FIBRE,Fibre Duct Network,Leinster,2023-11-04,Excavation & Earthworks,,Dewatering of excavations including pumps and settlement tank,week,6.0,1837.27,Excavation & Earthworks,11023.62
P006-FIBRE,Fibre Duct Network,Leinster,2023-11-04,Ducting & Cable Protection,,SUPPLY AND LAY 6no. 110mm HDPE duct in prepared trench c/w bedding,m,621.28,53.81,Ducting & Cable Protection,33431.08
P006-FIBRE,Fibre Duct Network,Leinster,2023-11-04,Traffic Management,,Provision of traffic management including stop/go operatives and signage,week,6.0,1622.64,Traffic Management,9735.84
P006-FIBRE,Fibre Duct Network,Leinster,2023-11-04,Traffic Management,,ROAD CLOSURE LICENCE AND ADVANCE WARNING SIGNAGE,item,1.0,1219.3,Traffic Management,1219.3
P006-FIBRE,Fibre Duct Network,Leinster,2023-11-04,Ducting & Cable Protection,,Concrete surround to ducts C20/25,m3,6.67,145.88,Ducting & Cable Protection,973.02
P006-FIBRE,Fibre Duct Network,Leinster,2023-11-04,Chambers & Jointing Bays,,Supply and fit C250 ductile cover and frame to chamber,nr,9.0,320.3,Chambers & Jointing Bays,2882.7
P006-FIBRE,Fibre Duct Network,Leinster,2023-11-04,Chambers & Jointing Bays,,"Construct type JB12 jointing chamber including excavation, base and backfill",nr,3.0,2515.06,Chambers & Jointing Bays,7545.18
P006-FIBRE,Fibre Duct Network,Leinster,2023-11-04,Excavation & Earthworks,,Supply and place imported granular fill Clause 804,m3,413.72,48.94,Excavation & Earthworks,20247.46
P006-FIBRE,Fibre Duct Network,Leinster,2023-11-04,Road Reinstatement & Surfacing,,Reinstate road markings to match existing,m,250.15,6.82,Road Reinstatement & Surfacing,1706.02
P006-FIBRE,Fibre Duct Network,Leinster,2023-11-04,Preliminaries & Site Setup,,Site supervision - site agent,week,26.0,1912.33,Preliminaries & Site Setup,49720.58
P006-FIBRE,Fibre Duct Network,Leinster,2023-11-04,Traffic Management,,Provision of traffic management including stop/go operatives and signage,week,29.0,1071.31,Traffic Management,31067.99
P006-FIBRE,Fibre Duct Network,Leinster,2023-11-04,Ducting & Cable Protection,,Supply and lay 225mm diameter twinwall duct inc. draw rope,m,186.01,28.7,Ducting & Cable Protection,5338.49
P006-FIBRE,Fibre Duct Network,Leinster,2023-11-04,Chambers & Jointing Bays,,Supply and fit B125 composite cover and frame to chamber,nr,9.0,216.02,Chambers & Jointing Bays,1944.18
P006-FIBRE,Fibre Duct Network,Leinster,2023-11-04,Traffic Management,,Road closure licence and advance warning signage,item,2.0,1303.17,Traffic Management,2606.34
P006-FIBRE,Fibre Duct Network,Leinster,2023-11-04,Cabling & Terminations,,Pull in LV service cable 95mm2 to dwelling incl. duct entry,m,637.47,23.15,Cabling & Terminations,14757.43
P006-FIBRE,Fibre Duct Network,Leinster,2023-11-04,Ducting & Cable Protection,,S&I draw rope to existing duct,m,1768.34,1.87,Ducting & Cable Protection,3306.8
P006-FIBRE,Fibre Duct Network,Leinster,2023-11-04,Chambers & Jointing Bays,,Raise or lower existing chamber to finished road level,nr,10.0,648.1,Chambers & Jointing Bays,6481.0
P006-FIBRE,Fibre Duct Network,Leinster,2023-11-04,Ducting & Cable Protection,,Concrete surround to ducts C20/25,m3,30.56,205.16,Ducting & Cable Protection,6269.69
P006-FIBRE,Fibre Duct Network,Leinster,2023-11-04,Excavation & Earthworks,,Supply and place imported granular fill Clause 804,m3,205.06,42.69,Excavation & Earthworks,8754.01
P006-FIBRE,Fibre Duct Network,Leinster,2023-11-04,Road Reinstatement & Surfacing,,Supply and lay precast concrete kerbing including haunching,m,139.71,52.99,Road Reinstatement & Surfacing,7403.23
P007-FOUL,Foul Drainage Upgrade,Munster,2023-04-02,Road Reinstatement & Surfacing,,SUPPLY AND LAY 40mm SMA surface course,m2,55.92,27.07,Road Reinstatement & Surfacing,1513.75
P007-FOUL,Foul Drainage Upgrade,Munster,2023-04-02,Road Reinstatement & Surfacing,,PERMANENT REINSTATEMENT OF FOOTPATH IN BITMAC TO ROAD OPENING LICENCE STANDARD,m2,511.01,50.4,Road Reinstatement & Surfacing,25754.9
P007-FOUL,Foul Drainage Upgrade,Munster,2023-04-02,Testing & Commissioning,,"Pressure testing, swabbing and disinfection of new watermain",m,1591.5,3.05,Testing & Commissioning,4854.08
P007-FOUL,Foul Drainage Upgrade,Munster,2023-04-02,Drainage,,Construct precast concrete manhole 1200mm dia. 2.0-3.0m deep including cover and frame,nr,5.0,3304.74,Drainage,16523.7
P007-FOUL,Foul Drainage Upgrade,Munster,2023-04-02,Excavation & Earthworks,,Trench support to deep excavation using proprietary shoring,m,177.29,45.96,Excavation & Earthworks,8148.25
P007-FOUL,Foul Drainage Upgrade,Munster,2023-04-02,Excavation & Earthworks,,Excavate trench in existing carriageway incl. saw cutting and breaking out,m,53.51,71.8,Excavation & Earthworks,3842.02
P007-FOUL,Foul Drainage Upgrade,Munster,2023-04-02,Traffic Management,,Preparation and approval of traffic management plan (Chapter 8),item,1.0,540.45,Traffic Management,540.45
P007-FOUL,Foul Drainage Upgrade,Munster,2023-04-02,Testing & Commissioning,,"Pressure testing, swabbing and disinfection of new watermain",m,494.08,4.1,Testing & Commissioning,2025.73
P007-FOUL,Foul Drainage Upgrade,Munster,2023-04-02,Road Reinstatement & Surfacing,,S&L 40mm SMA surface course,m2,197.49,23.16,Road Reinstatement & Surfacing,4573.87
P007-FOUL,Foul Drainage Upgrade,Munster,2023-04-02,Professional Services & Surveys,,Preparation of as-built drawings and safety file,item,1.0,1107.97,Professional Services & Surveys,1107.97
P007-FOUL,Foul Drainage Upgrade,Munster,2023-04-02,Road Reinstatement & Surfacing,,Planing of existing bituminous surfacing 40mm,m2,308.59,8.06,Road Reinstatement & Surfacing,2487.24
P007-FOUL,Foul Drainage Upgrade,Munster,2023-04-02,Professional Services & Surveys,,TOPOGRAPHICAL SURVEY AND SETTING OUT OF WORKS,day,4.0,689.83,Professional Services & Surveys,2759.32
P007-FOUL,Foul Drainage Upgrade,Munster,2023-04-02,Concrete & Structures,,Supply and place C25/30 concrete to foundations,m3,13.71,153.68,Concrete & Structures,2106.95
P007-FOUL,Foul Drainage Upgrade,Munster,2023-04-02,Professional Services & Surveys,,Topographical survey and setting out of works,day,8.0,559.71,Professional Services & Surveys,4477.68
P007-FOUL,Foul Drainage Upgrade,Munster,2023-04-02,Concrete & Structures,,Blockwork wall 215mm including fair face and capping,m2,13.3,141.17,Concrete & Structures,1877.56
P007-FOUL,Foul Drainage Upgrade,Munster,2023-04-02,Drainage,,CCTV SURVEY OF COMPLETED DRAINAGE INCLUDING REPORT,m,530.03,4.18,Drainage,2215.53
P007-FOUL,Foul Drainage Upgrade,Munster,2023-04-02,Drainage,,Supply and lay 225mm diameter uPVC sewer pipe including bedding and surround (as drawing),m,98.61,55.71,Drainage,5493.56
P007-FOUL,Foul Drainage Upgrade,Munster,2023-04-02,Drainage,,Construct precast concrete manhole 1050mm dia. 1.5-2.0m deep including cover and frame,nr,7.0,1827.98,Drainage,12795.86
P007-FOUL,Foul Drainage Upgrade,Munster,2023-04-02,Drainage,,SUPPLY AND LAY 450MM DIA. UPVC SEWER PIPE INCLUDING BEDDING AND SURROUND,m,107.38,123.04,Drainage,13212.04
P007-FOUL,Foul Drainage Upgrade,Munster,2023-04-02,Professional Services & Surveys,,Topographical survey and setting out of works,day,18.0,689.98,Professional Services & Surveys,12419.64
P007-FOUL,Foul Drainage Upgrade,Munster,2023-04-02,Professional Services & Surveys,,Utility detection survey and slit trenching prior to excavation (as drawing),nr,53.0,323.32,Professional Services & Surveys,17135.96
P007-FOUL,Foul Drainage Upgrade,Munster,2023-04-02,Excavation & Earthworks,,EXCAVATION IN ROCK INCLUDING BREAKING AND REMOVAL,m3,10.36,94.89,Excavation & Earthworks,983.06
P007-FOUL,Foul Drainage Upgrade,Munster,2023-04-02,Drainage,,SUPPLY AND LAY 225mm dia. uPVC sewer pipe including bedding and surround,m,84.02,64.5,Drainage,5419.29
P007-FOUL,Foul Drainage Upgrade,Munster,2023-04-02,Drainage,,CCTV SURVEY OF COMPLETED DRAINAGE INC. REPORT,m,362.37,3.41,Drainage,1235.68
P007-FOUL,Foul Drainage Upgrade,Munster,2023-04-02,Drainage,,Supply and install road gully including connection to sewer,nr,4.0,498.84,Drainage,1995.36
P007-FOUL,Foul Drainage Upgrade,Munster,2023-04-02,Excavation & Earthworks,,Trench support to deep excavation using proprietary shoring,m,64.52,52.0,Excavation & Earthworks,3355.04
P007-FOUL,Foul Drainage Upgrade,Munster,2023-04-02,Drainage,,Supply and install road gully including connection to sewer,nr,9.0,649.04,Drainage,5841.36
P008-SUBSTATION,Substation Civils,Midlands,2023-12-04,Excavation & Earthworks,,EXCAVATION IN ROCK INCL. BREAKING AND REMOVAL,m3,54.88,59.2,Excavation & Earthworks,3248.9
P008-SUBSTATION,Substation Civils,Midlands,2023-12-04,Excavation & Earthworks,,Trench support to deep excavation using proprietary shoring,m,70.46,35.67,Excavation & Earthworks,2513.31
P008-SUBSTATION,Substation Civils,Midlands,2023-12-04,Excavation & Earthworks,,Trench support to deep excavation using proprietary shoring (as drawing),m,291.44,34.29,Excavation & Earthworks,9993.48
P008-SUBSTATION,Substation Civils,Midlands,2023-12-04,Cabling & Terminations,,"EARTHING INSTALLATION INC. RODS, TAPE AND CONNECTIONS",item,1.0,1625.84,Cabling & Terminations,1625.84
P008-SUBSTATION,Substation Civils,Midlands,2023-12-04,Cabling & Terminations,,Supply and pull in 95mm2 3 core XLPE MV cable including all fixings,m,2160.32,29.57,Cabling & Terminations,63880.66
P008-SUBSTATION,Substation Civils,Midlands,2023-12-04,Landscaping & Site Finishes,,Supply and erect post and rail fencing to boundary,m,290.95,32.34,Landscaping & Site Finishes,9409.32
P008-SUBSTATION,Substation Civils,Midlands,2023-12-04,Plant & Equipment Supply,,Supply and erect 6m public lighting column with LED lantern (as drawing),nr,11.0,934.56,Plant & Equipment Supply,10280.16
P008-SUBSTATION,Substation Civils,Midlands,2023-12-04,Preliminaries & Site Setup,,Mobilisation and demobilisation of plant to site,item,1.0,3933.19,Preliminaries & Site Setup,3933.19
P008-SUBSTATION,Substation Civils,Midlands,2023-12-04,Plant & Equipment Supply,,Supply and erect 6m public lighting column with LED lantern,nr,1.0,1168.87,Plant & Equipment Supply,1168.87
P008-SUBSTATION,Substation Civils,Midlands,2023-12-04,Excavation & Earthworks,,Excavation in rock including breaking and removal,m3,96.86,156.9,Excavation & Earthworks,15197.33
P008-SUBSTATION,Substation Civils,Midlands,2023-12-04,Preliminaries & Site Setup,,"Insurances, bonds and statutory notices",item,1.0,5710.35,Preliminaries & Site Setup,5710.35
P008-SUBSTATION,Substation Civils,Midlands,2023-12-04,Ducting & Cable Protection,,S&L cable protection tiles and marker tape,m,600.55,3.53,Ducting & Cable Protection,2119.94
P008-SUBSTATION,Substation Civils,Midlands,2023-12-04,Landscaping & Site Finishes,,Supply and place topsoil and seed to verges,m2,482.41,7.04,Landscaping & Site Finishes,3396.17
P008-SUBSTATION,Substation Civils,Midlands,2023-12-04,Ducting & Cable Protection,,Supply and lay 225mm dia twinwall duct including draw rope,m,778.29,33.45,Ducting & Cable Protection,26033.8
P008-SUBSTATION,Substation Civils,Midlands,2023-12-04,Plant & Equipment Supply,,Supply and install feeder pillar including connections,nr,4.0,2189.62,Plant & Equipment Supply,8758.48
P008-SUBSTATION,Substation Civils,Midlands,2023-12-04,Preliminaries & Site Setup,,Temporary fencing and site security hoarding,m,196.38,35.42,Preliminaries & Site Setup,6955.78
P008-SUBSTATION,Substation Civils,Midlands,2023-12-04,Plant & Equipment Supply,,Supply & install feeder pillar including connections,nr,3.0,2285.57,Plant & Equipment Supply,6856.71
P008-SUBSTATION,Substation Civils,Midlands,2023-12-04,Plant & Equipment Supply,,S&I feeder pillar including connections,nr,3.0,2704.82,Plant & Equipment Supply,8114.46
P008-SUBSTATION,Substation Civils,Midlands,2023-12-04,Plant & Equipment Supply,,Supply and erect 10m public lighting column with LED lantern,nr,13.0,1467.8,Plant & Equipment Supply,19081.4
P008-SUBSTATION,Substation Civils,Midlands,2023-12-04,Preliminaries & Site Setup,,"Insurances, bonds and statutory notices",item,1.0,4783.5,Preliminaries & Site Setup,4783.5
P008-SUBSTATION,Substation Civils,Midlands,2023-12-04,Plant & Equipment Supply,,Supply and erect 10m public lighting column with LED lantern,nr,32.0,1519.36,Plant & Equipment Supply,48619.52
P008-SUBSTATION,Substation Civils,Midlands,2023-12-04,Concrete & Structures,,Supply & fix A252 mesh reinforcement,m2,36.82,10.87,Concrete & Structures,400.23
P008-SUBSTATION,Substation Civils,Midlands,2023-12-04,Ducting & Cable Protection,,SUPPLY AND LAY 110MM DIAMETER TWINWALL DUCT INCLUDING DRAW ROPE,m,2276.39,11.5,Ducting & Cable Protection,26178.48
P008-SUBSTATION,Substation Civils,Midlands,2023-12-04,Landscaping & Site Finishes,,Supply and erect post and rail fencing to boundary,m,93.09,31.92,Landscaping & Site Finishes,2971.43
P008-SUBSTATION,Substation Civils,Midlands,2023-12-04,Concrete & Structures,,Formwork to edges and faces of concrete,m2,39.12,43.79,Concrete & Structures,1713.06
P008-SUBSTATION,Substation Civils,Midlands,2023-12-04,Plant & Equipment Supply,,Supply and install 630kVA ground mounted transformer (as drawing),nr,1.0,15528.61,Plant & Equipment Supply,15528.61
P008-SUBSTATION,Substation Civils,Midlands,2023-12-04,Professional Services & Surveys,,Utility detection survey and slit trenching prior to excavation (as drawing),nr,17.0,350.41,Professional Services & Surveys,5956.97
P008-SUBSTATION,Substation Civils,Midlands,2023-12-04,Cabling & Terminations,,Blow in fibre optic cable to existing subduct,m,4272.95,3.24,Cabling & Terminations,13844.36
P008-SUBSTATION,Substation Civils,Midlands,2023-12-04,Excavation & Earthworks,,Dewatering of excavations incl. pumps and settlement tank,week,9.0,871.46,Excavation & Earthworks,7843.14
P008-SUBSTATION,Substation Civils,Midlands,2023-12-04,Ducting & Cable Protection,,Supply and lay 4no. 110mm HDPE duct in prepared trench including bedding,m,185.95,38.42,Ducting & Cable Protection,7144.2
P008-SUBSTATION,Substation Civils,Midlands,2023-12-04,Professional Services & Surveys,,Preparation of as-built drawings and safety file,item,1.0,1288.38,Professional Services & Surveys,1288.38
P008-SUBSTATION,Substation Civils,Midlands,2023-12-04,Plant & Equipment Supply,,Supply and install 630kVA ground mounted transformer,nr,2.0,16361.47,Plant & Equipment Supply,32722.94
P008-SUBSTATION,Substation Civils,Midlands,2023-12-04,Preliminaries & Site Setup,,Site supervision - ganger,week,24.0,910.9,Preliminaries & Site Setup,21861.6
P008-SUBSTATION,Substation Civils,Midlands,2023-12-04,Ducting & Cable Protection,,Concrete surround to ducts C20/25,m3,102.19,162.76,Ducting & Cable Protection,16632.44
P008-SUBSTATION,Substation Civils,Midlands,2023-12-04,Preliminaries & Site Setup,,Mobilisation and demobilisation of plant to site,item,1.0,2701.72,Preliminaries & Site Setup,2701.72
P008-SUBSTATION,Substation Civils,Midlands,2023-12-04,Ducting & Cable Protection,,Concrete surround to ducts C20/25,m3,11.18,148.08,Ducting & Cable Protection,1655.53
P008-SUBSTATION,Substation Civils,Midlands,2023-12-04,Cabling & Terminations,,Pull in LV service cable 35mm2 to dwelling including duct entry,m,108.93,16.48,Cabling & Terminations,1795.17
P008-SUBSTATION,Substation Civils,Midlands,2023-12-04,Excavation & Earthworks,,Excavation in rock c/w breaking and removal,m3,56.17,82.97,Excavation & Earthworks,4660.42
P008-SUBSTATION,Substation Civils,Midlands,2023-12-04,Concrete & Structures,,Blockwork wall 215mm incl. fair face and capping,m2,42.36,140.74,Concrete & Structures,5961.75
P008-SUBSTATION,Substation Civils,Midlands,2023-12-04,Preliminaries & Site Setup,,"Insurances, bonds and statutory notices",item,1.0,3389.65,Preliminaries & Site Setup,3389.65
P008-SUBSTATION,Substation Civils,Midlands,2023-12-04,Professional Services & Surveys,,Topographical survey and setting out of works,day,6.0,945.47,Professional Services & Surveys,5672.82
P008-SUBSTATION,Substation Civils,Midlands,2023-12-04,Preliminaries & Site Setup,,SITE SUPERVISION - GANGER,week,45.0,982.8,Preliminaries & Site Setup,44226.0
P008-SUBSTATION,Substation Civils,Midlands,2023-12-04,Plant & Equipment Supply,,SUPPLY AND INSTALL 315KVA GROUND MOUNTED TRANSFORMER,nr,4.0,13130.24,Plant & Equipment Supply,52520.96
P008-SUBSTATION,Substation Civils,Midlands,2023-12-04,Professional Services & Surveys,,Topographical survey and setting out of works,day,6.0,815.39,Professional Services & Surveys,4892.34
P008-SUBSTATION,Substation Civils,Midlands,2023-12-04,Excavation & Earthworks,,EXCAV. TRENCH IN EXISTING CARRIAGEWAY INC. SAW CUTTING AND BREAKING OUT,m,138.32,49.12,Excavation & Earthworks,6794.28
P008-SUBSTATION,Substation Civils,Midlands,2023-12-04,Landscaping & Site Finishes,,Supply and erect post and rail fencing to boundary,m,874.02,22.28,Landscaping & Site Finishes,19473.17
P008-SUBSTATION,Substation Civils,Midlands,2023-12-04,Plant & Equipment Supply,,Supply and install feeder pillar c/w connections,nr,3.0,1624.83,Plant & Equipment Supply,4874.49
P008-SUBSTATION,Substation Civils,Midlands,2023-12-04,Preliminaries & Site Setup,,"Site set up, welfare unit and secure compound",week,10.0,902.06,Preliminaries & Site Setup,9020.6
P008-SUBSTATION,Substation Civils,Midlands,2023-12-04,Concrete & Structures,,Construct reinforced concrete plinth to substation unit,nr,3.0,2682.67,Concrete & Structures,8048.01
P008-SUBSTATION,Substation Civils,Midlands,2023-12-04,Landscaping & Site Finishes,,Site clearance c/w removal of vegetation and debris,m2,953.17,4.34,Landscaping & Site Finishes,4136.76
P008-SUBSTATION,Substation Civils,Midlands,2023-12-04,Preliminaries & Site Setup,,"Site set up, welfare unit and secure compound",week,6.0,902.48,Preliminaries & Site Setup,5414.88
P008-SUBSTATION,Substation Civils,Midlands,2023-12-04,Concrete & Structures,,Formwork to edges and faces of concrete,m2,298.46,39.7,Concrete & Structures,11848.86
P008-SUBSTATION,Substation Civils,Midlands,2023-12-04,Concrete & Structures,,Supply and place C25/30 concrete to foundations,m3,77.52,211.97,Concrete & Structures,16431.91
P008-SUBSTATION,Substation Civils,Midlands,2023-12-04,Cabling & Terminations,,SUPPLY AND PULL IN 185MM2 3 CORE XLPE MV CABLE INCLUDING ALL FIXINGS,m,2179.56,35.58,Cabling & Terminations,77548.74
P008-SUBSTATION,Substation Civils,Midlands,2023-12-04,Ducting & Cable Protection,,Supply and lay cable protection tiles and marker tape,m,1121.54,3.24,Ducting & Cable Protection,3633.79
P008-SUBSTATION,Substation Civils,Midlands,2023-12-04,Landscaping & Site Finishes,,Supply and erect post and rail fencing to boundary,m,62.1,41.85,Landscaping & Site Finishes,2598.89
P008-SUBSTATION,Substation Civils,Midlands,2023-12-04,Professional Services & Surveys,,Preparation of as-built drawings and safety file,item,1.0,1316.92,Professional Services & Surveys,1316.92
P008-SUBSTATION,Substation Civils,Midlands,2023-12-04,Concrete & Structures,,Construct reinforced concrete plinth to substation unit,nr,2.0,4042.38,Concrete & Structures,8084.76
P008-SUBSTATION,Substation Civils,Midlands,2023-12-04,Cabling & Terminations,,Fusion splice fibre optic cable c/w tray and closure,nr,102.0,26.99,Cabling & Terminations,2752.98
P008-SUBSTATION,Substation Civils,Midlands,2023-12-04,Plant & Equipment Supply,,S&I 400kVA ground mounted transformer,nr,1.0,10493.0,Plant & Equipment Supply,10493.0
P008-SUBSTATION,Substation Civils,Midlands,2023-12-04,Concrete & Structures,,S&F A252 mesh reinforcement (as drawing),m2,179.96,12.53,Concrete & Structures,2254.9
P008-SUBSTATION,Substation Civils,Midlands,2023-12-04,Concrete & Structures,,Formwork to edges and faces of concrete (as drawing),m2,50.72,58.85,Concrete & Structures,2984.87
P008-SUBSTATION,Substation Civils,Midlands,2023-12-04,Excavation & Earthworks,,Excavate trench in existing carriageway including saw cutting and breaking out,m,113.48,47.81,Excavation & Earthworks,5425.48
P008-SUBSTATION,Substation Civils,Midlands,2023-12-04,Ducting & Cable Protection,,Supply and lay cable protection tiles and marker tape,m,3940.06,2.34,Ducting & Cable Protection,9219.74
P009-FOUL,Foul Drainage Upgrade,Connacht,2024-07-31,Preliminaries & Site Setup,,Site supervision - site agent,week,6.0,1985.94,Preliminaries & Site Setup,11915.64
P009-FOUL,Foul Drainage Upgrade,Connacht,2024-07-31,Excavation & Earthworks,,Trench support to deep excavation using proprietary shoring,m,71.37,35.3,Excavation & Earthworks,2519.36
P009-FOUL,Foul Drainage Upgrade,Connacht,2024-07-31,Drainage,,CONSTRUCT PRECAST CONCRETE MANHOLE 1200MM DIA. 2.0-3.0M DEEP INCLUDING COVER AND FRAME (as drawing),nr,1.0,2992.5,Drainage,2992.5
P009-FOUL,Foul Drainage Upgrade,Connacht,2024-07-31,Excavation & Earthworks,,Disposal of surplus excavated material off site to licensed facility,m3,231.92,32.9,Excavation & Earthworks,7630.17
P009-FOUL,Foul Drainage Upgrade,Connacht,2024-07-31,Drainage,,CCTV survey of completed drainage including report,m,125.59,4.2,Drainage,527.48
P009-FOUL,Foul Drainage Upgrade,Connacht,2024-07-31,Excavation & Earthworks,,Excavation in rock inc. breaking and removal,m3,12.78,89.64,Excavation & Earthworks,1145.6
P009-FOUL,Foul Drainage Upgrade,Connacht,2024-07-31,Traffic Management,,Preparation and approval of traffic management plan (Chapter 8),item,1.0,673.8,Traffic Management,673.8
P009-FOUL,Foul Drainage Upgrade,Connacht,2024-07-31,Concrete & Structures,,Construct reinforced concrete plinth to substation unit,nr,1.0,3980.0,Concrete & Structures,3980.0
P009-FOUL,Foul Drainage Upgrade,Connacht,2024-07-31,Drainage,,Supply & lay 300mm diameter uPVC sewer pipe including bedding and surround,m,68.51,80.86,Drainage,5539.72
P009-FOUL,Foul Drainage Upgrade,Connacht,2024-07-31,Excavation & Earthworks,,Excavate trench in existing carriageway incl. saw cutting and breaking out,m,253.88,53.9,Excavation & Earthworks,13684.13
P009-FOUL,Foul Drainage Upgrade,Connacht,2024-07-31,Testing & Commissioning,,Insulation resistance and continuity testing of installed cable,nr,8.0,335.5,Testing & Commissioning,2684.0
P009-FOUL,Foul Drainage Upgrade,Connacht,2024-07-31,Road Reinstatement & Surfacing,,Permanent reinstatement of footpath in concrete flags to road opening licence standard,m2,105.56,84.71,Road Reinstatement & Surfacing,8941.99
P009-FOUL,Foul Drainage Upgrade,Connacht,2024-07-31,Excavation & Earthworks,,Excavation in rock incl. breaking and removal,m3,9.77,118.87,Excavation & Earthworks,1161.36
P009-FOUL,Foul Drainage Upgrade,Connacht,2024-07-31,Preliminaries & Site Setup,,MOBILISATION AND DEMOBILISATION OF PLANT TO SITE,item,1.0,2407.71,Preliminaries & Site Setup,2407.71
P009-FOUL,Foul Drainage Upgrade,Connacht,2024-07-31,Drainage,,Supply and install road gully incl. connection to sewer,nr,4.0,533.1,Drainage,2132.4
P009-FOUL,Foul Drainage Upgrade,Connacht,2024-07-31,Excavation & Earthworks,,Exc. trench in existing carriageway including saw cutting and breaking out,m,50.69,44.12,Excavation & Earthworks,2236.44
P009-FOUL,Foul Drainage Upgrade,Connacht,2024-07-31,Preliminaries & Site Setup,,Site supervision - ganger,week,5.0,1056.7,Preliminaries & Site Setup,5283.5
P009-FOUL,Foul Drainage Upgrade,Connacht,2024-07-31,Drainage,,Supply and install road gully including connection to sewer,nr,16.0,507.83,Drainage,8125.28
P009-FOUL,Foul Drainage Upgrade,Connacht,2024-07-31,Excavation & Earthworks,,Disposal of surplus excavated material off site to licensed facility,m3,298.27,43.43,Excavation & Earthworks,12953.87
P009-FOUL,Foul Drainage Upgrade,Connacht,2024-07-31,Traffic Management,,Road closure licence and advance warning signage,item,1.0,1546.07,Traffic Management,1546.07
P009-FOUL,Foul Drainage Upgrade,Connacht,2024-07-31,Excavation & Earthworks,,Excav. trench 750mm wide x 1.2m deep in soft ground incl. support and backfill,m,253.15,33.79,Excavation & Earthworks,8553.94
P009-FOUL,Foul Drainage Upgrade,Connacht,2024-07-31,Professional Services & Surveys,,Utility detection survey and slit trenching prior to excavation,nr,12.0,293.77,Professional Services & Surveys,3525.24
P009-FOUL,Foul Drainage Upgrade,Connacht,2024-07-31,Road Reinstatement & Surfacing,,SUPPLY AND LAY 50mm HRA surface course (as drawing),m2,122.86,28.63,Road Reinstatement & Surfacing,3517.48
P009-FOUL,Foul Drainage Upgrade,Connacht,2024-07-31,Road Reinstatement & Surfacing,,SUPPLY AND LAY 30MM AC10 SURFACE COURSE,m2,173.03,23.91,Road Reinstatement & Surfacing,4137.15
P009-FOUL,Foul Drainage Upgrade,Connacht,2024-07-31,Excavation & Earthworks,,Excav. trench in existing carriageway including saw cutting and breaking out,m,78.65,39.72,Excavation & Earthworks,3123.98
P009-FOUL,Foul Drainage Upgrade,Connacht,2024-07-31,Drainage,,Supply and lay 450mm diameter uPVC sewer pipe c/w bedding and surround,m,19.49,239.17,Drainage,4661.42
P009-FOUL,Foul Drainage Upgrade,Connacht,2024-07-31,Drainage,,SUPPLY AND LAY 450mm dia. uPVC sewer pipe incl. bedding and surround (as drawing),m,178.35,99.56,Drainage,17756.53
P009-FOUL,Foul Drainage Upgrade,Connacht,2024-07-31,Preliminaries & Site Setup,,"INSURANCES, BONDS AND STATUTORY NOTICES",item,1.0,4427.83,Preliminaries & Site Setup,4427.83
P009-FOUL,Foul Drainage Upgrade,Connacht,2024-07-31,Road Reinstatement & Surfacing,,Permanent reinstatement of carriageway to road opening licence standard,m2,192.55,62.68,Road Reinstatement & Surfacing,12069.03
P009-FOUL,Foul Drainage Upgrade,Connacht,2024-07-31,Concrete & Structures,,Construct reinforced concrete plinth to substation unit,nr,1.0,4988.4,Concrete & Structures,4988.4
P009-FOUL,Foul Drainage Upgrade,Connacht,2024-07-31,Drainage,,S&I ROAD GULLY INCLUDING CONNECTION TO SEWER,nr,14.0,741.92,Drainage,10386.88
P009-FOUL,Foul Drainage Upgrade,Connacht,2024-07-31,Road Reinstatement & Surfacing,,REINSTATE ROAD MARKINGS TO MATCH EXISTING,m,111.95,13.95,Road Reinstatement & Surfacing,1561.7
P009-FOUL,Foul Drainage Upgrade,Connacht,2024-07-31,Professional Services & Surveys,,Utility detection survey and slit trenching prior to excavation,nr,26.0,401.29,Professional Services & Surveys,10433.54
P009-FOUL,Foul Drainage Upgrade,Connacht,2024-07-31,Testing & Commissioning,,"Pressure testing, swabbing and disinfection of new watermain",m,107.37,3.04,Testing & Commissioning,326.4
P009-FOUL,Foul Drainage Upgrade,Connacht,2024-07-31,Concrete & Structures,,Supply & fix A252 mesh reinforcement,m2,98.92,12.56,Concrete & Structures,1242.44
P009-FOUL,Foul Drainage Upgrade,Connacht,2024-07-31,Professional Services & Surveys,,Topographical survey and setting out of works,day,4.0,737.52,Professional Services & Surveys,2950.08
P009-FOUL,Foul Drainage Upgrade,Connacht,2024-07-31,Drainage,,Supply and install road gully incl. connection to sewer,nr,16.0,371.85,Drainage,5949.6
P009-FOUL,Foul Drainage Upgrade,Connacht,2024-07-31,Traffic Management,,Preparation and approval of traffic management plan (Chapter 8),item,1.0,460.41,Traffic Management,460.41
P009-FOUL,Foul Drainage Upgrade,Connacht,2024-07-31,Road Reinstatement & Surfacing,,Planing of existing bituminous surfacing 40mm,m2,353.28,7.22,Road Reinstatement & Surfacing,2550.68
P009-FOUL,Foul Drainage Upgrade,Connacht,2024-07-31,Excavation & Earthworks,,Disposal of surplus excavated material off site to licensed facility,m3,195.45,32.68,Excavation & Earthworks,6387.31
P009-FOUL,Foul Drainage Upgrade,Connacht,2024-07-31,Traffic Management,,Preparation and approval of traffic management plan (Chapter 8),item,1.0,517.34,Traffic Management,517.34
P009-FOUL,Foul Drainage Upgrade,Connacht,2024-07-31,Preliminaries & Site Setup,,Mobilisation and demobilisation of plant to site (as drawing),item,1.0,2232.29,Preliminaries & Site Setup,2232.29
P009-FOUL,Foul Drainage Upgrade,Connacht,2024-07-31,Professional Services & Surveys,,Preparation of as-built drawings and safety file,item,1.0,1423.22,Professional Services & Surveys,1423.22
P009-FOUL,Foul Drainage Upgrade,Connacht,2024-07-31,Road Reinstatement & Surfacing,,Reinstate road markings to match existing,m,56.61,7.75,Road Reinstatement & Surfacing,438.73
P009-FOUL,Foul Drainage Upgrade,Connacht,2024-07-31,Professional Services & Surveys,,Preparation of as-built drawings and safety file,item,1.0,1563.74,Professional Services & Surveys,1563.74
P009-FOUL,Foul Drainage Upgrade,Connacht,2024-07-31,Concrete & Structures,,SUPPLY AND PLACE C30/37 CONCRETE TO FOUNDATIONS,m3,40.37,153.01,Concrete & Structures,6177.01
P009-FOUL,Foul Drainage Upgrade,Connacht,2024-07-31,Excavation & Earthworks,,Excavation in rock including breaking and removal,m3,86.63,50.78,Excavation & Earthworks,4399.07
P009-FOUL,Foul Drainage Upgrade,Connacht,2024-07-31,Traffic Management,,Provision of traffic management including stop/go operatives and signage,week,14.0,1085.69,Traffic Management,15199.66
P009-FOUL,Foul Drainage Upgrade,Connacht,2024-07-31,Concrete & Structures,,Supply and place C35/45 concrete to foundations (as drawing),m3,36.37,195.96,Concrete & Structures,7127.07
P009-FOUL,Foul Drainage Upgrade,Connacht,2024-07-31,Drainage,,S&L 150mm diameter uPVC sewer pipe c/w bedding and surround,m,24.78,63.4,Drainage,1571.05
P009-FOUL,Foul Drainage Upgrade,Connacht,2024-07-31,Road Reinstatement & Surfacing,,PLANING OF EXISTING BITUMINOUS SURFACING 40MM,m2,301.23,6.99,Road Reinstatement & Surfacing,2105.6
P009-FOUL,Foul Drainage Upgrade,Connacht,2024-07-31,Testing & Commissioning,,"Pressure testing, swabbing and disinfection of new watermain",m,172.55,5.41,Testing & Commissioning,933.5
P009-FOUL,Foul Drainage Upgrade,Connacht,2024-07-31,Drainage,,Construct precast concrete manhole 1200mm dia. 2.0-3.0m deep including cover and frame,nr,4.0,3277.89,Drainage,13111.56
P009-FOUL,Foul Drainage Upgrade,Connacht,2024-07-31,Testing & Commissioning,,"Pressure testing, swabbing and disinfection of new watermain",m,185.21,5.02,Testing & Commissioning,929.75
P009-FOUL,Foul Drainage Upgrade,Connacht,2024-07-31,Road Reinstatement & Surfacing,,Permanent reinstatement of footpath in bitmac to road opening licence standard (as drawing),m2,270.51,49.07,Road Reinstatement & Surfacing,13273.93
P009-FOUL,Foul Drainage Upgrade,Connacht,2024-07-31,Drainage,,SUPPLY AND INSTALL ROAD GULLY INCLUDING CONNECTION TO SEWER,nr,35.0,456.83,Drainage,15989.05
P009-FOUL,Foul Drainage Upgrade,Connacht,2024-07-31,Concrete & Structures,,Construct reinforced concrete plinth to substation unit,nr,1.0,3797.24,Concrete & Structures,3797.24
P009-FOUL,Foul Drainage Upgrade,Connacht,2024-07-31,Testing & Commissioning,,Testing and energisation of MV network c/w switching,item,2.0,2153.46,Testing & Commissioning,4306.92
P009-FOUL,Foul Drainage Upgrade,Connacht,2024-07-31,Drainage,,Construct precast concrete manhole 1200mm dia. 2.0-3.0m deep including cover and frame,nr,3.0,2528.9,Drainage,7586.7
P009-FOUL,Foul Drainage Upgrade,Connacht,2024-07-31,Professional Services & Surveys,,Utility detection survey and slit trenching prior to excavation,nr,19.0,502.53,Professional Services & Surveys,9548.07
P009-FOUL,Foul Drainage Upgrade,Connacht,2024-07-31,Traffic Management,,Road closure licence and advance warning signage,item,1.0,1189.96,Traffic Management,1189.96
P010-SUBSTATION,Substation Civils,Leinster,2023-08-23,Concrete & Structures,,Blockwork wall 215mm inc. fair face and capping,m2,34.54,104.9,Concrete & Structures,3623.25
P010-SUBSTATION,Substation Civils,Leinster,2023-08-23,Professional Services & Surveys,,Utility detection survey and slit trenching prior to excavation,nr,8.0,293.91,Professional Services & Surveys,2351.28
P010-SUBSTATION,Substation Civils,Leinster,2023-08-23,Landscaping & Site Finishes,,Site clearance including removal of vegetation and debris,m2,541.4,5.6,Landscaping & Site Finishes,3031.84
P010-SUBSTATION,Substation Civils,Leinster,2023-08-23,Excavation & Earthworks,,Excavation in rock incl. breaking and removal,m3,27.87,161.07,Excavation & Earthworks,4489.02
P010-SUBSTATION,Substation Civils,Leinster,2023-08-23,Landscaping & Site Finishes,,Supply and erect post and rail fencing to boundary,m,86.76,44.31,Landscaping & Site Finishes,3844.34
P010-SUBSTATION,Substation Civils,Leinster,2023-08-23,Professional Services & Surveys,,Topographical survey and setting out of works,day,3.0,544.5,Professional Services & Surveys,1633.5
P010-SUBSTATION,Substation Civils,Leinster,2023-08-23,Concrete & Structures,,Formwork to edges and faces of concrete,m2,93.09,67.39,Concrete & Structures,6273.34
P010-SUBSTATION,Substation Civils,Leinster,2023-08-23,Concrete & Structures,,Formwork to edges and faces of concrete,m2,74.96,58.21,Concrete & Structures,4363.42
P010-SUBSTATION,Substation Civils,Leinster,2023-08-23,Excavation & Earthworks,,Excavation in rock incl. breaking and removal,m3,22.91,113.26,Excavation & Earthworks,2594.79
P010-SUBSTATION,Substation Civils,Leinster,2023-08-23,Landscaping & Site Finishes,,SITE CLEARANCE INCLUDING REMOVAL OF VEGETATION AND DEBRIS,m2,1058.4,4.75,Landscaping & Site Finishes,5027.4
P010-SUBSTATION,Substation Civils,Leinster,2023-08-23,Plant & Equipment Supply,,Supply and erect 6m public lighting column with LED lantern,nr,18.0,1202.67,Plant & Equipment Supply,21648.06
P010-SUBSTATION,Substation Civils,Leinster,2023-08-23,Preliminaries & Site Setup,,Mobilisation and demobilisation of plant to site (as drawing),item,1.0,3336.36,Preliminaries & Site Setup,3336.36
P010-SUBSTATION,Substation Civils,Leinster,2023-08-23,Plant & Equipment Supply,,Supply & install feeder pillar including connections,nr,2.0,1675.36,Plant & Equipment Supply,3350.72
P010-SUBSTATION,Substation Civils,Leinster,2023-08-23,Preliminaries & Site Setup,,Mobilisation and demobilisation of plant to site,item,1.0,5929.91,Preliminaries & Site Setup,5929.91
P010-SUBSTATION,Substation Civils,Leinster,2023-08-23,Landscaping & Site Finishes,,Supply and erect post and rail fencing to boundary,m,167.79,37.3,Landscaping & Site Finishes,6258.57
P010-SUBSTATION,Substation Civils,Leinster,2023-08-23,Plant & Equipment Supply,,Supply and erect 6m public lighting column with LED lantern,nr,17.0,1318.1,Plant & Equipment Supply,22407.7
P010-SUBSTATION,Substation Civils,Leinster,2023-08-23,Preliminaries & Site Setup,,Site supervision - site agent,week,5.0,1789.8,Preliminaries & Site Setup,8949.0
P010-SUBSTATION,Substation Civils,Leinster,2023-08-23,Cabling & Terminations,,STRAIGHT JOINT TO MV CABLE,nr,1.0,1205.99,Cabling & Terminations,1205.99
P010-SUBSTATION,Substation Civils,Leinster,2023-08-23,Ducting & Cable Protection,,Supply and lay 110mm dia twinwall duct including draw rope,m,329.74,21.91,Ducting & Cable Protection,7224.6
P010-SUBSTATION,Substation Civils,Leinster,2023-08-23,Professional Services & Surveys,,Preparation of as-built drawings and safety file,item,1.0,924.1,Professional Services & Surveys,924.1
P010-SUBSTATION,Substation Civils,Leinster,2023-08-23,Preliminaries & Site Setup,,Site supervision - site agent,week,8.0,1946.96,Preliminaries & Site Setup,15575.68
P010-SUBSTATION,Substation Civils,Leinster,2023-08-23,Excavation & Earthworks,,Excav. trench in existing carriageway incl. saw cutting and breaking out,m,132.23,71.84,Excavation & Earthworks,9499.4
P010-SUBSTATION,Substation Civils,Leinster,2023-08-23,Concrete & Structures,,Formwork to edges and faces of concrete,m2,44.1,47.79,Concrete & Structures,2107.54
P010-SUBSTATION,Substation Civils,Leinster,2023-08-23,Cabling & Terminations,,Terminate MV cable into switchgear c/w testing,nr,11.0,787.93,Cabling & Terminations,8667.23
P010-SUBSTATION,Substation Civils,Leinster,2023-08-23,Excavation & Earthworks,,Excavate trench 450mm wide x 750mm deep in soft ground including support and backfill,m,496.41,18.02,Excavation & Earthworks,8945.31
P010-SUBSTATION,Substation Civils,Leinster,2023-08-23,Excavation & Earthworks,,Excavate trench 900mm wide x 1.5m deep in soft ground including support and backfill,m,722.97,38.44,Excavation & Earthworks,27790.97
P010-SUBSTATION,Substation Civils,Leinster,2023-08-23,Ducting & Cable Protection,,Horizontal directional drill 125mm bore including entry and exit pits,m,119.22,171.24,Ducting & Cable Protection,20415.23
P010-SUBSTATION,Substation Civils,Leinster,2023-08-23,Cabling & Terminations,,Blow in fibre optic cable to existing subduct,m,1266.63,3.95,Cabling & Terminations,5003.19
P010-SUBSTATION,Substation Civils,Leinster,2023-08-23,Concrete & Structures,,Blockwork wall 215mm including fair face and capping,m2,61.75,119.42,Concrete & Structures,7374.18
P010-SUBSTATION,Substation Civils,Leinster,2023-08-23,Cabling & Terminations,,Blow in fibre optic cable to existing subduct,m,417.22,3.69,Cabling & Terminations,1539.54
P010-SUBSTATION,Substation Civils,Leinster,2023-08-23,Landscaping & Site Finishes,,Supply and erect post and rail fencing to boundary,m,517.86,23.42,Landscaping & Site Finishes,12128.28
P010-SUBSTATION,Substation Civils,Leinster,2023-08-23,Plant & Equipment Supply,,Supply and install 400kVA ground mounted transformer,nr,1.0,13685.06,Plant & Equipment Supply,13685.06
P010-SUBSTATION,Substation Civils,Leinster,2023-08-23,Plant & Equipment Supply,,Supply and erect 10m public lighting column with LED lantern,nr,9.0,1722.2,Plant & Equipment Supply,15499.8
P010-SUBSTATION,Substation Civils,Leinster,2023-08-23,Concrete & Structures,,Formwork to edges and faces of concrete,m2,35.89,49.62,Concrete & Structures,1780.86
P010-SUBSTATION,Substation Civils,Leinster,2023-08-23,Preliminaries & Site Setup,,"Site set up, welfare unit and secure compound",week,5.0,979.79,Preliminaries & Site Setup,4898.95
P010-SUBSTATION,Substation Civils,Leinster,2023-08-23,Professional Services & Surveys,,Topographical survey and setting out of works (as drawing),day,4.0,923.19,Professional Services & Surveys,3692.76
P010-SUBSTATION,Substation Civils,Leinster,2023-08-23,Preliminaries & Site Setup,,"Insurances, bonds and statutory notices",item,1.0,4036.42,Preliminaries & Site Setup,4036.42
P010-SUBSTATION,Substation Civils,Leinster,2023-08-23,Concrete & Structures,,Construct reinforced concrete plinth to substation unit,nr,9.0,2936.83,Concrete & Structures,26431.47
P010-SUBSTATION,Substation Civils,Leinster,2023-08-23,Concrete & Structures,,Supply and place C30/37 concrete to foundations,m3,41.29,191.49,Concrete & Structures,7906.62
P010-SUBSTATION,Substation Civils,Leinster,2023-08-23,Excavation & Earthworks,,Trench support to deep excavation using proprietary shoring,m,169.64,52.08,Excavation & Earthworks,8834.85
P010-SUBSTATION,Substation Civils,Leinster,2023-08-23,Cabling & Terminations,,Terminate MV cable into switchgear including testing,nr,3.0,918.78,Cabling & Terminations,2756.34
P010-SUBSTATION,Substation Civils,Leinster,2023-08-23,Preliminaries & Site Setup,,Temporary fencing and site security hoarding,m,93.3,38.22,Preliminaries & Site Setup,3565.93
P010-SUBSTATION,Substation Civils,Leinster,2023-08-23,Preliminaries & Site Setup,,Temporary fencing and site security hoarding,m,104.79,35.73,Preliminaries & Site Setup,3744.15
P010-SUBSTATION,Substation Civils,Leinster,2023-08-23,Cabling & Terminations,,"Earthing installation inc. rods, tape and connections",item,1.0,1625.11,Cabling & Terminations,1625.11
P010-SUBSTATION,Substation Civils,Leinster,2023-08-23,Concrete & Structures,,Blockwork wall 215mm c/w fair face and capping,m2,47.2,143.55,Concrete & Structures,6775.56
P010-SUBSTATION,Substation Civils,Leinster,2023-08-23,Professional Services & Surveys,,Topographical survey and setting out of works,day,10.0,447.72,Professional Services & Surveys,4477.2
P010-SUBSTATION,Substation Civils,Leinster,2023-08-23,Ducting & Cable Protection,,SUPPLY AND LAY 160mm dia twinwall duct c/w draw rope,m,469.74,22.33,Ducting & Cable Protection,10489.29
P010-SUBSTATION,Substation Civils,Leinster,2023-08-23,Ducting & Cable Protection,,Supply and lay cable protection tiles and marker tape,m,593.61,5.14,Ducting & Cable Protection,3051.16
P010-SUBSTATION,Substation Civils,Leinster,2023-08-23,Ducting & Cable Protection,,HORIZONTAL DIRECTIONAL DRILL 125MM BORE C/W ENTRY AND EXIT PITS,m,19.68,167.67,Ducting & Cable Protection,3299.75
P010-SUBSTATION,Substation Civils,Leinster,2023-08-23,Concrete & Structures,,Blockwork wall 215mm including fair face and capping,m2,84.05,91.9,Concrete & Structures,7724.2
P010-SUBSTATION,Substation Civils,Leinster,2023-08-23,Preliminaries & Site Setup,,Temporary fencing and site security hoarding,m,40.57,45.57,Preliminaries & Site Setup,1848.77
P010-SUBSTATION,Substation Civils,Leinster,2023-08-23,Concrete & Structures,,Formwork to edges and faces of concrete,m2,326.93,48.85,Concrete & Structures,15970.53
P011-FIBRE,Fibre Duct Network,Dublin,2022-10-25,Professional Services & Surveys,,UTILITY DETECTION SURVEY AND SLIT TRENCHING PRIOR TO EXCAVATION,nr,26.0,263.63,Professional Services & Surveys,6854.38
P011-FIBRE,Fibre Duct Network,Dublin,2022-10-25,Road Reinstatement & Surfacing,,Supply and lay 40mm SMA surface course (as drawing),m2,1883.02,17.69,Road Reinstatement & Surfacing,33310.62
P011-FIBRE,Fibre Duct Network,Dublin,2022-10-25,Excavation & Earthworks,,Excav. trench in existing carriageway c/w saw cutting and breaking out (as drawing),m,529.72,52.35,Excavation & Earthworks,27730.84
P011-FIBRE,Fibre Duct Network,Dublin,2022-10-25,Cabling & Terminations,,Fusion splice fibre optic cable inc. tray and closure,nr,542.0,46.16,Cabling & Terminations,25018.72
P011-FIBRE,Fibre Duct Network,Dublin,2022-10-25,Excavation & Earthworks,,DISPOSAL OF SURPLUS EXCAVATED MATERIAL OFF SITE TO LICENSED FACILITY,m3,1145.6,29.77,Excavation & Earthworks,34104.51
P011-FIBRE,Fibre Duct Network,Dublin,2022-10-25,Traffic Management,,Road closure licence and advance warning signage,item,1.0,1488.87,Traffic Management,1488.87
P011-FIBRE,Fibre Duct Network,Dublin,2022-10-25,Ducting & Cable Protection,,Supply and install draw rope to existing duct,m,982.94,1.04,Ducting & Cable Protection,1022.26
P011-FIBRE,Fibre Duct Network,Dublin,2022-10-25,Excavation & Earthworks,,Dewatering of excavations incl. pumps and settlement tank,week,26.0,787.12,Excavation & Earthworks,20465.12
P011-FIBRE,Fibre Duct Network,Dublin,2022-10-25,Professional Services & Surveys,,Topographical survey and setting out of works,day,21.0,728.28,Professional Services & Surveys,15293.88
P011-FIBRE,Fibre Duct Network,Dublin,2022-10-25,Road Reinstatement & Surfacing,,Planing of existing bituminous surfacing 40mm (as drawing),m2,2717.26,9.62,Road Reinstatement & Surfacing,26140.04
P011-FIBRE,Fibre Duct Network,Dublin,2022-10-25,Cabling & Terminations,,Supply and pull in 185mm2 3 core XLPE MV cable incl. all fixings,m,789.7,24.47,Cabling & Terminations,19323.96
P011-FIBRE,Fibre Duct Network,Dublin,2022-10-25,Road Reinstatement & Surfacing,,SUPPLY AND LAY precast concrete kerbing inc. haunching,m,305.34,69.52,Road Reinstatement & Surfacing,21227.24
P011-FIBRE,Fibre Duct Network,Dublin,2022-10-25,Chambers & Jointing Bays,,Supply & install precast concrete draw pit 600x600 including cover,nr,14.0,701.94,Chambers & Jointing Bays,9827.16
P011-FIBRE,Fibre Duct Network,Dublin,2022-10-25,Professional Services & Surveys,,Preparation of as-built drawings and safety file,item,1.0,777.02,Professional Services & Surveys,777.02
P011-FIBRE,Fibre Duct Network,Dublin,2022-10-25,Ducting & Cable Protection,,Supply and lay 4no. 110mm HDPE duct in prepared trench including bedding,m,1182.12,32.69,Ducting & Cable Protection,38643.5
P011-FIBRE,Fibre Duct Network,Dublin,2022-10-25,Cabling & Terminations,,Blow in fibre optic cable to existing subduct,m,470.23,3.72,Cabling & Terminations,1749.26
P011-FIBRE,Fibre Duct Network,Dublin,2022-10-25,Excavation & Earthworks,,Excavate trench in existing carriageway including saw cutting and breaking out,m,557.77,46.88,Excavation & Earthworks,26148.26
P011-FIBRE,Fibre Duct Network,Dublin,2022-10-25,Chambers & Jointing Bays,,"Construct type JB4 jointing chamber including excavation, base and backfill",nr,14.0,1360.3,Chambers & Jointing Bays,19044.2
P011-FIBRE,Fibre Duct Network,Dublin,2022-10-25,Cabling & Terminations,,STRAIGHT JOINT TO MV CABLE,nr,11.0,869.66,Cabling & Terminations,9566.26
P011-FIBRE,Fibre Duct Network,Dublin,2022-10-25,Excavation & Earthworks,,Dewatering of excavations c/w pumps and settlement tank,week,13.0,693.37,Excavation & Earthworks,9013.81
P011-FIBRE,Fibre Duct Network,Dublin,2022-10-25,Excavation & Earthworks,,Dewatering of excavations including pumps and settlement tank,week,15.0,580.24,Excavation & Earthworks,8703.6
P011-FIBRE,Fibre Duct Network,Dublin,2022-10-25,Ducting & Cable Protection,,Supply and install draw rope to existing duct,m,17348.82,0.83,Ducting & Cable Protection,14399.52
P011-FIBRE,Fibre Duct Network,Dublin,2022-10-25,Chambers & Jointing Bays,,Raise or lower existing chamber to finished road level,nr,44.0,367.76,Chambers & Jointing Bays,16181.44
P011-FIBRE,Fibre Duct Network,Dublin,2022-10-25,Excavation & Earthworks,,Supply and place imported granular fill Clause 804,m3,291.21,42.39,Excavation & Earthworks,12344.39
P011-FIBRE,Fibre Duct Network,Dublin,2022-10-25,Traffic Management,,Road closure licence and advance warning signage,item,1.0,1372.4,Traffic Management,1372.4
P011-FIBRE,Fibre Duct Network,Dublin,2022-10-25,Chambers & Jointing Bays,,Supply and fit B125 composite cover and frame to chamber,nr,20.0,260.08,Chambers & Jointing Bays,5201.6
P011-FIBRE,Fibre Duct Network,Dublin,2022-10-25,Ducting & Cable Protection,,SUPPLY AND INSTALL DRAW ROPE TO EXISTING DUCT,m,935.42,1.53,Ducting & Cable Protection,1431.19
P011-FIBRE,Fibre Duct Network,Dublin,2022-10-25,Ducting & Cable Protection,,Concrete surround to ducts C20/25,m3,51.84,198.23,Ducting & Cable Protection,10276.24
P011-FIBRE,Fibre Duct Network,Dublin,2022-10-25,Traffic Management,,Provision of traffic management with two-way portable signals,week,39.0,2220.16,Traffic Management,86586.24
P011-FIBRE,Fibre Duct Network,Dublin,2022-10-25,Excavation & Earthworks,,Supply and place imported granular fill Clause 804,m3,374.42,48.19,Excavation & Earthworks,18043.3
P011-FIBRE,Fibre Duct Network,Dublin,2022-10-25,Ducting & Cable Protection,,Horizontal directional drill 250mm bore inc. entry and exit pits,m,203.43,268.43,Ducting & Cable Protection,54606.71
P011-FIBRE,Fibre Duct Network,Dublin,2022-10-25,Excavation & Earthworks,,Excavation in rock inc. breaking and removal (as drawing),m3,6.76,167.81,Excavation & Earthworks,1134.4
P011-FIBRE,Fibre Duct Network,Dublin,2022-10-25,Preliminaries & Site Setup,,SITE SUPERVISION - SITE AGENT,week,21.0,1941.82,Preliminaries & Site Setup,40778.22
P012-MV,MV Cable Installation,Munster,2023-03-11,Traffic Management,,PREPARATION AND APPROVAL OF TRAFFIC MANAGEMENT PLAN (CHAPTER 8),item,1.0,379.51,Traffic Management,379.51
P012-MV,MV Cable Installation,Munster,2023-03-11,Road Reinstatement & Surfacing,,Planing of existing bituminous surfacing 40mm,m2,80.37,8.67,Road Reinstatement & Surfacing,696.81
P012-MV,MV Cable Installation,Munster,2023-03-11,Ducting & Cable Protection,,Supply and lay 110mm diameter twinwall duct c/w draw rope,m,110.71,16.21,Ducting & Cable Protection,1794.61
P012-MV,MV Cable Installation,Munster,2023-03-11,Road Reinstatement & Surfacing,,S&L 40mm SMA surface course,m2,634.33,15.37,Road Reinstatement & Surfacing,9749.65
P012-MV,MV Cable Installation,Munster,2023-03-11,Cabling & Terminations,,Terminate MV cable into switchgear inc. testing,nr,4.0,968.72,Cabling & Terminations,3874.88
P012-MV,MV Cable Installation,Munster,2023-03-11,Testing & Commissioning,,Testing and energisation of MV network including switching,item,1.0,2709.54,Testing & Commissioning,2709.54
P012-MV,MV Cable Installation,Munster,2023-03-11,Cabling & Terminations,,Fusion splice fibre optic cable c/w tray and closure,nr,37.0,41.61,Cabling & Terminations,1539.57
P012-MV,MV Cable Installation,Munster,2023-03-11,Plant & Equipment Supply,,S&I 315kVA ground mounted transformer,nr,3.0,13865.89,Plant & Equipment Supply,41597.67
P012-MV,MV Cable Installation,Munster,2023-03-11,Chambers & Jointing Bays,,"Construct type JB9 jointing chamber including excavation, base and backfill",nr,5.0,1579.54,Chambers & Jointing Bays,7897.7
P012-MV,MV Cable Installation,Munster,2023-03-11,Excavation & Earthworks,,Excavation in rock inc. breaking and removal,m3,9.9,158.7,Excavation & Earthworks,1571.13
P012-MV,MV Cable Installation,Munster,2023-03-11,Cabling & Terminations,,Straight joint to MV cable,nr,8.0,846.79,Cabling & Terminations,6774.32
P012-MV,MV Cable Installation,Munster,2023-03-11,Ducting & Cable Protection,,S&L 1no. 110mm HDPE duct in prepared trench incl. bedding,m,144.35,10.87,Ducting & Cable Protection,1569.08
P012-MV,MV Cable Installation,Munster,2023-03-11,Chambers & Jointing Bays,,"Construct type JB6 jointing chamber incl. excavation, base and backfill",nr,10.0,813.07,Chambers & Jointing Bays,8130.7
P012-MV,MV Cable Installation,Munster,2023-03-11,Excavation & Earthworks,,Disposal of surplus excavated material off site to licensed facility,m3,278.14,42.06,Excavation & Earthworks,11698.57
P012-MV,MV Cable Installation,Munster,2023-03-11,Road Reinstatement & Surfacing,,Planing of existing bituminous surfacing 40mm,m2,144.08,7.9,Road Reinstatement & Surfacing,1138.23
P012-MV,MV Cable Installation,Munster,2023-03-11,Cabling & Terminations,,Fusion splice fibre optic cable including tray and closure,nr,63.0,24.55,Cabling & Terminations,1546.65
P012-MV,MV Cable Installation,Munster,2023-03-11,Cabling & Terminations,,Straight joint to MV cable,nr,5.0,1056.24,Cabling & Terminations,5281.2
P012-MV,MV Cable Installation,Munster,2023-03-11,Cabling & Terminations,,Supply and pull in 300mm2 3 core XLPE MV cable including all fixings,m,179.88,51.71,Cabling & Terminations,9301.59
P012-MV,MV Cable Installation,Munster,2023-03-11,Cabling & Terminations,,Supply and pull in 95mm2 3 core XLPE MV cable including all fixings,m,185.92,22.5,Cabling & Terminations,4183.2
P012-MV,MV Cable Installation,Munster,2023-03-11,Chambers & Jointing Bays,,"Construct type JB6 jointing chamber including excavation, base and backfill",nr,3.0,1409.4,Chambers & Jointing Bays,4228.2
P012-MV,MV Cable Installation,Munster,2023-03-11,Cabling & Terminations,,TERMINATE MV CABLE INTO SWITCHGEAR INCLUDING TESTING,nr,3.0,596.91,Cabling & Terminations,1790.73
P012-MV,MV Cable Installation,Munster,2023-03-11,Cabling & Terminations,,Pull in LV service cable 35mm2 to dwelling including duct entry,m,635.12,13.39,Cabling & Terminations,8504.26
P012-MV,MV Cable Installation,Munster,2023-03-11,Ducting & Cable Protection,,HORIZONTAL DIRECTIONAL DRILL 125MM BORE INCLUDING ENTRY AND EXIT PITS,m,88.1,120.5,Ducting & Cable Protection,10616.05
P012-MV,MV Cable Installation,Munster,2023-03-11,Chambers & Jointing Bays,,Supply and fit C250 ductile cover and frame to chamber,nr,2.0,327.58,Chambers & Jointing Bays,655.16
P012-MV,MV Cable Installation,Munster,2023-03-11,Ducting & Cable Protection,,Supply and lay 4no. 110mm HDPE duct in prepared trench including bedding,m,617.6,42.73,Ducting & Cable Protection,26390.05
P012-MV,MV Cable Installation,Munster,2023-03-11,Traffic Management,,ROAD CLOSURE LICENCE AND ADVANCE WARNING SIGNAGE (as drawing),item,1.0,1897.54,Traffic Management,1897.54
P012-MV,MV Cable Installation,Munster,2023-03-11,Cabling & Terminations,,"Earthing installation including rods, tape and connections (as drawing)",item,1.0,1429.6,Cabling & Terminations,1429.6
P012-MV,MV Cable Installation,Munster,2023-03-11,Chambers & Jointing Bays,,Supply and fit C250 ductile cover and frame to chamber,nr,10.0,259.55,Chambers & Jointing Bays,2595.5
P012-MV,MV Cable Installation,Munster,2023-03-11,Ducting & Cable Protection,,Supply & lay cable protection tiles and marker tape,m,79.42,2.86,Ducting & Cable Protection,227.14
P012-MV,MV Cable Installation,Munster,2023-03-11,Testing & Commissioning,,INSULATION RESISTANCE AND CONTINUITY TESTING OF INSTALLED CABLE (as drawing),nr,9.0,249.02,Testing & Commissioning,2241.18
P012-MV,MV Cable Installation,Munster,2023-03-11,Cabling & Terminations,,Blow in fibre optic cable to existing subduct,m,1217.98,3.1,Cabling & Terminations,3775.74
P012-MV,MV Cable Installation,Munster,2023-03-11,Ducting & Cable Protection,,SUPPLY AND LAY 2NO. 110MM HDPE DUCT IN PREPARED TRENCH INCLUDING BEDDING,m,706.88,26.8,Ducting & Cable Protection,18944.38
P012-MV,MV Cable Installation,Munster,2023-03-11,Road Reinstatement & Surfacing,,Reinstate road markings to match existing,m,112.1,9.11,Road Reinstatement & Surfacing,1021.23
P012-MV,MV Cable Installation,Munster,2023-03-11,Ducting & Cable Protection,,Supply and lay 6no. 110mm HDPE duct in prepared trench including bedding,m,1541.62,46.91,Ducting & Cable Protection,72317.39
P012-MV,MV Cable Installation,Munster,2023-03-11,Preliminaries & Site Setup,,"Site set up, welfare unit and secure compound",week,7.0,1128.8,Preliminaries & Site Setup,7901.6
P012-MV,MV Cable Installation,Munster,2023-03-11,Cabling & Terminations,,Supply and pull in 185mm2 3 core XLPE MV cable including all fixings,m,564.34,34.91,Cabling & Terminations,19701.11
P012-MV,MV Cable Installation,Munster,2023-03-11,Ducting & Cable Protection,,Supply & install draw rope to existing duct,m,656.44,0.81,Ducting & Cable Protection,531.72
P012-MV,MV Cable Installation,Munster,2023-03-11,Cabling & Terminations,,Straight joint to MV cable,nr,3.0,1146.51,Cabling & Terminations,3439.53
P012-MV,MV Cable Installation,Munster,2023-03-11,Ducting & Cable Protection,,Horizontal directional drill 180mm bore including entry and exit pits,m,14.82,192.16,Ducting & Cable Protection,2847.81
P012-MV,MV Cable Installation,Munster,2023-03-11,Professional Services & Surveys,,Preparation of as-built drawings and safety file,item,1.0,1589.39,Professional Services & Surveys,1589.39
P013-WATERMAIN,Watermain Rehabilitation,Dublin,2023-09-01,Watermains,,New 25mm water service connection to boundary box,nr,11.0,313.33,Watermains,3446.63
P013-WATERMAIN,Watermain Rehabilitation,Dublin,2023-09-01,Watermains,,New 25mm water service connection to boundary box,nr,64.0,263.01,Watermains,16832.64
P013-WATERMAIN,Watermain Rehabilitation,Dublin,2023-09-01,Traffic Management,,Road closure licence and advance warning signage,item,1.0,1492.05,Traffic Management,1492.05
P013-WATERMAIN,Watermain Rehabilitation,Dublin,2023-09-01,Watermains,,New 25mm water service connection to boundary box,nr,34.0,401.81,Watermains,13661.54
P013-WATERMAIN,Watermain Rehabilitation,Dublin,2023-09-01,Watermains,,Supply and lay 90mm PE100 watermain c/w fittings,m,722.77,50.57,Watermains,36550.48
P013-WATERMAIN,Watermain Rehabilitation,Dublin,2023-09-01,Road Reinstatement & Surfacing,,Supply and lay 50mm HRA surface course,m2,457.67,29.35,Road Reinstatement & Surfacing,13432.61
P013-WATERMAIN,Watermain Rehabilitation,Dublin,2023-09-01,Preliminaries & Site Setup,,Site supervision - site agent,week,30.0,2097.53,Preliminaries & Site Setup,62925.9
P013-WATERMAIN,Watermain Rehabilitation,Dublin,2023-09-01,Watermains,,Supply & install fire hydrant inc. marker post,nr,8.0,1134.97,Watermains,9079.76
P013-WATERMAIN,Watermain Rehabilitation,Dublin,2023-09-01,Chambers & Jointing Bays,,Supply and fit D400 ductile cover and frame to chamber,nr,7.0,422.17,Chambers & Jointing Bays,2955.19
P013-WATERMAIN,Watermain Rehabilitation,Dublin,2023-09-01,Road Reinstatement & Surfacing,,Planing of existing bituminous surfacing 40mm,m2,183.22,9.86,Road Reinstatement & Surfacing,1806.55
P013-WATERMAIN,Watermain Rehabilitation,Dublin,2023-09-01,Traffic Management,,Road closure licence and advance warning signage,item,1.0,1282.6,Traffic Management,1282.6
P013-WATERMAIN,Watermain Rehabilitation,Dublin,2023-09-01,Excavation & Earthworks,,Excavate trench in existing carriageway including saw cutting and breaking out,m,908.16,39.71,Excavation & Earthworks,36063.03
P013-WATERMAIN,Watermain Rehabilitation,Dublin,2023-09-01,Watermains,,S&L 90MM PE100 WATERMAIN INC. FITTINGS,m,614.92,41.23,Watermains,25353.15
P013-WATERMAIN,Watermain Rehabilitation,Dublin,2023-09-01,Road Reinstatement & Surfacing,,Planing of existing bituminous surfacing 40mm,m2,280.24,7.64,Road Reinstatement & Surfacing,2141.03
P013-WATERMAIN,Watermain Rehabilitation,Dublin,2023-09-01,Watermains,,Supply and install fire hydrant incl. marker post,nr,9.0,1185.02,Watermains,10665.18
P013-WATERMAIN,Watermain Rehabilitation,Dublin,2023-09-01,Watermains,,New 25mm water service connection to boundary box,nr,10.0,421.37,Watermains,4213.7
P013-WATERMAIN,Watermain Rehabilitation,Dublin,2023-09-01,Road Reinstatement & Surfacing,,Supply and lay 40mm SMA surface course (as drawing),m2,834.82,24.04,Road Reinstatement & Surfacing,20069.07
P013-WATERMAIN,Watermain Rehabilitation,Dublin,2023-09-01,Watermains,,New 25mm water service connection to boundary box,nr,36.0,412.0,Watermains,14832.0
P013-WATERMAIN,Watermain Rehabilitation,Dublin,2023-09-01,Testing & Commissioning,,Testing and energisation of MV network including switching,item,1.0,1842.28,Testing & Commissioning,1842.28
P013-WATERMAIN,Watermain Rehabilitation,Dublin,2023-09-01,Excavation & Earthworks,,Dewatering of excavations including pumps and settlement tank,week,7.0,1039.36,Excavation & Earthworks,7275.52
P013-WATERMAIN,Watermain Rehabilitation,Dublin,2023-09-01,Excavation & Earthworks,,Excavate trench 600mm wide x 1.0m deep in soft ground c/w support and backfill,m,1371.98,42.34,Excavation & Earthworks,58089.63
P013-WATERMAIN,Watermain Rehabilitation,Dublin,2023-09-01,Watermains,,SUPPLY & INSTALL FIRE HYDRANT INCLUDING MARKER POST,nr,5.0,1229.8,Watermains,6149.0
P013-WATERMAIN,Watermain Rehabilitation,Dublin,2023-09-01,Testing & Commissioning,,Testing and energisation of MV network including switching,item,1.0,2393.81,Testing & Commissioning,2393.81
P013-WATERMAIN,Watermain Rehabilitation,Dublin,2023-09-01,Watermains,,Supply and install fire hydrant incl. marker post,nr,7.0,791.56,Watermains,5540.92
P013-WATERMAIN,Watermain Rehabilitation,Dublin,2023-09-01,Excavation & Earthworks,,Supply and place imported granular fill Clause 804,m3,451.29,49.18,Excavation & Earthworks,22194.44
P013-WATERMAIN,Watermain Rehabilitation,Dublin,2023-09-01,Road Reinstatement & Surfacing,,SUPPLY AND LAY 30mm AC10 surface course,m2,1292.41,17.87,Road Reinstatement & Surfacing,23095.37
P013-WATERMAIN,Watermain Rehabilitation,Dublin,2023-09-01,Preliminaries & Site Setup,,"Site set up, welfare unit and secure compound",week,18.0,1077.91,Preliminaries & Site Setup,19402.38
P013-WATERMAIN,Watermain Rehabilitation,Dublin,2023-09-01,Road Reinstatement & Surfacing,,SUPPLY AND LAY 40MM SMA SURFACE COURSE,m2,2064.14,18.26,Road Reinstatement & Surfacing,37691.2
P013-WATERMAIN,Watermain Rehabilitation,Dublin,2023-09-01,Watermains,,S&I fire hydrant including marker post,nr,13.0,948.84,Watermains,12334.92
P013-WATERMAIN,Watermain Rehabilitation,Dublin,2023-09-01,Excavation & Earthworks,,Supply and place imported granular fill Clause 804 (as drawing),m3,809.27,46.97,Excavation & Earthworks,38011.41
P013-WATERMAIN,Watermain Rehabilitation,Dublin,2023-09-01,Watermains,,Supply and lay 90mm PE100 watermain including fittings,m,336.4,45.6,Watermains,15339.84
P013-WATERMAIN,Watermain Rehabilitation,Dublin,2023-09-01,Chambers & Jointing Bays,,RAISE OR LOWER EXISTING CHAMBER TO FINISHED ROAD LEVEL,nr,14.0,326.69,Chambers & Jointing Bays,4573.66
P013-WATERMAIN,Watermain Rehabilitation,Dublin,2023-09-01,Road Reinstatement & Surfacing,,Planing of existing bituminous surfacing 40mm (as drawing),m2,909.29,6.95,Road Reinstatement & Surfacing,6319.57
P013-WATERMAIN,Watermain Rehabilitation,Dublin,2023-09-01,Watermains,,New 25mm water service connection to boundary box,nr,26.0,322.62,Watermains,8388.12
P013-WATERMAIN,Watermain Rehabilitation,Dublin,2023-09-01,Chambers & Jointing Bays,,"Construct type JB4 jointing chamber including excavation, base and backfill",nr,2.0,850.4,Chambers & Jointing Bays,1700.8
P013-WATERMAIN,Watermain Rehabilitation,Dublin,2023-09-01,Road Reinstatement & Surfacing,,Permanent reinstatement of footpath in bitmac to road opening licence standard,m2,899.17,48.98,Road Reinstatement & Surfacing,44041.35
P013-WATERMAIN,Watermain Rehabilitation,Dublin,2023-09-01,Watermains,,Supply and install fire hydrant including marker post,nr,9.0,839.7,Watermains,7557.3
P013-WATERMAIN,Watermain Rehabilitation,Dublin,2023-09-01,Road Reinstatement & Surfacing,,Supply and lay 40mm SMA surface course,m2,1869.98,27.43,Road Reinstatement & Surfacing,51293.55
P013-WATERMAIN,Watermain Rehabilitation,Dublin,2023-09-01,Excavation & Earthworks,,Excavation in rock c/w breaking and removal,m3,63.23,244.59,Excavation & Earthworks,15465.43
P013-WATERMAIN,Watermain Rehabilitation,Dublin,2023-09-01,Preliminaries & Site Setup,,Site supervision - ganger,week,14.0,1449.57,Preliminaries & Site Setup,20293.98
P013-WATERMAIN,Watermain Rehabilitation,Dublin,2023-09-01,Traffic Management,,Provision of traffic management with two-way portable signals,week,8.0,2210.19,Traffic Management,17681.52
P013-WATERMAIN,Watermain Rehabilitation,Dublin,2023-09-01,Watermains,,Supply and lay 90mm PE100 watermain including fittings,m,276.19,33.72,Watermains,9313.13
P013-WATERMAIN,Watermain Rehabilitation,Dublin,2023-09-01,Road Reinstatement & Surfacing,,Supply and lay precast concrete kerbing including haunching,m,91.27,65.75,Road Reinstatement & Surfacing,6001.0
P013-WATERMAIN,Watermain Rehabilitation,Dublin,2023-09-01,Testing & Commissioning,,Testing and energisation of MV network inc. switching,item,1.0,2646.86,Testing & Commissioning,2646.86
P013-WATERMAIN,Watermain Rehabilitation,Dublin,2023-09-01,Watermains,,SUPPLY AND LAY 180mm PE100 watermain including fittings,m,1043.73,73.3,Watermains,76505.41
P013-WATERMAIN,Watermain Rehabilitation,Dublin,2023-09-01,Preliminaries & Site Setup,,MOBILISATION AND DEMOBILISATION OF PLANT TO SITE,item,1.0,2151.0,Preliminaries & Site Setup,2151.0
P013-WATERMAIN,Watermain Rehabilitation,Dublin,2023-09-01,Road Reinstatement & Surfacing,,Reinstate road markings to match existing,m,405.07,7.49,Road Reinstatement & Surfacing,3033.97
P013-WATERMAIN,Watermain Rehabilitation,Dublin,2023-09-01,Excavation & Earthworks,,Supply and place imported granular fill Clause 804,m3,64.16,43.59,Excavation & Earthworks,2796.73
P013-WATERMAIN,Watermain Rehabilitation,Dublin,2023-09-01,Road Reinstatement & Surfacing,,S&L precast concrete kerbing including haunching,m,436.62,41.5,Road Reinstatement & Surfacing,18119.73
P013-WATERMAIN,Watermain Rehabilitation,Dublin,2023-09-01,Watermains,,SUPPLY AND LAY 250mm PE100 watermain including fittings,m,392.14,152.35,Watermains,59742.53
P013-WATERMAIN,Watermain Rehabilitation,Dublin,2023-09-01,Excavation & Earthworks,,Trench support to deep excavation using proprietary shoring (as drawing),m,142.11,47.43,Excavation & Earthworks,6740.28
P013-WATERMAIN,Watermain Rehabilitation,Dublin,2023-09-01,Traffic Management,,Provision of traffic management including stop/go operatives and signage,week,11.0,1501.26,Traffic Management,16513.86
P013-WATERMAIN,Watermain Rehabilitation,Dublin,2023-09-01,Excavation & Earthworks,,SUPPLY AND PLACE IMPORTED GRANULAR FILL CLAUSE 804,m3,46.23,54.15,Excavation & Earthworks,2503.35
P013-WATERMAIN,Watermain Rehabilitation,Dublin,2023-09-01,Watermains,,New 25mm water service connection to boundary box,nr,16.0,363.6,Watermains,5817.6
P013-WATERMAIN,Watermain Rehabilitation,Dublin,2023-09-01,Preliminaries & Site Setup,,Temporary fencing and site security hoarding,m,89.58,38.11,Preliminaries & Site Setup,3413.89
P013-WATERMAIN,Watermain Rehabilitation,Dublin,2023-09-01,Watermains,,New 25mm water service connection to boundary box (as drawing),nr,40.0,443.2,Watermains,17728.0
P014-FOUL,Foul Drainage Upgrade,Midlands,2023-07-01,Traffic Management,,PROVISION OF TRAFFIC MANAGEMENT FOR FOOTPATH CLOSURE AND PEDESTRIAN DIVERSION,week,28.0,803.67,Traffic Management,22502.76
P014-FOUL,Foul Drainage Upgrade,Midlands,2023-07-01,Road Reinstatement & Surfacing,,Permanent reinstatement of carriageway to road opening licence standard (as drawing),m2,1621.92,54.09,Road Reinstatement & Surfacing,87729.65
P014-FOUL,Foul Drainage Upgrade,Midlands,2023-07-01,Excavation & Earthworks,,Supply and place imported granular fill Clause 804,m3,259.91,61.95,Excavation & Earthworks,16101.42
P014-FOUL,Foul Drainage Upgrade,Midlands,2023-07-01,Drainage,,CCTV SURVEY OF COMPLETED DRAINAGE INC. REPORT (as drawing),m,481.19,3.71,Drainage,1785.21
P014-FOUL,Foul Drainage Upgrade,Midlands,2023-07-01,Drainage,,Construct precast concrete manhole 1500mm dia. 3.0-4.0m deep including cover and frame,nr,11.0,3468.71,Drainage,38155.81
P014-FOUL,Foul Drainage Upgrade,Midlands,2023-07-01,Road Reinstatement & Surfacing,,Supply & lay precast concrete kerbing inc. haunching,m,130.1,34.59,Road Reinstatement & Surfacing,4500.16
P014-FOUL,Foul Drainage Upgrade,Midlands,2023-07-01,Excavation & Earthworks,,Excavate trench 900mm wide x 1.5m deep in soft ground including support and backfill,m,508.29,45.1,Excavation & Earthworks,22923.88
P014-FOUL,Foul Drainage Upgrade,Midlands,2023-07-01,Road Reinstatement & Surfacing,,Supply & lay 40mm SMA surface course,m2,2561.37,19.55,Road Reinstatement & Surfacing,50074.78
P014-FOUL,Foul Drainage Upgrade,Midlands,2023-07-01,Excavation & Earthworks,,Dewatering of excavations incl. pumps and settlement tank,week,10.0,559.77,Excavation & Earthworks,5597.7
P014-FOUL,Foul Drainage Upgrade,Midlands,2023-07-01,Preliminaries & Site Setup,,Temporary fencing and site security hoarding (as drawing),m,66.78,28.31,Preliminaries & Site Setup,1890.54
P014-FOUL,Foul Drainage Upgrade,Midlands,2023-07-01,Drainage,,Construct precast concrete manhole 1050mm dia. 1.5-2.0m deep incl. cover and frame,nr,15.0,2669.46,Drainage,40041.9
P014-FOUL,Foul Drainage Upgrade,Midlands,2023-07-01,Drainage,,SUPPLY & LAY 300MM DIA. UPVC SEWER PIPE C/W BEDDING AND SURROUND,m,562.18,58.58,Drainage,32932.5
P014-FOUL,Foul Drainage Upgrade,Midlands,2023-07-01,Traffic Management,,Preparation and approval of traffic management plan (Chapter 8),item,1.0,625.49,Traffic Management,625.49
P014-FOUL,Foul Drainage Upgrade,Midlands,2023-07-01,Drainage,,S&L 225mm diameter uPVC sewer pipe including bedding and surround,m,323.06,39.17,Drainage,12654.26
P014-FOUL,Foul Drainage Upgrade,Midlands,2023-07-01,Excavation & Earthworks,,Trench support to deep excavation using proprietary shoring,m,361.36,25.83,Excavation & Earthworks,9333.93
P014-FOUL,Foul Drainage Upgrade,Midlands,2023-07-01,Drainage,,S&L 450mm diameter uPVC sewer pipe including bedding and surround (as drawing),m,71.59,151.41,Drainage,10839.44
P014-FOUL,Foul Drainage Upgrade,Midlands,2023-07-01,Excavation & Earthworks,,Disposal of surplus excavated material off site to licensed facility,m3,1832.93,35.74,Excavation & Earthworks,65508.92
P014-FOUL,Foul Drainage Upgrade,Midlands,2023-07-01,Traffic Management,,Road closure licence and advance warning signage,item,1.0,1201.03,Traffic Management,1201.03
P014-FOUL,Foul Drainage Upgrade,Midlands,2023-07-01,Excavation & Earthworks,,Dewatering of excavations including pumps and settlement tank,week,5.0,561.96,Excavation & Earthworks,2809.8
P014-FOUL,Foul Drainage Upgrade,Midlands,2023-07-01,Excavation & Earthworks,,Supply and place imported granular fill Clause 804,m3,126.97,50.69,Excavation & Earthworks,6436.11
P014-FOUL,Foul Drainage Upgrade,Midlands,2023-07-01,Professional Services & Surveys,,Preparation of as-built drawings and safety file (as drawing),item,2.0,1261.51,Professional Services & Surveys,2523.02
P014-FOUL,Foul Drainage Upgrade,Midlands,2023-07-01,Excavation & Earthworks,,Trench support to deep excavation using proprietary shoring,m,952.97,27.73,Excavation & Earthworks,26425.86
P014-FOUL,Foul Drainage Upgrade,Midlands,2023-07-01,Traffic Management,,Road closure licence and advance warning signage,item,1.0,1464.58,Traffic Management,1464.58
P014-FOUL,Foul Drainage Upgrade,Midlands,2023-07-01,Excavation & Earthworks,,Supply and place imported granular fill Clause 804,m3,112.83,49.99,Excavation & Earthworks,5640.37
P014-FOUL,Foul Drainage Upgrade,Midlands,2023-07-01,Excavation & Earthworks,,Excavate trench 450mm wide x 750mm deep in soft ground c/w support and backfill,m,1188.49,15.81,Excavation & Earthworks,18790.03
P014-FOUL,Foul Drainage Upgrade,Midlands,2023-07-01,Excavation & Earthworks,,Excavation in rock including breaking and removal,m3,15.85,84.8,Excavation & Earthworks,1344.08
P014-FOUL,Foul Drainage Upgrade,Midlands,2023-07-01,Road Reinstatement & Surfacing,,Supply and lay 30mm AC10 surface course (as drawing),m2,1045.49,17.03,Road Reinstatement & Surfacing,17804.69
P014-FOUL,Foul Drainage Upgrade,Midlands,2023-07-01,Excavation & Earthworks,,Excavate trench in existing carriageway c/w saw cutting and breaking out,m,259.1,53.53,Excavation & Earthworks,13869.62
P014-FOUL,Foul Drainage Upgrade,Midlands,2023-07-01,Excavation & Earthworks,,Excavate trench in existing carriageway inc. saw cutting and breaking out,m,100.89,36.33,Excavation & Earthworks,3665.33
P014-FOUL,Foul Drainage Upgrade,Midlands,2023-07-01,Professional Services & Surveys,,Topographical survey and setting out of works,day,7.0,704.39,Professional Services & Surveys,4930.73
P014-FOUL,Foul Drainage Upgrade,Midlands,2023-07-01,Drainage,,Supply and lay 450mm dia uPVC sewer pipe inc. bedding and surround,m,33.91,171.55,Drainage,5817.26
P014-FOUL,Foul Drainage Upgrade,Midlands,2023-07-01,Excavation & Earthworks,,EXCAVATION IN ROCK INCLUDING BREAKING AND REMOVAL,m3,283.35,93.85,Excavation & Earthworks,26592.4
P014-FOUL,Foul Drainage Upgrade,Midlands,2023-07-01,Excavation & Earthworks,,Excavate trench 450mm wide x 750mm deep in soft ground including support and backfill,m,845.67,21.55,Excavation & Earthworks,18224.19
P015-LV,LV Reinforcement,Munster,2025-05-03,Cabling & Terminations,,Blow in fibre optic cable to existing subduct,m,477.85,4.12,Cabling & Terminations,1968.74
P015-LV,LV Reinforcement,Munster,2025-05-03,Excavation & Earthworks,,DEWATERING OF EXCAVATIONS C/W PUMPS AND SETTLEMENT TANK,week,8.0,1248.35,Excavation & Earthworks,9986.8
P015-LV,LV Reinforcement,Munster,2025-05-03,Cabling & Terminations,,Pull in LV service cable 25mm2 to dwelling including duct entry,m,193.13,13.27,Cabling & Terminations,2562.84
P015-LV,LV Reinforcement,Munster,2025-05-03,Road Reinstatement & Surfacing,,S&L precast concrete kerbing including haunching,m,405.59,49.76,Road Reinstatement & Surfacing,20182.16
P015-LV,LV Reinforcement,Munster,2025-05-03,Cabling & Terminations,,Terminate MV cable into switchgear incl. testing (as drawing),nr,1.0,803.54,Cabling & Terminations,803.54
P015-LV,LV Reinforcement,Munster,2025-05-03,Cabling & Terminations,,Blow in fibre optic cable to existing subduct,m,510.52,5.79,Cabling & Terminations,2955.91
P015-LV,LV Reinforcement,Munster,2025-05-03,Excavation & Earthworks,,Excav. trench in existing carriageway inc. saw cutting and breaking out,m,1038.81,42.06,Excavation & Earthworks,43692.35
P015-LV,LV Reinforcement,Munster,2025-05-03,Excavation & Earthworks,,Dewatering of excavations including pumps and settlement tank,week,3.0,952.69,Excavation & Earthworks,2858.07
P015-LV,LV Reinforcement,Munster,2025-05-03,Cabling & Terminations,,Terminate MV cable into switchgear including testing,nr,3.0,788.57,Cabling & Terminations,2365.71
P015-LV,LV Reinforcement,Munster,2025-05-03,Traffic Management,,Road closure licence and advance warning signage,item,1.0,1582.42,Traffic Management,1582.42
P015-LV,LV Reinforcement,Munster,2025-05-03,Testing & Commissioning,,"Pressure testing, swabbing and disinfection of new watermain",m,204.76,4.4,Testing & Commissioning,900.94
P015-LV,LV Reinforcement,Munster,2025-05-03,Ducting & Cable Protection,,SUPPLY AND LAY 4NO. 110MM HDPE DUCT IN PREPARED TRENCH INCLUDING BEDDING,m,345.96,58.91,Ducting & Cable Protection,20380.5
P015-LV,LV Reinforcement,Munster,2025-05-03,Excavation & Earthworks,,Excavation in rock including breaking and removal,m3,130.1,124.82,Excavation & Earthworks,16239.08
P015-LV,LV Reinforcement,Munster,2025-05-03,Cabling & Terminations,,BLOW IN FIBRE OPTIC CABLE TO EXISTING SUBDUCT,m,300.15,3.82,Cabling & Terminations,1146.57
P015-LV,LV Reinforcement,Munster,2025-05-03,Road Reinstatement & Surfacing,,PERMANENT REINSTATEMENT OF CARRIAGEWAY TO ROAD OPENING LICENCE STANDARD,m2,318.48,67.28,Road Reinstatement & Surfacing,21427.33
P015-LV,LV Reinforcement,Munster,2025-05-03,Traffic Management,,Road closure licence and advance warning signage,item,1.0,1768.77,Traffic Management,1768.77
P015-LV,LV Reinforcement,Munster,2025-05-03,Excavation & Earthworks,,Excav. trench in existing carriageway including saw cutting and breaking out,m,373.89,51.54,Excavation & Earthworks,19270.29
P015-LV,LV Reinforcement,Munster,2025-05-03,Cabling & Terminations,,Straight joint to MV cable (as drawing),nr,4.0,1408.53,Cabling & Terminations,5634.12
P015-LV,LV Reinforcement,Munster,2025-05-03,Plant & Equipment Supply,,Supply and install feeder pillar c/w connections,nr,1.0,1927.85,Plant & Equipment Supply,1927.85
P015-LV,LV Reinforcement,Munster,2025-05-03,Preliminaries & Site Setup,,"Site set up, welfare unit and secure compound",week,15.0,781.23,Preliminaries & Site Setup,11718.45
P015-LV,LV Reinforcement,Munster,2025-05-03,Plant & Equipment Supply,,Supply and install feeder pillar incl. connections,nr,4.0,1914.79,Plant & Equipment Supply,7659.16
P015-LV,LV Reinforcement,Munster,2025-05-03,Road Reinstatement & Surfacing,,Permanent reinstatement of footpath in bitmac to road opening licence standard,m2,997.71,44.76,Road Reinstatement & Surfacing,44657.5
P015-LV,LV Reinforcement,Munster,2025-05-03,Road Reinstatement & Surfacing,,Supply and lay precast concrete kerbing including haunching,m,389.31,37.44,Road Reinstatement & Surfacing,14575.77
P015-LV,LV Reinforcement,Munster,2025-05-03,Ducting & Cable Protection,,SUPPLY AND INSTALL DRAW ROPE TO EXISTING DUCT,m,478.61,1.62,Ducting & Cable Protection,775.35
P015-LV,LV Reinforcement,Munster,2025-05-03,Plant & Equipment Supply,,Supply and install 315kVA ground mounted transformer,nr,1.0,9701.13,Plant & Equipment Supply,9701.13
P015-LV,LV Reinforcement,Munster,2025-05-03,Road Reinstatement & Surfacing,,Supply and lay 30mm AC10 surface course,m2,162.4,23.75,Road Reinstatement & Surfacing,3857.0
P015-LV,LV Reinforcement,Munster,2025-05-03,Road Reinstatement & Surfacing,,Supply and lay 40mm SMA surface course,m2,367.43,17.81,Road Reinstatement & Surfacing,6543.93
P015-LV,LV Reinforcement,Munster,2025-05-03,Ducting & Cable Protection,,SUPPLY AND LAY CABLE PROTECTION TILES AND MARKER TAPE (as drawing),m,130.69,2.95,Ducting & Cable Protection,385.54
P015-LV,LV Reinforcement,Munster,2025-05-03,Excavation & Earthworks,,Excavation in rock c/w breaking and removal,m3,55.95,77.8,Excavation & Earthworks,4352.91
P015-LV,LV Reinforcement,Munster,2025-05-03,Traffic Management,,Provision of traffic management including stop/go operatives and signage,week,4.0,1233.6,Traffic Management,4934.4
P015-LV,LV Reinforcement,Munster,2025-05-03,Excavation & Earthworks,,Dewatering of excavations c/w pumps and settlement tank,week,10.0,895.71,Excavation & Earthworks,8957.1
P015-LV,LV Reinforcement,Munster,2025-05-03,Plant & Equipment Supply,,Supply and install 315kVA ground mounted transformer,nr,1.0,14760.14,Plant & Equipment Supply,14760.14
P015-LV,LV Reinforcement,Munster,2025-05-03,Excavation & Earthworks,,Dewatering of excavations including pumps and settlement tank,week,10.0,625.31,Excavation & Earthworks,6253.1
P015-LV,LV Reinforcement,Munster,2025-05-03,Traffic Management,,Provision of traffic management inc. stop/go operatives and signage,week,5.0,1426.54,Traffic Management,7132.7
P015-LV,LV Reinforcement,Munster,2025-05-03,Excavation & Earthworks,,Disposal of surplus excavated material off site to licensed facility,m3,585.49,33.4,Excavation & Earthworks,19555.37
P015-LV,LV Reinforcement,Munster,2025-05-03,Cabling & Terminations,,Pull in LV service cable 25mm2 to dwelling including duct entry,m,47.78,18.77,Cabling & Terminations,896.83
P015-LV,LV Reinforcement,Munster,2025-05-03,Cabling & Terminations,,Blow in fibre optic cable to existing subduct,m,1691.44,4.39,Cabling & Terminations,7425.42
P015-LV,LV Reinforcement,Munster,2025-05-03,Preliminaries & Site Setup,,Site supervision - site agent,week,25.0,1271.53,Preliminaries & Site Setup,31788.25
P015-LV,LV Reinforcement,Munster,2025-05-03,Cabling & Terminations,,Blow in fibre optic cable to existing subduct,m,828.67,6.11,Cabling & Terminations,5063.17
P015-LV,LV Reinforcement,Munster,2025-05-03,Excavation & Earthworks,,Dewatering of excavations including pumps and settlement tank,week,6.0,783.88,Excavation & Earthworks,4703.28
P015-LV,LV Reinforcement,Munster,2025-05-03,Excavation & Earthworks,,Supply and place imported granular fill Clause 804,m3,173.86,63.9,Excavation & Earthworks,11109.65
P015-LV,LV Reinforcement,Munster,2025-05-03,Traffic Management,,Provision of traffic management for footpath closure and pedestrian diversion,week,6.0,820.13,Traffic Management,4920.78
P015-LV,LV Reinforcement,Munster,2025-05-03,Preliminaries & Site Setup,,SITE SUPERVISION - PROJECT ENGINEER,week,6.0,1867.31,Preliminaries & Site Setup,11203.86
P015-LV,LV Reinforcement,Munster,2025-05-03,Road Reinstatement & Surfacing,,Planing of existing bituminous surfacing 40mm,m2,183.48,8.88,Road Reinstatement & Surfacing,1629.3
P015-LV,LV Reinforcement,Munster,2025-05-03,Cabling & Terminations,,"Earthing installation c/w rods, tape and connections",item,1.0,1541.23,Cabling & Terminations,1541.23
P015-LV,LV Reinforcement,Munster,2025-05-03,Excavation & Earthworks,,Supply and place imported granular fill Clause 804,m3,256.39,44.46,Excavation & Earthworks,11399.1
P015-LV,LV Reinforcement,Munster,2025-05-03,Ducting & Cable Protection,,Supply and lay 1no. 110mm HDPE duct in prepared trench including bedding,m,405.96,12.14,Ducting & Cable Protection,4928.35
P015-LV,LV Reinforcement,Munster,2025-05-03,Preliminaries & Site Setup,,"Insurances, bonds and statutory notices (as drawing)",item,1.0,5489.7,Preliminaries & Site Setup,5489.7
P015-LV,LV Reinforcement,Munster,2025-05-03,Traffic Management,,Provision of traffic management including stop/go operatives and signage,week,7.0,694.41,Traffic Management,4860.87
P015-LV,LV Reinforcement,Munster,2025-05-03,Cabling & Terminations,,Straight joint to MV cable (as drawing),nr,10.0,1436.99,Cabling & Terminations,14369.9
P015-LV,LV Reinforcement,Munster,2025-05-03,Excavation & Earthworks,,Supply and place imported granular fill Clause 804,m3,238.02,37.59,Excavation & Earthworks,8947.17
P015-LV,LV Reinforcement,Munster,2025-05-03,Road Reinstatement & Surfacing,,Supply and lay 50mm HRA surface course,m2,1218.36,27.8,Road Reinstatement & Surfacing,33870.41
P015-LV,LV Reinforcement,Munster,2025-05-03,Road Reinstatement & Surfacing,,Permanent reinstatement of footpath in bitmac to road opening licence standard,m2,692.46,46.79,Road Reinstatement & Surfacing,32400.2
P015-LV,LV Reinforcement,Munster,2025-05-03,Road Reinstatement & Surfacing,,Supply and lay 50mm HRA surface course,m2,453.38,25.1,Road Reinstatement & Surfacing,11379.84
P015-LV,LV Reinforcement,Munster,2025-05-03,Road Reinstatement & Surfacing,,Permanent reinstatement of footpath in concrete flags to road opening licence standard,m2,464.58,71.08,Road Reinstatement & Surfacing,33022.35
P015-LV,LV Reinforcement,Munster,2025-05-03,Road Reinstatement & Surfacing,,Permanent reinstatement of carriageway to road opening licence standard,m2,255.98,71.46,Road Reinstatement & Surfacing,18292.33
P016-FIBRE,Fibre Duct Network,Connacht,2024-04-05,Chambers & Jointing Bays,,Supply and fit B125 composite cover and frame to chamber,nr,57.0,212.47,Chambers & Jointing Bays,12110.79
P016-FIBRE,Fibre Duct Network,Connacht,2024-04-05,Preliminaries & Site Setup,,"Site set up, welfare unit and secure compound",week,28.0,943.59,Preliminaries & Site Setup,26420.52
P016-FIBRE,Fibre Duct Network,Connacht,2024-04-05,Ducting & Cable Protection,,S&L cable protection tiles and marker tape,m,1114.09,3.06,Ducting & Cable Protection,3409.12
P016-FIBRE,Fibre Duct Network,Connacht,2024-04-05,Traffic Management,,Road closure licence and advance warning signage,item,1.0,1037.51,Traffic Management,1037.51
P016-FIBRE,Fibre Duct Network,Connacht,2024-04-05,Cabling & Terminations,,Supply and pull in 95mm2 3 core XLPE MV cable incl. all fixings (as drawing),m,733.96,31.83,Cabling & Terminations,23361.95
P016-FIBRE,Fibre Duct Network,Connacht,2024-04-05,Professional Services & Surveys,,TOPOGRAPHICAL SURVEY AND SETTING OUT OF WORKS,day,10.0,712.45,Professional Services & Surveys,7124.5
P016-FIBRE,Fibre Duct Network,Connacht,2024-04-05,Road Reinstatement & Surfacing,,Planing of existing bituminous surfacing 40mm,m2,945.73,5.81,Road Reinstatement & Surfacing,5494.69
P016-FIBRE,Fibre Duct Network,Connacht,2024-04-05,Professional Services & Surveys,,Preparation of as-built drawings and safety file,item,1.0,633.96,Professional Services & Surveys,633.96
P016-FIBRE,Fibre Duct Network,Connacht,2024-04-05,Cabling & Terminations,,Pull in LV service cable 35mm2 to dwelling c/w duct entry,m,256.01,20.26,Cabling & Terminations,5186.76
P016-FIBRE,Fibre Duct Network,Connacht,2024-04-05,Ducting & Cable Protection,,Supply and lay 225mm diameter twinwall duct inc. draw rope,m,788.9,39.53,Ducting & Cable Protection,31185.22
P016-FIBRE,Fibre Duct Network,Connacht,2024-04-05,Excavation & Earthworks,,Supply and place imported granular fill Clause 804,m3,872.36,36.17,Excavation & Earthworks,31553.26
P016-FIBRE,Fibre Duct Network,Connacht,2024-04-05,Traffic Management,,PREPARATION AND APPROVAL OF TRAFFIC MANAGEMENT PLAN (CHAPTER 8) (as drawing),item,1.0,715.25,Traffic Management,715.25
P016-FIBRE,Fibre Duct Network,Connacht,2024-04-05,Road Reinstatement & Surfacing,,S&L 50mm HRA surface course,m2,2372.55,19.01,Road Reinstatement & Surfacing,45102.18
P016-FIBRE,Fibre Duct Network,Connacht,2024-04-05,Excavation & Earthworks,,Dewatering of excavations including pumps and settlement tank (as drawing),week,10.0,812.51,Excavation & Earthworks,8125.1
P016-FIBRE,Fibre Duct Network,Connacht,2024-04-05,Excavation & Earthworks,,Excavation in rock including breaking and removal,m3,89.49,152.44,Excavation & Earthworks,13641.86
P016-FIBRE,Fibre Duct Network,Connacht,2024-04-05,Chambers & Jointing Bays,,"Construct type JB4 jointing chamber including excavation, base and backfill (as drawing)",nr,22.0,1069.62,Chambers & Jointing Bays,23531.64
P016-FIBRE,Fibre Duct Network,Connacht,2024-04-05,Ducting & Cable Protection,,Concrete surround to ducts C20/25 (as drawing),m3,20.93,138.99,Ducting & Cable Protection,2909.06
P016-FIBRE,Fibre Duct Network,Connacht,2024-04-05,Ducting & Cable Protection,,Supply and lay 160mm dia. twinwall duct inc. draw rope,m,1025.0,16.67,Ducting & Cable Protection,17086.75
P016-FIBRE,Fibre Duct Network,Connacht,2024-04-05,Chambers & Jointing Bays,,Raise or lower existing chamber to finished road level,nr,27.0,336.03,Chambers & Jointing Bays,9072.81
P016-FIBRE,Fibre Duct Network,Connacht,2024-04-05,Road Reinstatement & Surfacing,,Reinstate road markings to match existing,m,1768.04,5.56,Road Reinstatement & Surfacing,9830.3
P016-FIBRE,Fibre Duct Network,Connacht,2024-04-05,Traffic Management,,Preparation and approval of traffic management plan (Chapter 8),item,1.0,689.01,Traffic Management,689.01
P016-FIBRE,Fibre Duct Network,Connacht,2024-04-05,Road Reinstatement & Surfacing,,PERMANENT REINSTATEMENT OF CARRIAGEWAY TO ROAD OPENING LICENCE STANDARD,m2,1337.93,69.63,Road Reinstatement & Surfacing,93160.07
P016-FIBRE,Fibre Duct Network,Connacht,2024-04-05,Traffic Management,,PREPARATION AND APPROVAL OF TRAFFIC MANAGEMENT PLAN (CHAPTER 8),item,1.0,434.49,Traffic Management,434.49
P016-FIBRE,Fibre Duct Network,Connacht,2024-04-05,Preliminaries & Site Setup,,Temporary fencing and site security hoarding,m,758.59,23.38,Preliminaries & Site Setup,17735.83
P016-FIBRE,Fibre Duct Network,Connacht,2024-04-05,Excavation & Earthworks,,Trench support to deep excavation using proprietary shoring,m,221.03,41.0,Excavation & Earthworks,9062.23
P016-FIBRE,Fibre Duct Network,Connacht,2024-04-05,Excavation & Earthworks,,Supply and place imported granular fill Clause 804,m3,233.18,39.14,Excavation & Earthworks,9126.67
P016-FIBRE,Fibre Duct Network,Connacht,2024-04-05,Ducting & Cable Protection,,CONCRETE SURROUND TO DUCTS C20/25,m3,102.2,214.62,Ducting & Cable Protection,21934.16
P016-FIBRE,Fibre Duct Network,Connacht,2024-04-05,Professional Services & Surveys,,Utility detection survey and slit trenching prior to excavation,nr,32.0,492.68,Professional Services & Surveys,15765.76
P016-FIBRE,Fibre Duct Network,Connacht,2024-04-05,Ducting & Cable Protection,,Concrete surround to ducts C20/25,m3,98.14,126.44,Ducting & Cable Protection,12408.82
P016-FIBRE,Fibre Duct Network,Connacht,2024-04-05,Road Reinstatement & Surfacing,,Permanent reinstatement of footpath in concrete flags to road opening licence standard,m2,934.56,51.29,Road Reinstatement & Surfacing,47933.58
P016-FIBRE,Fibre Duct Network,Connacht,2024-04-05,Ducting & Cable Protection,,Supply and lay 110mm diameter twinwall duct including draw rope,m,3142.52,12.33,Ducting & Cable Protection,38747.27
P016-FIBRE,Fibre Duct Network,Connacht,2024-04-05,Cabling & Terminations,,Fusion splice fibre optic cable including tray and closure (as drawing),nr,440.0,35.16,Cabling & Terminations,15470.4
P016-FIBRE,Fibre Duct Network,Connacht,2024-04-05,Cabling & Terminations,,SUPPLY AND PULL IN 185MM2 3 CORE XLPE MV CABLE INCLUDING ALL FIXINGS,m,379.08,47.69,Cabling & Terminations,18078.33
P016-FIBRE,Fibre Duct Network,Connacht,2024-04-05,Ducting & Cable Protection,,S&L 2no. 110mm HDPE duct in prepared trench including bedding,m,1381.95,13.64,Ducting & Cable Protection,18849.8
P016-FIBRE,Fibre Duct Network,Connacht,2024-04-05,Ducting & Cable Protection,,Horizontal directional drill 125mm bore including entry and exit pits,m,247.63,110.4,Ducting & Cable Protection,27338.35
P016-FIBRE,Fibre Duct Network,Connacht,2024-04-05,Excavation & Earthworks,,Excavate trench 450mm wide x 750mm deep in soft ground including support and backfill,m,2041.48,12.59,Excavation & Earthworks,25702.23
P016-FIBRE,Fibre Duct Network,Connacht,2024-04-05,Ducting & Cable Protection,,Supply & lay 6no. 110mm HDPE duct in prepared trench c/w bedding,m,540.04,40.19,Ducting & Cable Protection,21704.21
P017-FIBRE,Fibre Duct Network,Dublin,2023-07-04,Road Reinstatement & Surfacing,,Planing of existing bituminous surfacing 40mm (as drawing),m2,1019.56,6.6,Road Reinstatement & Surfacing,6729.1
P017-FIBRE,Fibre Duct Network,Dublin,2023-07-04,Cabling & Terminations,,Straight joint to MV cable,nr,13.0,1068.93,Cabling & Terminations,13896.09
P017-FIBRE,Fibre Duct Network,Dublin,2023-07-04,Ducting & Cable Protection,,Horizontal directional drill 125mm bore including entry and exit pits,m,50.9,101.25,Ducting & Cable Protection,5153.62
P017-FIBRE,Fibre Duct Network,Dublin,2023-07-04,Excavation & Earthworks,,Dewatering of excavations including pumps and settlement tank,week,14.0,765.88,Excavation & Earthworks,10722.32
P017-FIBRE,Fibre Duct Network,Dublin,2023-07-04,Ducting & Cable Protection,,Supply and lay 110mm dia. twinwall duct including draw rope,m,138.5,20.48,Ducting & Cable Protection,2836.48
P017-FIBRE,Fibre Duct Network,Dublin,2023-07-04,Preliminaries & Site Setup,,Mobilisation and demobilisation of plant to site,item,1.0,2831.86,Preliminaries & Site Setup,2831.86
P017-FIBRE,Fibre Duct Network,Dublin,2023-07-04,Excavation & Earthworks,,Excavate trench 600mm wide x 1.0m deep in soft ground inc. support and backfill,m,483.52,32.01,Excavation & Earthworks,15477.48
P017-FIBRE,Fibre Duct Network,Dublin,2023-07-04,Professional Services & Surveys,,Topographical survey and setting out of works,day,7.0,577.88,Professional Services & Surveys,4045.16
P017-FIBRE,Fibre Duct Network,Dublin,2023-07-04,Traffic Management,,Road closure licence and advance warning signage,item,2.0,1216.68,Traffic Management,2433.36
P017-FIBRE,Fibre Duct Network,Dublin,2023-07-04,Excavation & Earthworks,,Excavate trench 900mm wide x 1.5m deep in soft ground including support and backfill,m,940.7,45.86,Excavation & Earthworks,43140.5
P017-FIBRE,Fibre Duct Network,Dublin,2023-07-04,Cabling & Terminations,,Straight joint to MV cable,nr,5.0,1575.69,Cabling & Terminations,7878.45
P017-FIBRE,Fibre Duct Network,Dublin,2023-07-04,Excavation & Earthworks,,Supply and place imported granular fill Clause 804,m3,100.87,45.64,Excavation & Earthworks,4603.71
P017-FIBRE,Fibre Duct Network,Dublin,2023-07-04,Traffic Management,,PREPARATION AND APPROVAL OF TRAFFIC MANAGEMENT PLAN (CHAPTER 8) (as drawing),item,1.0,796.49,Traffic Management,796.49
P017-FIBRE,Fibre Duct Network,Dublin,2023-07-04,Excavation & Earthworks,,Dewatering of excavations including pumps and settlement tank,week,7.0,1095.44,Excavation & Earthworks,7668.08
P017-FIBRE,Fibre Duct Network,Dublin,2023-07-04,Excavation & Earthworks,,Trench support to deep excavation using proprietary shoring (as drawing),m,16.59,52.45,Excavation & Earthworks,870.15
P017-FIBRE,Fibre Duct Network,Dublin,2023-07-04,Excavation & Earthworks,,Supply and place imported granular fill Clause 804,m3,149.14,33.57,Excavation & Earthworks,5006.63
P017-FIBRE,Fibre Duct Network,Dublin,2023-07-04,Traffic Management,,Provision of traffic management for footpath closure and pedestrian diversion,week,5.0,869.62,Traffic Management,4348.1
P017-FIBRE,Fibre Duct Network,Dublin,2023-07-04,Excavation & Earthworks,,Trench support to deep excavation using proprietary shoring,m,64.45,51.14,Excavation & Earthworks,3295.97
P017-FIBRE,Fibre Duct Network,Dublin,2023-07-04,Cabling & Terminations,,Pull in LV service cable 35mm2 to dwelling c/w duct entry,m,400.73,17.71,Cabling & Terminations,7096.93
P017-FIBRE,Fibre Duct Network,Dublin,2023-07-04,Road Reinstatement & Surfacing,,S&L 50mm HRA surface course,m2,1583.82,28.7,Road Reinstatement & Surfacing,45455.63
P017-FIBRE,Fibre Duct Network,Dublin,2023-07-04,Ducting & Cable Protection,,HORIZONTAL DIRECTIONAL DRILL 125MM BORE INCLUDING ENTRY AND EXIT PITS,m,123.79,161.83,Ducting & Cable Protection,20032.94
P017-FIBRE,Fibre Duct Network,Dublin,2023-07-04,Road Reinstatement & Surfacing,,Reinstate road markings to match existing,m,199.06,9.35,Road Reinstatement & Surfacing,1861.21
P017-FIBRE,Fibre Duct Network,Dublin,2023-07-04,Ducting & Cable Protection,,Supply and lay 1no. 110mm HDPE duct in prepared trench c/w bedding (as drawing),m,2253.14,15.76,Ducting & Cable Protection,35509.49
P017-FIBRE,Fibre Duct Network,Dublin,2023-07-04,Preliminaries & Site Setup,,Temporary fencing and site security hoarding,m,663.49,24.14,Preliminaries & Site Setup,16016.65
P017-FIBRE,Fibre Duct Network,Dublin,2023-07-04,Ducting & Cable Protection,,Supply & install draw rope to existing duct,m,600.17,1.58,Ducting & Cable Protection,948.27
P017-FIBRE,Fibre Duct Network,Dublin,2023-07-04,Preliminaries & Site Setup,,Temporary fencing and site security hoarding,m,145.74,25.81,Preliminaries & Site Setup,3761.55
P017-FIBRE,Fibre Duct Network,Dublin,2023-07-04,Excavation & Earthworks,,Excavate trench 900mm wide x 1.5m deep in soft ground incl. support and backfill,m,185.16,70.17,Excavation & Earthworks,12992.68
P017-FIBRE,Fibre Duct Network,Dublin,2023-07-04,Ducting & Cable Protection,,S&L 225mm dia twinwall duct including draw rope,m,39.51,25.74,Ducting & Cable Protection,1016.99
P017-FIBRE,Fibre Duct Network,Dublin,2023-07-04,Cabling & Terminations,,Straight joint to MV cable,nr,9.0,1272.4,Cabling & Terminations,11451.6
P017-FIBRE,Fibre Duct Network,Dublin,2023-07-04,Traffic Management,,Road closure licence and advance warning signage,item,1.0,1170.31,Traffic Management,1170.31
P017-FIBRE,Fibre Duct Network,Dublin,2023-07-04,Road Reinstatement & Surfacing,,Supply and lay precast concrete kerbing incl. haunching (as drawing),m,146.34,57.02,Road Reinstatement & Surfacing,8344.31
P017-FIBRE,Fibre Duct Network,Dublin,2023-07-04,Excavation & Earthworks,,Excavate trench 900mm wide x 1.5m deep in soft ground inc. support and backfill,m,1264.89,51.11,Excavation & Earthworks,64648.53
P017-FIBRE,Fibre Duct Network,Dublin,2023-07-04,Cabling & Terminations,,Pull in LV service cable 25mm2 to dwelling incl. duct entry,m,70.65,9.11,Cabling & Terminations,643.62
P017-FIBRE,Fibre Duct Network,Dublin,2023-07-04,Ducting & Cable Protection,,SUPPLY AND LAY cable protection tiles and marker tape,m,476.08,3.01,Ducting & Cable Protection,1433.0
P017-FIBRE,Fibre Duct Network,Dublin,2023-07-04,Chambers & Jointing Bays,,"Construct type JB12 jointing chamber including excavation, base and backfill",nr,8.0,4524.53,Chambers & Jointing Bays,36196.24
P017-FIBRE,Fibre Duct Network,Dublin,2023-07-04,Road Reinstatement & Surfacing,,Reinstate road markings to match existing (as drawing),m,50.88,10.75,Road Reinstatement & Surfacing,546.96
P017-FIBRE,Fibre Duct Network,Dublin,2023-07-04,Traffic Management,,Provision of traffic management incl. stop/go operatives and signage,week,18.0,1420.22,Traffic Management,25563.96
P017-FIBRE,Fibre Duct Network,Dublin,2023-07-04,Excavation & Earthworks,,EXCAVATE TRENCH IN EXISTING CARRIAGEWAY INC. SAW CUTTING AND BREAKING OUT,m,180.83,72.73,Excavation & Earthworks,13151.77
P017-FIBRE,Fibre Duct Network,Dublin,2023-07-04,Road Reinstatement & Surfacing,,Supply and lay 30mm AC10 surface course,m2,348.25,22.67,Road Reinstatement & Surfacing,7894.83
P017-FIBRE,Fibre Duct Network,Dublin,2023-07-04,Preliminaries & Site Setup,,Temporary fencing and site security hoarding,m,666.71,38.6,Preliminaries & Site Setup,25735.01
P017-FIBRE,Fibre Duct Network,Dublin,2023-07-04,Traffic Management,,Road closure licence and advance warning signage,item,1.0,903.03,Traffic Management,903.03
P017-FIBRE,Fibre Duct Network,Dublin,2023-07-04,Professional Services & Surveys,,Topographical survey and setting out of works,day,15.0,641.86,Professional Services & Surveys,9627.9
P017-FIBRE,Fibre Duct Network,Dublin,2023-07-04,Ducting & Cable Protection,,Supply and lay cable protection tiles and marker tape,m,1715.93,2.15,Ducting & Cable Protection,3689.25
P017-FIBRE,Fibre Duct Network,Dublin,2023-07-04,Cabling & Terminations,,Supply and pull in 300mm2 3 core XLPE MV cable including all fixings,m,1171.15,38.85,Cabling & Terminations,45499.18
P017-FIBRE,Fibre Duct Network,Dublin,2023-07-04,Excavation & Earthworks,,Excavate trench 600mm wide x 1.0m deep in soft ground inc. support and backfill,m,794.11,15.52,Excavation & Earthworks,12324.59
P017-FIBRE,Fibre Duct Network,Dublin,2023-07-04,Excavation & Earthworks,,Trench support to deep excavation using proprietary shoring,m,16.02,53.64,Excavation & Earthworks,859.31
P017-FIBRE,Fibre Duct Network,Dublin,2023-07-04,Road Reinstatement & Surfacing,,Supply & lay precast concrete kerbing including haunching,m,168.73,54.23,Road Reinstatement & Surfacing,9150.23
P017-FIBRE,Fibre Duct Network,Dublin,2023-07-04,Excavation & Earthworks,,Excav. trench in existing carriageway including saw cutting and breaking out,m,510.43,31.61,Excavation & Earthworks,16134.69
P017-FIBRE,Fibre Duct Network,Dublin,2023-07-04,Ducting & Cable Protection,,Horizontal directional drill 125mm bore incl. entry and exit pits,m,340.04,147.45,Ducting & Cable Protection,50138.9
P017-FIBRE,Fibre Duct Network,Dublin,2023-07-04,Cabling & Terminations,,"EARTHING INSTALLATION INCLUDING RODS, TAPE AND CONNECTIONS",item,1.0,2158.07,Cabling & Terminations,2158.07
P017-FIBRE,Fibre Duct Network,Dublin,2023-07-04,Ducting & Cable Protection,,Supply and lay 110mm diameter twinwall duct including draw rope,m,237.53,19.16,Ducting & Cable Protection,4551.07
P017-FIBRE,Fibre Duct Network,Dublin,2023-07-04,Traffic Management,,Preparation and approval of traffic management plan (Chapter 8),item,1.0,803.88,Traffic Management,803.88
P017-FIBRE,Fibre Duct Network,Dublin,2023-07-04,Excavation & Earthworks,,Exc. trench 450mm wide x 750mm deep in soft ground including support and backfill,m,602.01,15.95,Excavation & Earthworks,9602.06
P017-FIBRE,Fibre Duct Network,Dublin,2023-07-04,Excavation & Earthworks,,DEWATERING OF EXCAVATIONS INCL. PUMPS AND SETTLEMENT TANK,week,5.0,676.23,Excavation & Earthworks,3381.15
P017-FIBRE,Fibre Duct Network,Dublin,2023-07-04,Excavation & Earthworks,,EXCAVATION IN ROCK INCLUDING BREAKING AND REMOVAL,m3,39.89,130.98,Excavation & Earthworks,5224.79
P017-FIBRE,Fibre Duct Network,Dublin,2023-07-04,Chambers & Jointing Bays,,Supply and fit C250 ductile cover and frame to chamber,nr,21.0,467.18,Chambers & Jointing Bays,9810.78
P017-FIBRE,Fibre Duct Network,Dublin,2023-07-04,Road Reinstatement & Surfacing,,PERMANENT REINSTATEMENT OF CARRIAGEWAY TO ROAD OPENING LICENCE STANDARD,m2,115.49,79.95,Road Reinstatement & Surfacing,9233.43
P017-FIBRE,Fibre Duct Network,Dublin,2023-07-04,Ducting & Cable Protection,,Concrete surround to ducts C20/25,m3,21.69,183.62,Ducting & Cable Protection,3982.72
P018-FOUL,Foul Drainage Upgrade,Midlands,2024-11-03,Traffic Management,,Preparation and approval of traffic management plan (Chapter 8) (as drawing),item,1.0,747.99,Traffic Management,747.99
P018-FOUL,Foul Drainage Upgrade,Midlands,2024-11-03,Road Reinstatement & Surfacing,,Supply and lay 50mm HRA surface course,m2,145.84,33.4,Road Reinstatement & Surfacing,4871.06
P018-FOUL,Foul Drainage Upgrade,Midlands,2024-11-03,Road Reinstatement & Surfacing,,Planing of existing bituminous surfacing 40mm,m2,122.96,11.97,Road Reinstatement & Surfacing,1471.83
P018-FOUL,Foul Drainage Upgrade,Midlands,2024-11-03,Professional Services & Surveys,,Preparation of as-built drawings and safety file,item,1.0,1736.77,Professional Services & Surveys,1736.77
P018-FOUL,Foul Drainage Upgrade,Midlands,2024-11-03,Drainage,,CCTV survey of completed drainage including report,m,78.78,4.36,Drainage,343.48
P018-FOUL,Foul Drainage Upgrade,Midlands,2024-11-03,Preliminaries & Site Setup,,Temporary fencing and site security hoarding,m,351.23,25.34,Preliminaries & Site Setup,8900.17
P018-FOUL,Foul Drainage Upgrade,Midlands,2024-11-03,Road Reinstatement & Surfacing,,PLANING OF EXISTING BITUMINOUS SURFACING 40MM,m2,714.97,9.1,Road Reinstatement & Surfacing,6506.23
P018-FOUL,Foul Drainage Upgrade,Midlands,2024-11-03,Traffic Management,,Preparation and approval of traffic management plan (Chapter 8),item,1.0,584.65,Traffic Management,584.65
P018-FOUL,Foul Drainage Upgrade,Midlands,2024-11-03,Traffic Management,,Provision of traffic management including stop/go operatives and signage,week,5.0,1241.69,Traffic Management,6208.45
P018-FOUL,Foul Drainage Upgrade,Midlands,2024-11-03,Testing & Commissioning,,Testing and energisation of MV network incl. switching,item,1.0,2171.72,Testing & Commissioning,2171.72
P018-FOUL,Foul Drainage Upgrade,Midlands,2024-11-03,Drainage,,S&I road gully incl. connection to sewer,nr,13.0,414.87,Drainage,5393.31
P018-FOUL,Foul Drainage Upgrade,Midlands,2024-11-03,Testing & Commissioning,,"Pressure testing, swabbing and disinfection of new watermain (as drawing)",m,56.86,5.47,Testing & Commissioning,311.02
P018-FOUL,Foul Drainage Upgrade,Midlands,2024-11-03,Road Reinstatement & Surfacing,,Planing of existing bituminous surfacing 40mm,m2,246.01,10.11,Road Reinstatement & Surfacing,2487.16
P018-FOUL,Foul Drainage Upgrade,Midlands,2024-11-03,Excavation & Earthworks,,Supply and place imported granular fill Clause 804,m3,272.6,51.46,Excavation & Earthworks,14028.0
P018-FOUL,Foul Drainage Upgrade,Midlands,2024-11-03,Excavation & Earthworks,,Dewatering of excavations incl. pumps and settlement tank,week,3.0,681.28,Excavation & Earthworks,2043.84
P018-FOUL,Foul Drainage Upgrade,Midlands,2024-11-03,Drainage,,CCTV survey of completed drainage c/w report,m,48.93,4.47,Drainage,218.72
P018-FOUL,Foul Drainage Upgrade,Midlands,2024-11-03,Excavation & Earthworks,,Excavate trench in existing carriageway including saw cutting and breaking out,m,82.74,48.55,Excavation & Earthworks,4017.03
P018-FOUL,Foul Drainage Upgrade,Midlands,2024-11-03,Concrete & Structures,,Blockwork wall 215mm including fair face and capping,m2,31.21,130.81,Concrete & Structures,4082.58
P018-FOUL,Foul Drainage Upgrade,Midlands,2024-11-03,Drainage,,SUPPLY AND LAY 300mm diameter uPVC sewer pipe including bedding and surround,m,423.56,65.16,Drainage,27599.17
P018-FOUL,Foul Drainage Upgrade,Midlands,2024-11-03,Excavation & Earthworks,,Trench support to deep excavation using proprietary shoring,m,59.22,42.32,Excavation & Earthworks,2506.19
P018-FOUL,Foul Drainage Upgrade,Midlands,2024-11-03,Drainage,,Supply and lay 300mm diameter uPVC sewer pipe including bedding and surround,m,30.55,77.74,Drainage,2374.96
P018-FOUL,Foul Drainage Upgrade,Midlands,2024-11-03,Traffic Management,,Road closure licence and advance warning signage,item,1.0,1242.3,Traffic Management,1242.3
P018-FOUL,Foul Drainage Upgrade,Midlands,2024-11-03,Traffic Management,,PROVISION OF TRAFFIC MANAGEMENT WITH TWO-WAY PORTABLE SIGNALS,week,2.0,2231.27,Traffic Management,4462.54
P018-FOUL,Foul Drainage Upgrade,Midlands,2024-11-03,Concrete & Structures,,Construct reinforced concrete plinth to substation unit,nr,2.0,3250.73,Concrete & Structures,6501.46
P018-FOUL,Foul Drainage Upgrade,Midlands,2024-11-03,Road Reinstatement & Surfacing,,Permanent reinstatement of footpath in bitmac to road opening licence standard,m2,313.82,63.17,Road Reinstatement & Surfacing,19824.01
P018-FOUL,Foul Drainage Upgrade,Midlands,2024-11-03,Road Reinstatement & Surfacing,,SUPPLY AND LAY 50MM HRA SURFACE COURSE,m2,202.49,35.05,Road Reinstatement & Surfacing,7097.27
P018-FOUL,Foul Drainage Upgrade,Midlands,2024-11-03,Drainage,,Supply and install road gully including connection to sewer,nr,15.0,584.3,Drainage,8764.5
P018-FOUL,Foul Drainage Upgrade,Midlands,2024-11-03,Excavation & Earthworks,,EXCAVATE TRENCH 750MM WIDE X 1.2M DEEP IN SOFT GROUND INCLUDING SUPPORT AND BACKFILL,m,1300.58,45.62,Excavation & Earthworks,59332.46
P018-FOUL,Foul Drainage Upgrade,Midlands,2024-11-03,Road Reinstatement & Surfacing,,S&L precast concrete kerbing including haunching,m,156.69,54.72,Road Reinstatement & Surfacing,8574.08
P018-FOUL,Foul Drainage Upgrade,Midlands,2024-11-03,Excavation & Earthworks,,Supply and place imported granular fill Clause 804,m3,72.85,53.29,Excavation & Earthworks,3882.18
P018-FOUL,Foul Drainage Upgrade,Midlands,2024-11-03,Concrete & Structures,,Supply and place C25/30 concrete to foundations,m3,15.78,208.16,Concrete & Structures,3284.76
P018-FOUL,Foul Drainage Upgrade,Midlands,2024-11-03,Excavation & Earthworks,,Disposal of surplus excavated material off site to licensed facility,m3,581.02,40.64,Excavation & Earthworks,23612.65
P018-FOUL,Foul Drainage Upgrade,Midlands,2024-11-03,Drainage,,Construct precast concrete manhole 1050mm dia. 1.5-2.0m deep inc. cover and frame,nr,3.0,1979.13,Drainage,5937.39
P018-FOUL,Foul Drainage Upgrade,Midlands,2024-11-03,Road Reinstatement & Surfacing,,Planing of existing bituminous surfacing 40mm,m2,475.31,9.25,Road Reinstatement & Surfacing,4396.62
P018-FOUL,Foul Drainage Upgrade,Midlands,2024-11-03,Drainage,,Construct precast concrete manhole 1200mm dia. 2.0-3.0m deep including cover and frame,nr,11.0,2094.03,Drainage,23034.33
P018-FOUL,Foul Drainage Upgrade,Midlands,2024-11-03,Excavation & Earthworks,,Disposal of surplus excavated material off site to licensed facility,m3,1094.93,35.46,Excavation & Earthworks,38826.22
P018-FOUL,Foul Drainage Upgrade,Midlands,2024-11-03,Concrete & Structures,,Supply and place C30/37 concrete to foundations,m3,18.33,168.58,Concrete & Structures,3090.07
P018-FOUL,Foul Drainage Upgrade,Midlands,2024-11-03,Traffic Management,,PROVISION OF TRAFFIC MANAGEMENT INCL. STOP/GO OPERATIVES AND SIGNAGE,week,7.0,1419.68,Traffic Management,9937.76
P018-FOUL,Foul Drainage Upgrade,Midlands,2024-11-03,Preliminaries & Site Setup,,Temporary fencing and site security hoarding,m,144.54,56.69,Preliminaries & Site Setup,8193.97
P018-FOUL,Foul Drainage Upgrade,Midlands,2024-11-03,Excavation & Earthworks,,Excav. trench 750mm wide x 1.2m deep in soft ground including support and backfill,m,40.14,35.85,Excavation & Earthworks,1439.02
P018-FOUL,Foul Drainage Upgrade,Midlands,2024-11-03,Drainage,,CCTV survey of completed drainage inc. report,m,137.37,3.5,Drainage,480.8
P018-FOUL,Foul Drainage Upgrade,Midlands,2024-11-03,Traffic Management,,Road closure licence and advance warning signage,item,1.0,1083.95,Traffic Management,1083.95
P018-FOUL,Foul Drainage Upgrade,Midlands,2024-11-03,Excavation & Earthworks,,Dewatering of excavations inc. pumps and settlement tank,week,4.0,446.6,Excavation & Earthworks,1786.4
P018-FOUL,Foul Drainage Upgrade,Midlands,2024-11-03,Professional Services & Surveys,,Topographical survey and setting out of works,day,3.0,690.28,Professional Services & Surveys,2070.84
P018-FOUL,Foul Drainage Upgrade,Midlands,2024-11-03,Concrete & Structures,,Formwork to edges and faces of concrete,m2,109.96,92.38,Concrete & Structures,10158.1
P018-FOUL,Foul Drainage Upgrade,Midlands,2024-11-03,Road Reinstatement & Surfacing,,Reinstate road markings to match existing,m,465.9,10.07,Road Reinstatement & Surfacing,4691.61
P018-FOUL,Foul Drainage Upgrade,Midlands,2024-11-03,Drainage,,Supply and lay 150mm diameter uPVC sewer pipe including bedding and surround,m,82.53,44.89,Drainage,3704.77
P018-FOUL,Foul Drainage Upgrade,Midlands,2024-11-03,Excavation & Earthworks,,Dewatering of excavations including pumps and settlement tank,week,1.0,717.01,Excavation & Earthworks,717.01
P018-FOUL,Foul Drainage Upgrade,Midlands,2024-11-03,Concrete & Structures,,Formwork to edges and faces of concrete,m2,86.53,59.97,Concrete & Structures,5189.2
P018-FOUL,Foul Drainage Upgrade,Midlands,2024-11-03,Road Reinstatement & Surfacing,,Planing of existing bituminous surfacing 40mm,m2,208.08,7.4,Road Reinstatement & Surfacing,1539.79
P018-FOUL,Foul Drainage Upgrade,Midlands,2024-11-03,Concrete & Structures,,Construct reinforced concrete plinth to substation unit,nr,5.0,3962.32,Concrete & Structures,19811.6
P018-FOUL,Foul Drainage Upgrade,Midlands,2024-11-03,Concrete & Structures,,Supply and place C30/37 concrete to foundations,m3,43.21,237.23,Concrete & Structures,10250.71
P019-FIBRE,Fibre Duct Network,Leinster,2022-08-16,Cabling & Terminations,,"Earthing installation including rods, tape and connections",item,1.0,2415.38,Cabling & Terminations,2415.38
P019-FIBRE,Fibre Duct Network,Leinster,2022-08-16,Chambers & Jointing Bays,,"Construct type JB6 jointing chamber c/w excavation, base and backfill",nr,21.0,1621.79,Chambers & Jointing Bays,34057.59
P019-FIBRE,Fibre Duct Network,Leinster,2022-08-16,Ducting & Cable Protection,,Supply and install draw rope to existing duct,m,176.39,1.89,Ducting & Cable Protection,333.38
P019-FIBRE,Fibre Duct Network,Leinster,2022-08-16,Preliminaries & Site Setup,,Temporary fencing and site security hoarding,m,575.6,36.42,Preliminaries & Site Setup,20963.35
P019-FIBRE,Fibre Duct Network,Leinster,2022-08-16,Road Reinstatement & Surfacing,,Planing of existing bituminous surfacing 40mm,m2,339.63,8.3,Road Reinstatement & Surfacing,2818.93
P019-FIBRE,Fibre Duct Network,Leinster,2022-08-16,Road Reinstatement & Surfacing,,Permanent reinstatement of footpath in bitmac to road opening licence standard,m2,579.92,60.9,Road Reinstatement & Surfacing,35317.13
P019-FIBRE,Fibre Duct Network,Leinster,2022-08-16,Chambers & Jointing Bays,,Supply and fit B125 composite cover and frame to chamber,nr,47.0,199.22,Chambers & Jointing Bays,9363.34
P019-FIBRE,Fibre Duct Network,Leinster,2022-08-16,Preliminaries & Site Setup,,Temporary fencing and site security hoarding,m,99.56,46.68,Preliminaries & Site Setup,4647.46
P019-FIBRE,Fibre Duct Network,Leinster,2022-08-16,Ducting & Cable Protection,,Concrete surround to ducts C20/25,m3,90.68,196.98,Ducting & Cable Protection,17862.15
P019-FIBRE,Fibre Duct Network,Leinster,2022-08-16,Road Reinstatement & Surfacing,,Permanent reinstatement of footpath in concrete flags to road opening licence standard,m2,2292.34,62.21,Road Reinstatement & Surfacing,142606.47
P019-FIBRE,Fibre Duct Network,Leinster,2022-08-16,Cabling & Terminations,,Fusion splice fibre optic cable including tray and closure,nr,14.0,53.99,Cabling & Terminations,755.86
P019-FIBRE,Fibre Duct Network,Leinster,2022-08-16,Ducting & Cable Protection,,SUPPLY AND LAY cable protection tiles and marker tape,m,391.06,2.95,Ducting & Cable Protection,1153.63
P019-FIBRE,Fibre Duct Network,Leinster,2022-08-16,Road Reinstatement & Surfacing,,Supply & lay precast concrete kerbing including haunching,m,119.41,55.28,Road Reinstatement & Surfacing,6600.98
P019-FIBRE,Fibre Duct Network,Leinster,2022-08-16,Ducting & Cable Protection,,SUPPLY AND LAY cable protection tiles and marker tape,m,1232.08,4.15,Ducting & Cable Protection,5113.13
P019-FIBRE,Fibre Duct Network,Leinster,2022-08-16,Ducting & Cable Protection,,Concrete surround to ducts C20/25,m3,27.96,185.16,Ducting & Cable Protection,5177.07
P019-FIBRE,Fibre Duct Network,Leinster,2022-08-16,Traffic Management,,PREPARATION AND APPROVAL OF TRAFFIC MANAGEMENT PLAN (CHAPTER 8),item,1.0,716.25,Traffic Management,716.25
P019-FIBRE,Fibre Duct Network,Leinster,2022-08-16,Preliminaries & Site Setup,,TEMPORARY FENCING AND SITE SECURITY HOARDING,m,72.38,32.76,Preliminaries & Site Setup,2371.17
P019-FIBRE,Fibre Duct Network,Leinster,2022-08-16,Ducting & Cable Protection,,Concrete surround to ducts C20/25,m3,13.96,261.6,Ducting & Cable Protection,3651.94
P019-FIBRE,Fibre Duct Network,Leinster,2022-08-16,Ducting & Cable Protection,,SUPPLY AND LAY cable protection tiles and marker tape (as drawing),m,239.76,4.0,Ducting & Cable Protection,959.04
P019-FIBRE,Fibre Duct Network,Leinster,2022-08-16,Road Reinstatement & Surfacing,,Planing of existing bituminous surfacing 40mm,m2,533.41,7.24,Road Reinstatement & Surfacing,3861.89
P019-FIBRE,Fibre Duct Network,Leinster,2022-08-16,Chambers & Jointing Bays,,S&I precast concrete draw pit 600x600 c/w cover,nr,26.0,683.25,Chambers & Jointing Bays,17764.5
P019-FIBRE,Fibre Duct Network,Leinster,2022-08-16,Ducting & Cable Protection,,SUPPLY & LAY CABLE PROTECTION TILES AND MARKER TAPE,m,962.96,5.53,Ducting & Cable Protection,5325.17
P019-FIBRE,Fibre Duct Network,Leinster,2022-08-16,Cabling & Terminations,,SUPPLY AND PULL IN 95MM2 3 CORE XLPE MV CABLE INCLUDING ALL FIXINGS,m,152.59,24.18,Cabling & Terminations,3689.63
P019-FIBRE,Fibre Duct Network,Leinster,2022-08-16,Traffic Management,,Provision of traffic management for footpath closure and pedestrian diversion,week,13.0,808.47,Traffic Management,10510.11
P019-FIBRE,Fibre Duct Network,Leinster,2022-08-16,Traffic Management,,Preparation and approval of traffic management plan (Chapter 8) (as drawing),item,1.0,921.87,Traffic Management,921.87
P019-FIBRE,Fibre Duct Network,Leinster,2022-08-16,Ducting & Cable Protection,,Supply and install draw rope to existing duct,m,1779.97,1.46,Ducting & Cable Protection,2598.76
P019-FIBRE,Fibre Duct Network,Leinster,2022-08-16,Preliminaries & Site Setup,,"Insurances, bonds and statutory notices",item,1.0,4879.01,Preliminaries & Site Setup,4879.01
P019-FIBRE,Fibre Duct Network,Leinster,2022-08-16,Cabling & Terminations,,"Earthing installation including rods, tape and connections",item,1.0,1543.45,Cabling & Terminations,1543.45
P020-WATERMAIN,Watermain Rehabilitation,Leinster,2025-08-22,Excavation & Earthworks,,EXCAVATION IN ROCK INCLUDING BREAKING AND REMOVAL,m3,6.54,146.18,Excavation & Earthworks,956.02
P020-WATERMAIN,Watermain Rehabilitation,Leinster,2025-08-22,Testing & Commissioning,,"Pressure testing, swabbing and disinfection of new watermain",m,1280.05,3.83,Testing & Commissioning,4902.59
P020-WATERMAIN,Watermain Rehabilitation,Leinster,2025-08-22,Professional Services & Surveys,,Preparation of as-built drawings and safety file,item,1.0,1033.62,Professional Services & Surveys,1033.62
P020-WATERMAIN,Watermain Rehabilitation,Leinster,2025-08-22,Testing & Commissioning,,Testing and energisation of MV network incl. switching,item,1.0,3982.83,Testing & Commissioning,3982.83
P020-WATERMAIN,Watermain Rehabilitation,Leinster,2025-08-22,Watermains,,Supply and install sluice valve 200mm c/w surround box,nr,19.0,1150.97,Watermains,21868.43
P020-WATERMAIN,Watermain Rehabilitation,Leinster,2025-08-22,Watermains,,Supply and install fire hydrant including marker post,nr,11.0,1053.74,Watermains,11591.14
P020-WATERMAIN,Watermain Rehabilitation,Leinster,2025-08-22,Testing & Commissioning,,Insulation resistance and continuity testing of installed cable,nr,16.0,184.34,Testing & Commissioning,2949.44
P020-WATERMAIN,Watermain Rehabilitation,Leinster,2025-08-22,Watermains,,Supply and install sluice valve 100mm including surround box,nr,5.0,1146.32,Watermains,5731.6
P020-WATERMAIN,Watermain Rehabilitation,Leinster,2025-08-22,Watermains,,New 25mm water service connection to boundary box,nr,13.0,369.48,Watermains,4803.24
P020-WATERMAIN,Watermain Rehabilitation,Leinster,2025-08-22,Watermains,,S&I sluice valve 100mm including surround box,nr,8.0,1107.91,Watermains,8863.28
P020-WATERMAIN,Watermain Rehabilitation,Leinster,2025-08-22,Excavation & Earthworks,,Disposal of surplus excavated material off site to licensed facility,m3,265.25,42.44,Excavation & Earthworks,11257.21
P020-WATERMAIN,Watermain Rehabilitation,Leinster,2025-08-22,Watermains,,Supply and install fire hydrant including marker post (as drawing),nr,27.0,920.0,Watermains,24840.0
P020-WATERMAIN,Watermain Rehabilitation,Leinster,2025-08-22,Preliminaries & Site Setup,,Site supervision - project engineer,week,13.0,1713.34,Preliminaries & Site Setup,22273.42
P020-WATERMAIN,Watermain Rehabilitation,Leinster,2025-08-22,Road Reinstatement & Surfacing,,Permanent reinstatement of footpath in concrete flags to road opening licence standard,m2,1893.28,63.22,Road Reinstatement & Surfacing,119693.16
P020-WATERMAIN,Watermain Rehabilitation,Leinster,2025-08-22,Testing & Commissioning,,Testing and energisation of MV network including switching,item,1.0,2768.35,Testing & Commissioning,2768.35
P020-WATERMAIN,Watermain Rehabilitation,Leinster,2025-08-22,Road Reinstatement & Surfacing,,Supply and lay precast concrete kerbing including haunching,m,276.15,39.88,Road Reinstatement & Surfacing,11012.86
P020-WATERMAIN,Watermain Rehabilitation,Leinster,2025-08-22,Watermains,,Supply and install fire hydrant inc. marker post (as drawing),nr,10.0,763.78,Watermains,7637.8
P020-WATERMAIN,Watermain Rehabilitation,Leinster,2025-08-22,Watermains,,New 25mm water service connection to boundary box,nr,16.0,354.25,Watermains,5668.0
P020-WATERMAIN,Watermain Rehabilitation,Leinster,2025-08-22,Watermains,,Supply and install fire hydrant incl. marker post,nr,14.0,1067.47,Watermains,14944.58
P020-WATERMAIN,Watermain Rehabilitation,Leinster,2025-08-22,Testing & Commissioning,,Insulation resistance and continuity testing of installed cable,nr,18.0,226.4,Testing & Commissioning,4075.2
P020-WATERMAIN,Watermain Rehabilitation,Leinster,2025-08-22,Chambers & Jointing Bays,,Supply and fit D400 ductile cover and frame to chamber,nr,32.0,475.79,Chambers & Jointing Bays,15225.28
P020-WATERMAIN,Watermain Rehabilitation,Leinster,2025-08-22,Road Reinstatement & Surfacing,,Planing of existing bituminous surfacing 40mm,m2,583.52,6.31,Road Reinstatement & Surfacing,3682.01
P020-WATERMAIN,Watermain Rehabilitation,Leinster,2025-08-22,Traffic Management,,Provision of traffic management including stop/go operatives and signage,week,21.0,1268.84,Traffic Management,26645.64
P020-WATERMAIN,Watermain Rehabilitation,Leinster,2025-08-22,Chambers & Jointing Bays,,"Construct type JB4 jointing chamber including excavation, base and backfill",nr,7.0,1164.5,Chambers & Jointing Bays,8151.5
P020-WATERMAIN,Watermain Rehabilitation,Leinster,2025-08-22,Watermains,,Supply and install fire hydrant including marker post,nr,5.0,894.98,Watermains,4474.9
P020-WATERMAIN,Watermain Rehabilitation,Leinster,2025-08-22,Excavation & Earthworks,,Excavate trench in existing carriageway including saw cutting and breaking out,m,3346.61,48.9,Excavation & Earthworks,163649.23
P020-WATERMAIN,Watermain Rehabilitation,Leinster,2025-08-22,Excavation & Earthworks,,Excavate trench in existing carriageway including saw cutting and breaking out,m,365.28,43.71,Excavation & Earthworks,15966.39
P020-WATERMAIN,Watermain Rehabilitation,Leinster,2025-08-22,Road Reinstatement & Surfacing,,Reinstate road markings to match existing,m,470.23,10.36,Road Reinstatement & Surfacing,4871.58
P020-WATERMAIN,Watermain Rehabilitation,Leinster,2025-08-22,Watermains,,Supply and lay 180mm PE100 watermain including fittings,m,402.66,77.41,Watermains,31169.91
P020-WATERMAIN,Watermain Rehabilitation,Leinster,2025-08-22,Watermains,,S&L 125mm PE100 watermain including fittings,m,3384.17,76.92,Watermains,260310.36
P020-WATERMAIN,Watermain Rehabilitation,Leinster,2025-08-22,Chambers & Jointing Bays,,"Construct type JB12 jointing chamber including excavation, base and backfill",nr,19.0,2940.28,Chambers & Jointing Bays,55865.32
P020-WATERMAIN,Watermain Rehabilitation,Leinster,2025-08-22,Road Reinstatement & Surfacing,,Reinstate road markings to match existing (as drawing),m,78.92,8.93,Road Reinstatement & Surfacing,704.76
P020-WATERMAIN,Watermain Rehabilitation,Leinster,2025-08-22,Testing & Commissioning,,Testing and energisation of MV network inc. switching,item,1.0,1290.45,Testing & Commissioning,1290.45
P020-WATERMAIN,Watermain Rehabilitation,Leinster,2025-08-22,Professional Services & Surveys,,Preparation of as-built drawings and safety file,item,1.0,939.7,Professional Services & Surveys,939.7
P020-WATERMAIN,Watermain Rehabilitation,Leinster,2025-08-22,Testing & Commissioning,,"Pressure testing, swabbing and disinfection of new watermain",m,226.91,5.6,Testing & Commissioning,1270.7
P020-WATERMAIN,Watermain Rehabilitation,Leinster,2025-08-22,Road Reinstatement & Surfacing,,REINSTATE ROAD MARKINGS TO MATCH EXISTING,m,51.78,12.83,Road Reinstatement & Surfacing,664.34
P020-WATERMAIN,Watermain Rehabilitation,Leinster,2025-08-22,Excavation & Earthworks,,Excavate trench 750mm wide x 1.2m deep in soft ground including support and backfill,m,2653.18,34.08,Excavation & Earthworks,90420.37
P020-WATERMAIN,Watermain Rehabilitation,Leinster,2025-08-22,Road Reinstatement & Surfacing,,Supply and lay precast concrete kerbing inc. haunching,m,431.03,55.33,Road Reinstatement & Surfacing,23848.89
P020-WATERMAIN,Watermain Rehabilitation,Leinster,2025-08-22,Road Reinstatement & Surfacing,,Planing of existing bituminous surfacing 40mm,m2,1701.54,5.96,Road Reinstatement & Surfacing,10141.18
P020-WATERMAIN,Watermain Rehabilitation,Leinster,2025-08-22,Watermains,,SUPPLY AND INSTALL FIRE HYDRANT INCLUDING MARKER POST,nr,3.0,1059.18,Watermains,3177.54
P020-WATERMAIN,Watermain Rehabilitation,Leinster,2025-08-22,Road Reinstatement & Surfacing,,Planing of existing bituminous surfacing 40mm,m2,2081.46,8.82,Road Reinstatement & Surfacing,18358.48
P020-WATERMAIN,Watermain Rehabilitation,Leinster,2025-08-22,Testing & Commissioning,,Insulation resistance and continuity testing of installed cable (as drawing),nr,14.0,218.09,Testing & Commissioning,3053.26
P020-WATERMAIN,Watermain Rehabilitation,Leinster,2025-08-22,Testing & Commissioning,,Testing and energisation of MV network including switching,item,1.0,1720.44,Testing & Commissioning,1720.44
P020-WATERMAIN,Watermain Rehabilitation,Leinster,2025-08-22,Testing & Commissioning,,"PRESSURE TESTING, SWABBING AND DISINFECTION OF NEW WATERMAIN",m,1573.99,7.42,Testing & Commissioning,11679.01
P020-WATERMAIN,Watermain Rehabilitation,Leinster,2025-08-22,Watermains,,Supply and install fire hydrant inc. marker post,nr,4.0,733.5,Watermains,2934.0
P020-WATERMAIN,Watermain Rehabilitation,Leinster,2025-08-22,Testing & Commissioning,,Testing and energisation of MV network c/w switching,item,1.0,3165.93,Testing & Commissioning,3165.93
P020-WATERMAIN,Watermain Rehabilitation,Leinster,2025-08-22,Preliminaries & Site Setup,,Site supervision - site agent,week,13.0,2074.03,Preliminaries & Site Setup,26962.39
P020-WATERMAIN,Watermain Rehabilitation,Leinster,2025-08-22,Excavation & Earthworks,,Exc. trench in existing carriageway including saw cutting and breaking out,m,762.01,111.39,Excavation & Earthworks,84880.29
P020-WATERMAIN,Watermain Rehabilitation,Leinster,2025-08-22,Watermains,,Supply and install fire hydrant incl. marker post,nr,3.0,973.82,Watermains,2921.46
P020-WATERMAIN,Watermain Rehabilitation,Leinster,2025-08-22,Preliminaries & Site Setup,,Temporary fencing and site security hoarding,m,233.78,39.06,Preliminaries & Site Setup,9131.45
P020-WATERMAIN,Watermain Rehabilitation,Leinster,2025-08-22,Chambers & Jointing Bays,,Supply and fit C250 ductile cover and frame to chamber,nr,54.0,283.04,Chambers & Jointing Bays,15284.16
P020-WATERMAIN,Watermain Rehabilitation,Leinster,2025-08-22,Preliminaries & Site Setup,,"Site set up, welfare unit and secure compound",week,20.0,823.9,Preliminaries & Site Setup,16478.0
P020-WATERMAIN,Watermain Rehabilitation,Leinster,2025-08-22,Watermains,,Supply & lay 180mm PE100 watermain including fittings,m,174.9,85.12,Watermains,14887.49
P021-MV,MV Cable Installation,Dublin,2024-04-25,Road Reinstatement & Surfacing,,SUPPLY AND LAY 30mm AC10 surface course,m2,1804.52,19.74,Road Reinstatement & Surfacing,35621.22
P021-MV,MV Cable Installation,Dublin,2024-04-25,Plant & Equipment Supply,,Supply and install feeder pillar including connections,nr,3.0,2836.89,Plant & Equipment Supply,8510.67
P021-MV,MV Cable Installation,Dublin,2024-04-25,Cabling & Terminations,,Terminate MV cable into switchgear including testing,nr,7.0,768.92,Cabling & Terminations,5382.44
P021-MV,MV Cable Installation,Dublin,2024-04-25,Preliminaries & Site Setup,,Temporary fencing and site security hoarding,m,83.88,37.95,Preliminaries & Site Setup,3183.25
P021-MV,MV Cable Installation,Dublin,2024-04-25,Road Reinstatement & Surfacing,,Permanent reinstatement of footpath in bitmac to road opening licence standard,m2,204.2,62.57,Road Reinstatement & Surfacing,12776.79
P021-MV,MV Cable Installation,Dublin,2024-04-25,Professional Services & Surveys,,Topographical survey and setting out of works,day,8.0,745.85,Professional Services & Surveys,5966.8
P021-MV,MV Cable Installation,Dublin,2024-04-25,Road Reinstatement & Surfacing,,SUPPLY AND LAY precast concrete kerbing inc. haunching,m,886.07,40.32,Road Reinstatement & Surfacing,35726.34
P021-MV,MV Cable Installation,Dublin,2024-04-25,Ducting & Cable Protection,,Concrete surround to ducts C20/25,m3,104.89,251.64,Ducting & Cable Protection,26394.52
P021-MV,MV Cable Installation,Dublin,2024-04-25,Professional Services & Surveys,,Utility detection survey and slit trenching prior to excavation,nr,20.0,559.15,Professional Services & Surveys,11183.0
P021-MV,MV Cable Installation,Dublin,2024-04-25,Road Reinstatement & Surfacing,,Supply and lay 40mm SMA surface course,m2,1976.0,22.02,Road Reinstatement & Surfacing,43511.52
P021-MV,MV Cable Installation,Dublin,2024-04-25,Cabling & Terminations,,Supply and pull in 185mm2 3 core XLPE MV cable incl. all fixings,m,490.99,38.23,Cabling & Terminations,18770.55
P021-MV,MV Cable Installation,Dublin,2024-04-25,Traffic Management,,ROAD CLOSURE LICENCE AND ADVANCE WARNING SIGNAGE,item,1.0,1340.0,Traffic Management,1340.0
P021-MV,MV Cable Installation,Dublin,2024-04-25,Testing & Commissioning,,Insulation resistance and continuity testing of installed cable,nr,20.0,338.82,Testing & Commissioning,6776.4
P021-MV,MV Cable Installation,Dublin,2024-04-25,Excavation & Earthworks,,Disposal of surplus excavated material off site to licensed facility,m3,1616.02,24.77,Excavation & Earthworks,40028.82
P021-MV,MV Cable Installation,Dublin,2024-04-25,Road Reinstatement & Surfacing,,SUPPLY AND LAY precast concrete kerbing including haunching,m,60.93,59.64,Road Reinstatement & Surfacing,3633.87
P021-MV,MV Cable Installation,Dublin,2024-04-25,Excavation & Earthworks,,Trench support to deep excavation using proprietary shoring,m,83.76,39.64,Excavation & Earthworks,3320.25
P021-MV,MV Cable Installation,Dublin,2024-04-25,Excavation & Earthworks,,Trench support to deep excavation using proprietary shoring,m,70.93,51.86,Excavation & Earthworks,3678.43
P021-MV,MV Cable Installation,Dublin,2024-04-25,Preliminaries & Site Setup,,Temporary fencing and site security hoarding,m,78.19,35.58,Preliminaries & Site Setup,2782.0
P021-MV,MV Cable Installation,Dublin,2024-04-25,Ducting & Cable Protection,,S&I draw rope to existing duct,m,1952.94,1.34,Ducting & Cable Protection,2616.94
P021-MV,MV Cable Installation,Dublin,2024-04-25,Cabling & Terminations,,"Earthing installation incl. rods, tape and connections",item,1.0,955.29,Cabling & Terminations,955.29
P021-MV,MV Cable Installation,Dublin,2024-04-25,Testing & Commissioning,,TESTING AND ENERGISATION OF MV NETWORK INCLUDING SWITCHING,item,1.0,3098.64,Testing & Commissioning,3098.64
P021-MV,MV Cable Installation,Dublin,2024-04-25,Plant & Equipment Supply,,Supply and install feeder pillar inc. connections,nr,3.0,2436.1,Plant & Equipment Supply,7308.3
P021-MV,MV Cable Installation,Dublin,2024-04-25,Traffic Management,,ROAD CLOSURE LICENCE AND ADVANCE WARNING SIGNAGE (as drawing),item,1.0,1178.91,Traffic Management,1178.91
P021-MV,MV Cable Installation,Dublin,2024-04-25,Cabling & Terminations,,Fusion splice fibre optic cable c/w tray and closure,nr,246.0,55.51,Cabling & Terminations,13655.46
P021-MV,MV Cable Installation,Dublin,2024-04-25,Traffic Management,,Preparation and approval of traffic management plan (Chapter 8),item,1.0,684.51,Traffic Management,684.51
P021-MV,MV Cable Installation,Dublin,2024-04-25,Chambers & Jointing Bays,,SUPPLY AND FIT D400 DUCTILE COVER AND FRAME TO CHAMBER,nr,97.0,425.92,Chambers & Jointing Bays,41314.24
P021-MV,MV Cable Installation,Dublin,2024-04-25,Cabling & Terminations,,Blow in fibre optic cable to existing subduct,m,2042.54,2.97,Cabling & Terminations,6066.34
P021-MV,MV Cable Installation,Dublin,2024-04-25,Cabling & Terminations,,Blow in fibre optic cable to existing subduct,m,4940.12,4.34,Cabling & Terminations,21440.12
P021-MV,MV Cable Installation,Dublin,2024-04-25,Excavation & Earthworks,,Supply and place imported granular fill Clause 804,m3,523.87,48.6,Excavation & Earthworks,25460.08
P021-MV,MV Cable Installation,Dublin,2024-04-25,Ducting & Cable Protection,,Horizontal directional drill 125mm bore c/w entry and exit pits,m,29.44,284.44,Ducting & Cable Protection,8373.91
P021-MV,MV Cable Installation,Dublin,2024-04-25,Road Reinstatement & Surfacing,,SUPPLY AND LAY precast concrete kerbing c/w haunching,m,301.71,34.96,Road Reinstatement & Surfacing,10547.78
P021-MV,MV Cable Installation,Dublin,2024-04-25,Preliminaries & Site Setup,,Temporary fencing and site security hoarding,m,133.0,33.82,Preliminaries & Site Setup,4498.06
P021-MV,MV Cable Installation,Dublin,2024-04-25,Preliminaries & Site Setup,,Mobilisation and demobilisation of plant to site,item,1.0,3171.42,Preliminaries & Site Setup,3171.42
P021-MV,MV Cable Installation,Dublin,2024-04-25,Ducting & Cable Protection,,Supply and lay 160mm diameter twinwall duct including draw rope,m,357.07,31.39,Ducting & Cable Protection,11208.43
P021-MV,MV Cable Installation,Dublin,2024-04-25,Traffic Management,,PREPARATION AND APPROVAL OF TRAFFIC MANAGEMENT PLAN (CHAPTER 8),item,1.0,934.62,Traffic Management,934.62
P021-MV,MV Cable Installation,Dublin,2024-04-25,Excavation & Earthworks,,Supply and place imported granular fill Clause 804,m3,192.93,53.45,Excavation & Earthworks,10312.11
P021-MV,MV Cable Installation,Dublin,2024-04-25,Chambers & Jointing Bays,,Supply and fit D400 ductile cover and frame to chamber,nr,26.0,575.27,Chambers & Jointing Bays,14957.02
P021-MV,MV Cable Installation,Dublin,2024-04-25,Chambers & Jointing Bays,,Supply and fit C250 ductile cover and frame to chamber,nr,22.0,276.26,Chambers & Jointing Bays,6077.72
P021-MV,MV Cable Installation,Dublin,2024-04-25,Chambers & Jointing Bays,,Raise or lower existing chamber to finished road level,nr,75.0,255.59,Chambers & Jointing Bays,19169.25
P021-MV,MV Cable Installation,Dublin,2024-04-25,Road Reinstatement & Surfacing,,Permanent reinstatement of footpath in concrete flags to road opening licence standard,m2,654.79,65.88,Road Reinstatement & Surfacing,43137.57
P021-MV,MV Cable Installation,Dublin,2024-04-25,Excavation & Earthworks,,Excavation in rock incl. breaking and removal,m3,73.47,126.22,Excavation & Earthworks,9273.38
P021-MV,MV Cable Installation,Dublin,2024-04-25,Plant & Equipment Supply,,Supply and erect 10m public lighting column with LED lantern,nr,14.0,1882.31,Plant & Equipment Supply,26352.34
P021-MV,MV Cable Installation,Dublin,2024-04-25,Traffic Management,,Provision of traffic management including stop/go operatives and signage,week,12.0,1700.41,Traffic Management,20404.92
P021-MV,MV Cable Installation,Dublin,2024-04-25,Cabling & Terminations,,BLOW IN FIBRE OPTIC CABLE TO EXISTING SUBDUCT,m,3294.37,2.47,Cabling & Terminations,8137.09
P021-MV,MV Cable Installation,Dublin,2024-04-25,Cabling & Terminations,,"Earthing installation including rods, tape and connections (as drawing)",item,1.0,1764.85,Cabling & Terminations,1764.85
P021-MV,MV Cable Installation,Dublin,2024-04-25,Excavation & Earthworks,,Excavate trench in existing carriageway including saw cutting and breaking out,m,519.92,33.2,Excavation & Earthworks,17261.34
P021-MV,MV Cable Installation,Dublin,2024-04-25,Road Reinstatement & Surfacing,,S&L 50mm HRA surface course,m2,431.99,26.44,Road Reinstatement & Surfacing,11421.82
P021-MV,MV Cable Installation,Dublin,2024-04-25,Traffic Management,,Provision of traffic management with two-way portable signals,week,13.0,2506.68,Traffic Management,32586.84
P021-MV,MV Cable Installation,Dublin,2024-04-25,Road Reinstatement & Surfacing,,Supply and lay precast concrete kerbing incl. haunching,m,267.18,41.88,Road Reinstatement & Surfacing,11189.5
P021-MV,MV Cable Installation,Dublin,2024-04-25,Cabling & Terminations,,"Earthing installation c/w rods, tape and connections",item,1.0,1892.99,Cabling & Terminations,1892.99
P021-MV,MV Cable Installation,Dublin,2024-04-25,Cabling & Terminations,,STRAIGHT JOINT TO MV CABLE,nr,8.0,1325.94,Cabling & Terminations,10607.52
P022-LV,LV Reinforcement,Midlands,2023-01-17,Preliminaries & Site Setup,,Mobilisation and demobilisation of plant to site,item,1.0,2440.94,Preliminaries & Site Setup,2440.94
P022-LV,LV Reinforcement,Midlands,2023-01-17,Ducting & Cable Protection,,Supply & lay cable protection tiles and marker tape,m,3068.04,2.25,Ducting & Cable Protection,6903.09
P022-LV,LV Reinforcement,Midlands,2023-01-17,Excavation & Earthworks,,Supply and place imported granular fill Clause 804,m3,986.57,37.86,Excavation & Earthworks,37351.54
P022-LV,LV Reinforcement,Midlands,2023-01-17,Excavation & Earthworks,,Exc. trench in existing carriageway incl. saw cutting and breaking out,m,217.8,51.61,Excavation & Earthworks,11240.66
P022-LV,LV Reinforcement,Midlands,2023-01-17,Road Reinstatement & Surfacing,,Supply and lay precast concrete kerbing incl. haunching,m,251.03,36.12,Road Reinstatement & Surfacing,9067.2
P022-LV,LV Reinforcement,Midlands,2023-01-17,Road Reinstatement & Surfacing,,Reinstate road markings to match existing,m,1961.21,10.71,Road Reinstatement & Surfacing,21004.56
P022-LV,LV Reinforcement,Midlands,2023-01-17,Road Reinstatement & Surfacing,,SUPPLY AND LAY 40mm SMA surface course,m2,891.48,28.4,Road Reinstatement & Surfacing,25318.03
P022-LV,LV Reinforcement,Midlands,2023-01-17,Preliminaries & Site Setup,,"Insurances, bonds and statutory notices",item,1.0,3831.15,Preliminaries & Site Setup,3831.15
P022-LV,LV Reinforcement,Midlands,2023-01-17,Traffic Management,,Provision of traffic management with two-way portable signals,week,8.0,1983.57,Traffic Management,15868.56
P022-LV,LV Reinforcement,Midlands,2023-01-17,Preliminaries & Site Setup,,Mobilisation and demobilisation of plant to site,item,1.0,2328.42,Preliminaries & Site Setup,2328.42
P022-LV,LV Reinforcement,Midlands,2023-01-17,Excavation & Earthworks,,Excavate trench in existing carriageway including saw cutting and breaking out,m,565.93,40.47,Excavation & Earthworks,22903.19
P022-LV,LV Reinforcement,Midlands,2023-01-17,Cabling & Terminations,,Terminate MV cable into switchgear inc. testing,nr,14.0,744.16,Cabling & Terminations,10418.24
P022-LV,LV Reinforcement,Midlands,2023-01-17,Excavation & Earthworks,,Disposal of surplus excavated material off site to licensed facility (as drawing),m3,837.95,23.83,Excavation & Earthworks,19968.35
P022-LV,LV Reinforcement,Midlands,2023-01-17,Traffic Management,,PREPARATION AND APPROVAL OF TRAFFIC MANAGEMENT PLAN (CHAPTER 8),item,1.0,1026.83,Traffic Management,1026.83
P022-LV,LV Reinforcement,Midlands,2023-01-17,Road Reinstatement & Surfacing,,S&L 40mm SMA surface course,m2,261.5,26.26,Road Reinstatement & Surfacing,6866.99
P022-LV,LV Reinforcement,Midlands,2023-01-17,Cabling & Terminations,,Pull in LV service cable 25mm2 to dwelling including duct entry,m,675.04,14.9,Cabling & Terminations,10058.1
P022-LV,LV Reinforcement,Midlands,2023-01-17,Road Reinstatement & Surfacing,,Reinstate road markings to match existing,m,477.83,6.78,Road Reinstatement & Surfacing,3239.69
P022-LV,LV Reinforcement,Midlands,2023-01-17,Preliminaries & Site Setup,,Temporary fencing and site security hoarding,m,793.94,33.17,Preliminaries & Site Setup,26334.99
P022-LV,LV Reinforcement,Midlands,2023-01-17,Cabling & Terminations,,Terminate MV cable into switchgear including testing,nr,7.0,861.34,Cabling & Terminations,6029.38
P022-LV,LV Reinforcement,Midlands,2023-01-17,Traffic Management,,Preparation and approval of traffic management plan (Chapter 8),item,1.0,507.69,Traffic Management,507.69
P022-LV,LV Reinforcement,Midlands,2023-01-17,Plant & Equipment Supply,,Supply and erect 10m public lighting column with LED lantern,nr,11.0,1857.88,Plant & Equipment Supply,20436.68
P022-LV,LV Reinforcement,Midlands,2023-01-17,Road Reinstatement & Surfacing,,SUPPLY AND LAY precast concrete kerbing incl. haunching,m,589.56,54.24,Road Reinstatement & Surfacing,31977.73
P022-LV,LV Reinforcement,Midlands,2023-01-17,Road Reinstatement & Surfacing,,Supply and lay 30mm AC10 surface course,m2,3028.34,12.44,Road Reinstatement & Surfacing,37672.55
P022-LV,LV Reinforcement,Midlands,2023-01-17,Excavation & Earthworks,,Excavate trench 750mm wide x 1.2m deep in soft ground incl. support and backfill,m,483.89,29.15,Excavation & Earthworks,14105.39
P022-LV,LV Reinforcement,Midlands,2023-01-17,Excavation & Earthworks,,Dewatering of excavations including pumps and settlement tank,week,10.0,516.38,Excavation & Earthworks,5163.8
P022-LV,LV Reinforcement,Midlands,2023-01-17,Cabling & Terminations,,Fusion splice fibre optic cable inc. tray and closure,nr,276.0,34.32,Cabling & Terminations,9472.32
P022-LV,LV Reinforcement,Midlands,2023-01-17,Traffic Management,,Provision of traffic management with two-way portable signals,week,20.0,2157.69,Traffic Management,43153.8
P022-LV,LV Reinforcement,Midlands,2023-01-17,Preliminaries & Site Setup,,Mobilisation and demobilisation of plant to site,item,1.0,2683.56,Preliminaries & Site Setup,2683.56
P022-LV,LV Reinforcement,Midlands,2023-01-17,Road Reinstatement & Surfacing,,Permanent reinstatement of footpath in concrete flags to road opening licence standard,m2,660.32,78.69,Road Reinstatement & Surfacing,51960.58
P022-LV,LV Reinforcement,Midlands,2023-01-17,Excavation & Earthworks,,Exc. trench in existing carriageway including saw cutting and breaking out (as drawing),m,3054.75,35.61,Excavation & Earthworks,108779.65
P022-LV,LV Reinforcement,Midlands,2023-01-17,Road Reinstatement & Surfacing,,Planing of existing bituminous surfacing 40mm,m2,3383.4,5.01,Road Reinstatement & Surfacing,16950.83
P022-LV,LV Reinforcement,Midlands,2023-01-17,Plant & Equipment Supply,,SUPPLY & INSTALL FEEDER PILLAR C/W CONNECTIONS,nr,5.0,2665.11,Plant & Equipment Supply,13325.55
P022-LV,LV Reinforcement,Midlands,2023-01-17,Cabling & Terminations,,Supply and pull in 95mm2 3 core XLPE MV cable including all fixings,m,8268.63,23.85,Cabling & Terminations,197206.83
P022-LV,LV Reinforcement,Midlands,2023-01-17,Ducting & Cable Protection,,Concrete surround to ducts C20/25,m3,27.15,160.85,Ducting & Cable Protection,4367.08
P022-LV,LV Reinforcement,Midlands,2023-01-17,Road Reinstatement & Surfacing,,Supply and lay precast concrete kerbing inc. haunching,m,242.66,48.72,Road Reinstatement & Surfacing,11822.4
P022-LV,LV Reinforcement,Midlands,2023-01-17,Cabling & Terminations,,Straight joint to MV cable,nr,9.0,1318.09,Cabling & Terminations,11862.81
P022-LV,LV Reinforcement,Midlands,2023-01-17,Road Reinstatement & Surfacing,,Permanent reinstatement of footpath in bitmac to road opening licence standard,m2,395.23,41.73,Road Reinstatement & Surfacing,16492.95
P022-LV,LV Reinforcement,Midlands,2023-01-17,Traffic Management,,Road closure licence and advance warning signage,item,1.0,1087.55,Traffic Management,1087.55
P022-LV,LV Reinforcement,Midlands,2023-01-17,Excavation & Earthworks,,Dewatering of excavations including pumps and settlement tank,week,11.0,641.29,Excavation & Earthworks,7054.19
P022-LV,LV Reinforcement,Midlands,2023-01-17,Road Reinstatement & Surfacing,,Reinstate road markings to match existing,m,502.26,7.93,Road Reinstatement & Surfacing,3982.92
P022-LV,LV Reinforcement,Midlands,2023-01-17,Cabling & Terminations,,Supply and pull in 300mm2 3 core XLPE MV cable including all fixings,m,174.37,67.88,Cabling & Terminations,11836.24
P022-LV,LV Reinforcement,Midlands,2023-01-17,Preliminaries & Site Setup,,"Site set up, welfare unit and secure compound",week,43.0,739.64,Preliminaries & Site Setup,31804.52
P022-LV,LV Reinforcement,Midlands,2023-01-17,Cabling & Terminations,,"EARTHING INSTALLATION INCLUDING RODS, TAPE AND CONNECTIONS",item,1.0,2540.16,Cabling & Terminations,2540.16
P022-LV,LV Reinforcement,Midlands,2023-01-17,Road Reinstatement & Surfacing,,Permanent reinstatement of carriageway to road opening licence standard,m2,1770.67,78.83,Road Reinstatement & Surfacing,139581.92
P022-LV,LV Reinforcement,Midlands,2023-01-17,Road Reinstatement & Surfacing,,Planing of existing bituminous surfacing 40mm,m2,1121.76,6.56,Road Reinstatement & Surfacing,7358.75
P022-LV,LV Reinforcement,Midlands,2023-01-17,Plant & Equipment Supply,,S&I 630kVA ground mounted transformer,nr,2.0,17965.36,Plant & Equipment Supply,35930.72
P022-LV,LV Reinforcement,Midlands,2023-01-17,Excavation & Earthworks,,Disposal of surplus excavated material off site to licensed facility,m3,184.32,33.75,Excavation & Earthworks,6220.8
P022-LV,LV Reinforcement,Midlands,2023-01-17,Cabling & Terminations,,Pull in LV service cable 35mm2 to dwelling including duct entry,m,564.91,19.27,Cabling & Terminations,10885.82
P022-LV,LV Reinforcement,Midlands,2023-01-17,Plant & Equipment Supply,,Supply and install 400kVA ground mounted transformer,nr,2.0,19059.54,Plant & Equipment Supply,38119.08
P022-LV,LV Reinforcement,Midlands,2023-01-17,Ducting & Cable Protection,,Supply and lay cable protection tiles and marker tape,m,1114.01,2.78,Ducting & Cable Protection,3096.95
P022-LV,LV Reinforcement,Midlands,2023-01-17,Plant & Equipment Supply,,S&I 315kVA ground mounted transformer,nr,3.0,12835.05,Plant & Equipment Supply,38505.15
P022-LV,LV Reinforcement,Midlands,2023-01-17,Excavation & Earthworks,,Excavate trench in existing carriageway including saw cutting and breaking out,m,308.18,60.2,Excavation & Earthworks,18552.44
P022-LV,LV Reinforcement,Midlands,2023-01-17,Road Reinstatement & Surfacing,,Supply and lay 50mm HRA surface course,m2,1227.27,23.1,Road Reinstatement & Surfacing,28349.94
P022-LV,LV Reinforcement,Midlands,2023-01-17,Cabling & Terminations,,"Earthing installation c/w rods, tape and connections",item,1.0,1880.49,Cabling & Terminations,1880.49
P022-LV,LV Reinforcement,Midlands,2023-01-17,Preliminaries & Site Setup,,Temporary fencing and site security hoarding,m,243.66,41.0,Preliminaries & Site Setup,9990.06
P022-LV,LV Reinforcement,Midlands,2023-01-17,Cabling & Terminations,,Pull in LV service cable 35mm2 to dwelling including duct entry,m,1318.7,9.76,Cabling & Terminations,12870.51
P022-LV,LV Reinforcement,Midlands,2023-01-17,Road Reinstatement & Surfacing,,Supply & lay 30mm AC10 surface course (as drawing),m2,352.7,23.74,Road Reinstatement & Surfacing,8373.1
P022-LV,LV Reinforcement,Midlands,2023-01-17,Testing & Commissioning,,Testing and energisation of MV network including switching,item,1.0,2058.08,Testing & Commissioning,2058.08
P022-LV,LV Reinforcement,Midlands,2023-01-17,Road Reinstatement & Surfacing,,Reinstate road markings to match existing,m,767.72,9.0,Road Reinstatement & Surfacing,6909.48
P022-LV,LV Reinforcement,Midlands,2023-01-17,Excavation & Earthworks,,Supply and place imported granular fill Clause 804,m3,270.24,53.95,Excavation & Earthworks,14579.45
P022-LV,LV Reinforcement,Midlands,2023-01-17,Traffic Management,,Road closure licence and advance warning signage,item,1.0,1660.17,Traffic Management,1660.17
P022-LV,LV Reinforcement,Midlands,2023-01-17,Excavation & Earthworks,,Trench support to deep excavation using proprietary shoring,m,79.68,43.44,Excavation & Earthworks,3461.3
P022-LV,LV Reinforcement,Midlands,2023-01-17,Traffic Management,,Road closure licence and advance warning signage (as drawing),item,1.0,941.07,Traffic Management,941.07
P022-LV,LV Reinforcement,Midlands,2023-01-17,Excavation & Earthworks,,EXCAV. TRENCH IN EXISTING CARRIAGEWAY INCLUDING SAW CUTTING AND BREAKING OUT (as drawing),m,133.35,53.97,Excavation & Earthworks,7196.9
P022-LV,LV Reinforcement,Midlands,2023-01-17,Testing & Commissioning,,"PRESSURE TESTING, SWABBING AND DISINFECTION OF NEW WATERMAIN",m,365.39,4.93,Testing & Commissioning,1801.37
P022-LV,LV Reinforcement,Midlands,2023-01-17,Plant & Equipment Supply,,SUPPLY AND ERECT 6M PUBLIC LIGHTING COLUMN WITH LED LANTERN,nr,38.0,961.64,Plant & Equipment Supply,36542.32
P022-LV,LV Reinforcement,Midlands,2023-01-17,Road Reinstatement & Surfacing,,SUPPLY & LAY PRECAST CONCRETE KERBING INCLUDING HAUNCHING,m,157.65,47.17,Road Reinstatement & Surfacing,7436.35
P022-LV,LV Reinforcement,Midlands,2023-01-17,Excavation & Earthworks,,Disposal of surplus excavated material off site to licensed facility,m3,111.69,34.33,Excavation & Earthworks,3834.32
P022-LV,LV Reinforcement,Midlands,2023-01-17,Ducting & Cable Protection,,SUPPLY AND LAY 160MM DIAMETER TWINWALL DUCT C/W DRAW ROPE,m,1649.91,26.84,Ducting & Cable Protection,44283.58
P022-LV,LV Reinforcement,Midlands,2023-01-17,Road Reinstatement & Surfacing,,Permanent reinstatement of footpath in bitmac to road opening licence standard,m2,407.21,51.91,Road Reinstatement & Surfacing,21138.27
P023-LV,LV Reinforcement,Dublin,2025-08-01,Preliminaries & Site Setup,,MOBILISATION AND DEMOBILISATION OF PLANT TO SITE,item,1.0,3484.04,Preliminaries & Site Setup,3484.04
P023-LV,LV Reinforcement,Dublin,2025-08-01,Ducting & Cable Protection,,Horizontal directional drill 250mm bore including entry and exit pits,m,74.31,320.89,Ducting & Cable Protection,23845.34
P023-LV,LV Reinforcement,Dublin,2025-08-01,Traffic Management,,Road closure licence and advance warning signage,item,1.0,852.82,Traffic Management,852.82
P023-LV,LV Reinforcement,Dublin,2025-08-01,Preliminaries & Site Setup,,Site supervision - ganger,week,9.0,1217.83,Preliminaries & Site Setup,10960.47
P023-LV,LV Reinforcement,Dublin,2025-08-01,Cabling & Terminations,,Fusion splice fibre optic cable incl. tray and closure (as drawing),nr,43.0,29.14,Cabling & Terminations,1253.02
P023-LV,LV Reinforcement,Dublin,2025-08-01,Traffic Management,,Provision of traffic management including stop/go operatives and signage,week,3.0,1979.64,Traffic Management,5938.92
P023-LV,LV Reinforcement,Dublin,2025-08-01,Plant & Equipment Supply,,Supply and erect 8m public lighting column with LED lantern,nr,8.0,1497.03,Plant & Equipment Supply,11976.24
P023-LV,LV Reinforcement,Dublin,2025-08-01,Traffic Management,,Road closure licence and advance warning signage,item,1.0,1003.08,Traffic Management,1003.08
P023-LV,LV Reinforcement,Dublin,2025-08-01,Cabling & Terminations,,Fusion splice fibre optic cable including tray and closure,nr,8.0,25.6,Cabling & Terminations,204.8
P023-LV,LV Reinforcement,Dublin,2025-08-01,Cabling & Terminations,,Terminate MV cable into switchgear incl. testing,nr,6.0,1179.96,Cabling & Terminations,7079.76
P023-LV,LV Reinforcement,Dublin,2025-08-01,Plant & Equipment Supply,,Supply and install 630kVA ground mounted transformer,nr,2.0,24713.83,Plant & Equipment Supply,49427.66
P023-LV,LV Reinforcement,Dublin,2025-08-01,Cabling & Terminations,,Terminate MV cable into switchgear including testing,nr,1.0,870.2,Cabling & Terminations,870.2
P023-LV,LV Reinforcement,Dublin,2025-08-01,Excavation & Earthworks,,Excav. trench in existing carriageway c/w saw cutting and breaking out,m,137.69,57.48,Excavation & Earthworks,7914.42
P023-LV,LV Reinforcement,Dublin,2025-08-01,Preliminaries & Site Setup,,"SITE SET UP, WELFARE UNIT AND SECURE COMPOUND",week,6.0,1359.79,Preliminaries & Site Setup,8158.74
P023-LV,LV Reinforcement,Dublin,2025-08-01,Preliminaries & Site Setup,,Temporary fencing and site security hoarding,m,107.7,46.03,Preliminaries & Site Setup,4957.43
P023-LV,LV Reinforcement,Dublin,2025-08-01,Testing & Commissioning,,"PRESSURE TESTING, SWABBING AND DISINFECTION OF NEW WATERMAIN",m,250.92,8.75,Testing & Commissioning,2195.55
P023-LV,LV Reinforcement,Dublin,2025-08-01,Road Reinstatement & Surfacing,,Supply & lay precast concrete kerbing including haunching,m,15.3,85.94,Road Reinstatement & Surfacing,1314.88
P023-LV,LV Reinforcement,Dublin,2025-08-01,Preliminaries & Site Setup,,Temporary fencing and site security hoarding,m,135.28,41.12,Preliminaries & Site Setup,5562.71
P023-LV,LV Reinforcement,Dublin,2025-08-01,Road Reinstatement & Surfacing,,Planing of existing bituminous surfacing 40mm,m2,124.55,10.29,Road Reinstatement & Surfacing,1281.62
P023-LV,LV Reinforcement,Dublin,2025-08-01,Ducting & Cable Protection,,Concrete surround to ducts C20/25,m3,13.57,228.82,Ducting & Cable Protection,3105.09
P023-LV,LV Reinforcement,Dublin,2025-08-01,Ducting & Cable Protection,,Supply and lay 2no. 110mm HDPE duct in prepared trench incl. bedding,m,457.39,24.44,Ducting & Cable Protection,11178.61
P023-LV,LV Reinforcement,Dublin,2025-08-01,Excavation & Earthworks,,Dewatering of excavations including pumps and settlement tank,week,3.0,877.61,Excavation & Earthworks,2632.83
P023-LV,LV Reinforcement,Dublin,2025-08-01,Traffic Management,,PREPARATION AND APPROVAL OF TRAFFIC MANAGEMENT PLAN (CHAPTER 8),item,1.0,744.71,Traffic Management,744.71
P023-LV,LV Reinforcement,Dublin,2025-08-01,Road Reinstatement & Surfacing,,SUPPLY AND LAY 50mm HRA surface course,m2,83.79,38.28,Road Reinstatement & Surfacing,3207.48
P023-LV,LV Reinforcement,Dublin,2025-08-01,Ducting & Cable Protection,,S&L 6no. 110mm HDPE duct in prepared trench including bedding,m,100.74,72.06,Ducting & Cable Protection,7259.32
P023-LV,LV Reinforcement,Dublin,2025-08-01,Cabling & Terminations,,Pull in LV service cable 35mm2 to dwelling including duct entry,m,69.3,19.96,Cabling & Terminations,1383.23
P023-LV,LV Reinforcement,Dublin,2025-08-01,Plant & Equipment Supply,,Supply & install feeder pillar c/w connections,nr,3.0,2885.27,Plant & Equipment Supply,8655.81
P023-LV,LV Reinforcement,Dublin,2025-08-01,Traffic Management,,Preparation and approval of traffic management plan (Chapter 8),item,1.0,868.1,Traffic Management,868.1
P023-LV,LV Reinforcement,Dublin,2025-08-01,Traffic Management,,Preparation and approval of traffic management plan (Chapter 8),item,1.0,746.76,Traffic Management,746.76
P023-LV,LV Reinforcement,Dublin,2025-08-01,Cabling & Terminations,,Pull in LV service cable 25mm2 to dwelling including duct entry,m,17.2,18.31,Cabling & Terminations,314.93
P023-LV,LV Reinforcement,Dublin,2025-08-01,Excavation & Earthworks,,Trench support to deep excavation using proprietary shoring,m,27.47,34.45,Excavation & Earthworks,946.34
P023-LV,LV Reinforcement,Dublin,2025-08-01,Plant & Equipment Supply,,SUPPLY AND INSTALL 630KVA GROUND MOUNTED TRANSFORMER,nr,2.0,18500.24,Plant & Equipment Supply,37000.48
P023-LV,LV Reinforcement,Dublin,2025-08-01,Road Reinstatement & Surfacing,,SUPPLY AND LAY precast concrete kerbing including haunching,m,125.8,70.38,Road Reinstatement & Surfacing,8853.8
P023-LV,LV Reinforcement,Dublin,2025-08-01,Ducting & Cable Protection,,Concrete surround to ducts C20/25,m3,18.03,182.22,Ducting & Cable Protection,3285.43
P023-LV,LV Reinforcement,Dublin,2025-08-01,Ducting & Cable Protection,,SUPPLY AND LAY 4NO. 110MM HDPE DUCT IN PREPARED TRENCH INC. BEDDING,m,748.06,35.93,Ducting & Cable Protection,26877.8
P023-LV,LV Reinforcement,Dublin,2025-08-01,Testing & Commissioning,,Testing and energisation of MV network incl. switching,item,1.0,2380.18,Testing & Commissioning,2380.18
P023-LV,LV Reinforcement,Dublin,2025-08-01,Excavation & Earthworks,,EXCAVATE TRENCH IN EXISTING CARRIAGEWAY INCLUDING SAW CUTTING AND BREAKING OUT,m,50.92,64.47,Excavation & Earthworks,3282.81
P023-LV,LV Reinforcement,Dublin,2025-08-01,Testing & Commissioning,,Insulation resistance and continuity testing of installed cable,nr,6.0,262.59,Testing & Commissioning,1575.54
P023-LV,LV Reinforcement,Dublin,2025-08-01,Road Reinstatement & Surfacing,,SUPPLY AND LAY precast concrete kerbing c/w haunching,m,73.4,70.93,Road Reinstatement & Surfacing,5206.26
P023-LV,LV Reinforcement,Dublin,2025-08-01,Road Reinstatement & Surfacing,,Supply and lay precast concrete kerbing inc. haunching,m,194.2,51.51,Road Reinstatement & Surfacing,10003.24
P023-LV,LV Reinforcement,Dublin,2025-08-01,Excavation & Earthworks,,SUPPLY AND PLACE IMPORTED GRANULAR FILL CLAUSE 804,m3,72.16,53.49,Excavation & Earthworks,3859.84
P023-LV,LV Reinforcement,Dublin,2025-08-01,Preliminaries & Site Setup,,Mobilisation and demobilisation of plant to site,item,1.0,3233.84,Preliminaries & Site Setup,3233.84
P023-LV,LV Reinforcement,Dublin,2025-08-01,Plant & Equipment Supply,,Supply and erect 8m public lighting column with LED lantern,nr,5.0,1659.21,Plant & Equipment Supply,8296.05
P023-LV,LV Reinforcement,Dublin,2025-08-01,Cabling & Terminations,,Blow in fibre optic cable to existing subduct,m,4073.48,2.26,Cabling & Terminations,9206.06
P023-LV,LV Reinforcement,Dublin,2025-08-01,Excavation & Earthworks,,Dewatering of excavations including pumps and settlement tank,week,6.0,637.35,Excavation & Earthworks,3824.1
P023-LV,LV Reinforcement,Dublin,2025-08-01,Road Reinstatement & Surfacing,,Supply and lay 40mm SMA surface course,m2,613.36,34.02,Road Reinstatement & Surfacing,20866.51
P023-LV,LV Reinforcement,Dublin,2025-08-01,Road Reinstatement & Surfacing,,Permanent reinstatement of footpath in bitmac to road opening licence standard,m2,608.42,58.64,Road Reinstatement & Surfacing,35677.75
P023-LV,LV Reinforcement,Dublin,2025-08-01,Excavation & Earthworks,,Trench support to deep excavation using proprietary shoring,m,103.01,33.18,Excavation & Earthworks,3417.87
P023-LV,LV Reinforcement,Dublin,2025-08-01,Road Reinstatement & Surfacing,,PLANING OF EXISTING BITUMINOUS SURFACING 40MM,m2,495.49,6.75,Road Reinstatement & Surfacing,3344.56
P023-LV,LV Reinforcement,Dublin,2025-08-01,Excavation & Earthworks,,Dewatering of excavations inc. pumps and settlement tank,week,2.0,546.15,Excavation & Earthworks,1092.3
P023-LV,LV Reinforcement,Dublin,2025-08-01,Preliminaries & Site Setup,,Mobilisation and demobilisation of plant to site,item,1.0,2724.23,Preliminaries & Site Setup,2724.23
P023-LV,LV Reinforcement,Dublin,2025-08-01,Cabling & Terminations,,Fusion splice fibre optic cable c/w tray and closure,nr,17.0,44.67,Cabling & Terminations,759.39
P023-LV,LV Reinforcement,Dublin,2025-08-01,Traffic Management,,Provision of traffic management for footpath closure and pedestrian diversion,week,4.0,816.85,Traffic Management,3267.4
P023-LV,LV Reinforcement,Dublin,2025-08-01,Cabling & Terminations,,Pull in LV service cable 25mm2 to dwelling c/w duct entry,m,252.85,19.17,Cabling & Terminations,4847.13
P023-LV,LV Reinforcement,Dublin,2025-08-01,Cabling & Terminations,,"EARTHING INSTALLATION INCLUDING RODS, TAPE AND CONNECTIONS",item,2.0,2380.41,Cabling & Terminations,4760.82
P023-LV,LV Reinforcement,Dublin,2025-08-01,Preliminaries & Site Setup,,"SITE SET UP, WELFARE UNIT AND SECURE COMPOUND",week,7.0,1061.94,Preliminaries & Site Setup,7433.58
P023-LV,LV Reinforcement,Dublin,2025-08-01,Ducting & Cable Protection,,Concrete surround to ducts C20/25 (as drawing),m3,16.71,199.58,Ducting & Cable Protection,3334.98
P023-LV,LV Reinforcement,Dublin,2025-08-01,Road Reinstatement & Surfacing,,Permanent reinstatement of footpath in concrete flags to road opening licence standard,m2,165.1,88.95,Road Reinstatement & Surfacing,14685.64
P023-LV,LV Reinforcement,Dublin,2025-08-01,Excavation & Earthworks,,Trench support to deep excavation using proprietary shoring,m,35.94,47.81,Excavation & Earthworks,1718.29
P023-LV,LV Reinforcement,Dublin,2025-08-01,Testing & Commissioning,,"Pressure testing, swabbing and disinfection of new watermain",m,107.3,5.59,Testing & Commissioning,599.81
P023-LV,LV Reinforcement,Dublin,2025-08-01,Cabling & Terminations,,Blow in fibre optic cable to existing subduct,m,961.84,3.83,Cabling & Terminations,3683.85
P023-LV,LV Reinforcement,Dublin,2025-08-01,Ducting & Cable Protection,,Supply & lay 1no. 110mm HDPE duct in prepared trench inc. bedding,m,292.2,14.85,Ducting & Cable Protection,4339.17
P023-LV,LV Reinforcement,Dublin,2025-08-01,Preliminaries & Site Setup,,Mobilisation and demobilisation of plant to site,item,1.0,2248.79,Preliminaries & Site Setup,2248.79
P023-LV,LV Reinforcement,Dublin,2025-08-01,Excavation & Earthworks,,Excavation in rock including breaking and removal,m3,56.15,101.41,Excavation & Earthworks,5694.17
P023-LV,LV Reinforcement,Dublin,2025-08-01,Preliminaries & Site Setup,,"Site set up, welfare unit and secure compound",week,10.0,854.98,Preliminaries & Site Setup,8549.8
P023-LV,LV Reinforcement,Dublin,2025-08-01,Plant & Equipment Supply,,Supply & install feeder pillar incl. connections,nr,7.0,2612.13,Plant & Equipment Supply,18284.91
P024-SUBSTATION,Substation Civils,Dublin,2023-11-09,Concrete & Structures,,Supply and place C30/37 concrete to foundations,m3,33.62,179.04,Concrete & Structures,6019.32
P024-SUBSTATION,Substation Civils,Dublin,2023-11-09,Concrete & Structures,,Formwork to edges and faces of concrete,m2,71.67,72.63,Concrete & Structures,5205.39
P024-SUBSTATION,Substation Civils,Dublin,2023-11-09,Plant & Equipment Supply,,Supply and install 400kVA ground mounted transformer (as drawing),nr,2.0,19405.03,Plant & Equipment Supply,38810.06
P024-SUBSTATION,Substation Civils,Dublin,2023-11-09,Concrete & Structures,,Formwork to edges and faces of concrete (as drawing),m2,330.25,42.64,Concrete & Structures,14081.86
P024-SUBSTATION,Substation Civils,Dublin,2023-11-09,Concrete & Structures,,Supply and place C30/37 concrete to foundations,m3,197.44,201.56,Concrete & Structures,39796.01
P024-SUBSTATION,Substation Civils,Dublin,2023-11-09,Preliminaries & Site Setup,,Mobilisation and demobilisation of plant to site,item,1.0,3238.77,Preliminaries & Site Setup,3238.77
P024-SUBSTATION,Substation Civils,Dublin,2023-11-09,Excavation & Earthworks,,Trench support to deep excavation using proprietary shoring,m,104.32,49.27,Excavation & Earthworks,5139.85
P024-SUBSTATION,Substation Civils,Dublin,2023-11-09,Concrete & Structures,,Supply and place C25/30 concrete to foundations,m3,31.5,190.21,Concrete & Structures,5991.62
P024-SUBSTATION,Substation Civils,Dublin,2023-11-09,Professional Services & Surveys,,Preparation of as-built drawings and safety file,item,1.0,877.9,Professional Services & Surveys,877.9
P024-SUBSTATION,Substation Civils,Dublin,2023-11-09,Preliminaries & Site Setup,,Site supervision - project engineer,week,16.0,2208.22,Preliminaries & Site Setup,35331.52
P024-SUBSTATION,Substation Civils,Dublin,2023-11-09,Professional Services & Surveys,,Utility detection survey and slit trenching prior to excavation,nr,5.0,430.55,Professional Services & Surveys,2152.75
P024-SUBSTATION,Substation Civils,Dublin,2023-11-09,Landscaping & Site Finishes,,Site clearance incl. removal of vegetation and debris,m2,369.9,4.09,Landscaping & Site Finishes,1512.89
P024-SUBSTATION,Substation Civils,Dublin,2023-11-09,Preliminaries & Site Setup,,MOBILISATION AND DEMOBILISATION OF PLANT TO SITE,item,1.0,2641.84,Preliminaries & Site Setup,2641.84
P024-SUBSTATION,Substation Civils,Dublin,2023-11-09,Concrete & Structures,,BLOCKWORK WALL 215MM INCLUDING FAIR FACE AND CAPPING,m2,32.48,145.91,Concrete & Structures,4739.16
P024-SUBSTATION,Substation Civils,Dublin,2023-11-09,Professional Services & Surveys,,Utility detection survey and slit trenching prior to excavation,nr,4.0,518.92,Professional Services & Surveys,2075.68
P024-SUBSTATION,Substation Civils,Dublin,2023-11-09,Preliminaries & Site Setup,,"SITE SET UP, WELFARE UNIT AND SECURE COMPOUND",week,9.0,1126.94,Preliminaries & Site Setup,10142.46
P024-SUBSTATION,Substation Civils,Dublin,2023-11-09,Preliminaries & Site Setup,,Temporary fencing and site security hoarding,m,139.11,30.45,Preliminaries & Site Setup,4235.9
P024-SUBSTATION,Substation Civils,Dublin,2023-11-09,Landscaping & Site Finishes,,Supply and erect post and rail fencing to boundary,m,763.51,31.86,Landscaping & Site Finishes,24325.43
P024-SUBSTATION,Substation Civils,Dublin,2023-11-09,Excavation & Earthworks,,Disposal of surplus excavated material off site to licensed facility,m3,322.43,35.91,Excavation & Earthworks,11578.46
P024-SUBSTATION,Substation Civils,Dublin,2023-11-09,Landscaping & Site Finishes,,Site clearance c/w removal of vegetation and debris,m2,629.24,3.69,Landscaping & Site Finishes,2321.9
P024-SUBSTATION,Substation Civils,Dublin,2023-11-09,Ducting & Cable Protection,,Supply and lay 4no. 110mm HDPE duct in prepared trench including bedding (as drawing),m,253.6,47.3,Ducting & Cable Protection,11995.28
P024-SUBSTATION,Substation Civils,Dublin,2023-11-09,Plant & Equipment Supply,,Supply & install 400kVA ground mounted transformer,nr,4.0,17788.26,Plant & Equipment Supply,71153.04
P024-SUBSTATION,Substation Civils,Dublin,2023-11-09,Professional Services & Surveys,,Topographical survey and setting out of works,day,4.0,733.83,Professional Services & Surveys,2935.32
P024-SUBSTATION,Substation Civils,Dublin,2023-11-09,Concrete & Structures,,Supply and place C35/45 concrete to foundations,m3,64.25,265.97,Concrete & Structures,17088.57
P024-SUBSTATION,Substation Civils,Dublin,2023-11-09,Ducting & Cable Protection,,S&L 4no. 110mm HDPE duct in prepared trench c/w bedding,m,179.92,37.1,Ducting & Cable Protection,6675.03
P024-SUBSTATION,Substation Civils,Dublin,2023-11-09,Cabling & Terminations,,Fusion splice fibre optic cable c/w tray and closure,nr,51.0,43.16,Cabling & Terminations,2201.16
P024-SUBSTATION,Substation Civils,Dublin,2023-11-09,Landscaping & Site Finishes,,SITE CLEARANCE INCLUDING REMOVAL OF VEGETATION AND DEBRIS,m2,762.78,3.64,Landscaping & Site Finishes,2776.52
P024-SUBSTATION,Substation Civils,Dublin,2023-11-09,Concrete & Structures,,Formwork to edges and faces of concrete,m2,21.18,55.22,Concrete & Structures,1169.56
P024-SUBSTATION,Substation Civils,Dublin,2023-11-09,Professional Services & Surveys,,Topographical survey and setting out of works,day,5.0,1350.51,Professional Services & Surveys,6752.55
P024-SUBSTATION,Substation Civils,Dublin,2023-11-09,Ducting & Cable Protection,,Supply and lay 225mm diameter twinwall duct c/w draw rope,m,1619.74,34.04,Ducting & Cable Protection,55135.95
P024-SUBSTATION,Substation Civils,Dublin,2023-11-09,Preliminaries & Site Setup,,Temporary fencing and site security hoarding,m,53.94,58.37,Preliminaries & Site Setup,3148.48
P024-SUBSTATION,Substation Civils,Dublin,2023-11-09,Preliminaries & Site Setup,,Site supervision - project engineer,week,10.0,1908.32,Preliminaries & Site Setup,19083.2
P024-SUBSTATION,Substation Civils,Dublin,2023-11-09,Excavation & Earthworks,,Dewatering of excavations c/w pumps and settlement tank,week,2.0,1121.74,Excavation & Earthworks,2243.48
P024-SUBSTATION,Substation Civils,Dublin,2023-11-09,Ducting & Cable Protection,,Supply and install draw rope to existing duct,m,645.68,0.71,Ducting & Cable Protection,458.43
P024-SUBSTATION,Substation Civils,Dublin,2023-11-09,Preliminaries & Site Setup,,Site supervision - site agent,week,6.0,2298.29,Preliminaries & Site Setup,13789.74
P024-SUBSTATION,Substation Civils,Dublin,2023-11-09,Concrete & Structures,,Formwork to edges and faces of concrete,m2,199.61,50.47,Concrete & Structures,10074.32
P024-SUBSTATION,Substation Civils,Dublin,2023-11-09,Landscaping & Site Finishes,,Site clearance including removal of vegetation and debris,m2,1851.11,3.32,Landscaping & Site Finishes,6145.69
P024-SUBSTATION,Substation Civils,Dublin,2023-11-09,Preliminaries & Site Setup,,Site supervision - project engineer,week,25.0,1240.08,Preliminaries & Site Setup,31002.0
P024-SUBSTATION,Substation Civils,Dublin,2023-11-09,Plant & Equipment Supply,,Supply and erect 8m public lighting column with LED lantern,nr,8.0,1547.26,Plant & Equipment Supply,12378.08
P024-SUBSTATION,Substation Civils,Dublin,2023-11-09,Concrete & Structures,,Formwork to edges and faces of concrete (as drawing),m2,423.2,60.97,Concrete & Structures,25802.5
P024-SUBSTATION,Substation Civils,Dublin,2023-11-09,Excavation & Earthworks,,Dewatering of excavations c/w pumps and settlement tank,week,6.0,1181.27,Excavation & Earthworks,7087.62
P024-SUBSTATION,Substation Civils,Dublin,2023-11-09,Cabling & Terminations,,STRAIGHT JOINT TO MV CABLE,nr,5.0,1005.71,Cabling & Terminations,5028.55
P024-SUBSTATION,Substation Civils,Dublin,2023-11-09,Ducting & Cable Protection,,Horizontal directional drill 250mm bore inc. entry and exit pits,m,312.4,335.52,Ducting & Cable Protection,104816.45
P024-SUBSTATION,Substation Civils,Dublin,2023-11-09,Cabling & Terminations,,Pull in LV service cable 35mm2 to dwelling including duct entry,m,600.2,17.89,Cabling & Terminations,10737.58
P024-SUBSTATION,Substation Civils,Dublin,2023-11-09,Ducting & Cable Protection,,Horizontal directional drill 250mm bore inc. entry and exit pits,m,88.78,260.46,Ducting & Cable Protection,23123.64
P024-SUBSTATION,Substation Civils,Dublin,2023-11-09,Cabling & Terminations,,"Earthing installation including rods, tape and connections",item,1.0,1651.53,Cabling & Terminations,1651.53
P024-SUBSTATION,Substation Civils,Dublin,2023-11-09,Ducting & Cable Protection,,Horizontal directional drill 180mm bore inc. entry and exit pits,m,31.44,299.64,Ducting & Cable Protection,9420.68
P024-SUBSTATION,Substation Civils,Dublin,2023-11-09,Ducting & Cable Protection,,Supply and lay 160mm diameter twinwall duct including draw rope,m,873.48,28.02,Ducting & Cable Protection,24474.91
P024-SUBSTATION,Substation Civils,Dublin,2023-11-09,Concrete & Structures,,Supply and fix A393 mesh reinforcement,m2,542.99,13.54,Concrete & Structures,7352.08
P024-SUBSTATION,Substation Civils,Dublin,2023-11-09,Cabling & Terminations,,Blow in fibre optic cable to existing subduct,m,3383.05,2.43,Cabling & Terminations,8220.81
P024-SUBSTATION,Substation Civils,Dublin,2023-11-09,Excavation & Earthworks,,Excavation in rock incl. breaking and removal,m3,120.2,219.48,Excavation & Earthworks,26381.5
P024-SUBSTATION,Substation Civils,Dublin,2023-11-09,Plant & Equipment Supply,,Supply and install feeder pillar including connections,nr,7.0,1756.38,Plant & Equipment Supply,12294.66
P024-SUBSTATION,Substation Civils,Dublin,2023-11-09,Concrete & Structures,,CONSTRUCT REINFORCED CONCRETE PLINTH TO SUBSTATION UNIT,nr,6.0,4251.11,Concrete & Structures,25506.66
P024-SUBSTATION,Substation Civils,Dublin,2023-11-09,Professional Services & Surveys,,Utility detection survey and slit trenching prior to excavation,nr,43.0,406.82,Professional Services & Surveys,17493.26
P024-SUBSTATION,Substation Civils,Dublin,2023-11-09,Concrete & Structures,,SUPPLY AND FIX A393 MESH REINFORCEMENT,m2,494.35,14.2,Concrete & Structures,7019.77
P024-SUBSTATION,Substation Civils,Dublin,2023-11-09,Concrete & Structures,,Supply and place C35/45 concrete to foundations,m3,9.58,250.03,Concrete & Structures,2395.29
P024-SUBSTATION,Substation Civils,Dublin,2023-11-09,Concrete & Structures,,Formwork to edges and faces of concrete,m2,82.8,64.25,Concrete & Structures,5319.9
P024-SUBSTATION,Substation Civils,Dublin,2023-11-09,Professional Services & Surveys,,Topographical survey and setting out of works,day,4.0,1052.47,Professional Services & Surveys,4209.88
P025-FIBRE,Fibre Duct Network,Munster,2025-08-29,Traffic Management,,Road closure licence and advance warning signage,item,2.0,577.02,Traffic Management,1154.04
P025-FIBRE,Fibre Duct Network,Munster,2025-08-29,Excavation & Earthworks,,SUPPLY AND PLACE IMPORTED GRANULAR FILL CLAUSE 804,m3,527.6,33.86,Excavation & Earthworks,17864.54
P025-FIBRE,Fibre Duct Network,Munster,2025-08-29,Cabling & Terminations,,"Earthing installation including rods, tape and connections",item,1.0,2785.4,Cabling & Terminations,2785.4
P025-FIBRE,Fibre Duct Network,Munster,2025-08-29,Preliminaries & Site Setup,,Temporary fencing and site security hoarding,m,351.05,27.82,Preliminaries & Site Setup,9766.21
P025-FIBRE,Fibre Duct Network,Munster,2025-08-29,Professional Services & Surveys,,Topographical survey and setting out of works,day,17.0,857.87,Professional Services & Surveys,14583.79
P025-FIBRE,Fibre Duct Network,Munster,2025-08-29,Road Reinstatement & Surfacing,,REINSTATE ROAD MARKINGS TO MATCH EXISTING,m,560.69,8.04,Road Reinstatement & Surfacing,4507.95
P025-FIBRE,Fibre Duct Network,Munster,2025-08-29,Ducting & Cable Protection,,Supply and install draw rope to existing duct,m,3407.71,0.96,Ducting & Cable Protection,3271.4
P025-FIBRE,Fibre Duct Network,Munster,2025-08-29,Cabling & Terminations,,Terminate MV cable into switchgear inc. testing,nr,48.0,615.49,Cabling & Terminations,29543.52
P025-FIBRE,Fibre Duct Network,Munster,2025-08-29,Excavation & Earthworks,,Trench support to deep excavation using proprietary shoring,m,164.26,33.31,Excavation & Earthworks,5471.5
P025-FIBRE,Fibre Duct Network,Munster,2025-08-29,Road Reinstatement & Surfacing,,Reinstate road markings to match existing,m,268.5,8.57,Road Reinstatement & Surfacing,2301.04
P025-FIBRE,Fibre Duct Network,Munster,2025-08-29,Cabling & Terminations,,"Earthing installation including rods, tape and connections (as drawing)",item,1.0,1387.1,Cabling & Terminations,1387.1
P025-FIBRE,Fibre Duct Network,Munster,2025-08-29,Preliminaries & Site Setup,,"Insurances, bonds and statutory notices",item,1.0,3957.4,Preliminaries & Site Setup,3957.4
P025-FIBRE,Fibre Duct Network,Munster,2025-08-29,Cabling & Terminations,,Supply and pull in 300mm2 3 core XLPE MV cable incl. all fixings,m,541.84,59.35,Cabling & Terminations,32158.2
P025-FIBRE,Fibre Duct Network,Munster,2025-08-29,Excavation & Earthworks,,Trench support to deep excavation using proprietary shoring (as drawing),m,152.48,35.16,Excavation & Earthworks,5361.2
P025-FIBRE,Fibre Duct Network,Munster,2025-08-29,Preliminaries & Site Setup,,Site supervision - site agent,week,47.0,1637.83,Preliminaries & Site Setup,76978.01
P025-FIBRE,Fibre Duct Network,Munster,2025-08-29,Traffic Management,,Preparation and approval of traffic management plan (Chapter 8),item,2.0,798.03,Traffic Management,1596.06
P025-FIBRE,Fibre Duct Network,Munster,2025-08-29,Road Reinstatement & Surfacing,,Planing of existing bituminous surfacing 40mm,m2,10006.1,6.16,Road Reinstatement & Surfacing,61637.58
P025-FIBRE,Fibre Duct Network,Munster,2025-08-29,Ducting & Cable Protection,,Supply & lay 160mm diameter twinwall duct incl. draw rope,m,1274.1,21.73,Ducting & Cable Protection,27686.19
P025-FIBRE,Fibre Duct Network,Munster,2025-08-29,Chambers & Jointing Bays,,Raise or lower existing chamber to finished road level,nr,31.0,315.41,Chambers & Jointing Bays,9777.71
P025-FIBRE,Fibre Duct Network,Munster,2025-08-29,Cabling & Terminations,,"Earthing installation c/w rods, tape and connections (as drawing)",item,1.0,2076.76,Cabling & Terminations,2076.76
P025-FIBRE,Fibre Duct Network,Munster,2025-08-29,Excavation & Earthworks,,Trench support to deep excavation using proprietary shoring,m,362.43,24.64,Excavation & Earthworks,8930.28
P025-FIBRE,Fibre Duct Network,Munster,2025-08-29,Ducting & Cable Protection,,Horizontal directional drill 180mm bore c/w entry and exit pits,m,89.67,406.81,Ducting & Cable Protection,36478.65
P025-FIBRE,Fibre Duct Network,Munster,2025-08-29,Chambers & Jointing Bays,,Raise or lower existing chamber to finished road level,nr,42.0,457.95,Chambers & Jointing Bays,19233.9
P025-FIBRE,Fibre Duct Network,Munster,2025-08-29,Traffic Management,,Preparation and approval of traffic management plan (Chapter 8),item,1.0,662.55,Traffic Management,662.55
P025-FIBRE,Fibre Duct Network,Munster,2025-08-29,Traffic Management,,Provision of traffic management with two-way portable signals,week,38.0,1756.5,Traffic Management,66747.0
P025-FIBRE,Fibre Duct Network,Munster,2025-08-29,Preliminaries & Site Setup,,Temporary fencing and site security hoarding,m,889.18,22.04,Preliminaries & Site Setup,19597.53
P025-FIBRE,Fibre Duct Network,Munster,2025-08-29,Professional Services & Surveys,,Topographical survey and setting out of works,day,13.0,776.52,Professional Services & Surveys,10094.76
P025-FIBRE,Fibre Duct Network,Munster,2025-08-29,Ducting & Cable Protection,,SUPPLY & LAY 6NO. 110MM HDPE DUCT IN PREPARED TRENCH INCLUDING BEDDING,m,1962.53,40.87,Ducting & Cable Protection,80208.6
P025-FIBRE,Fibre Duct Network,Munster,2025-08-29,Chambers & Jointing Bays,,Raise or lower existing chamber to finished road level,nr,51.0,216.82,Chambers & Jointing Bays,11057.82
P025-FIBRE,Fibre Duct Network,Munster,2025-08-29,Road Reinstatement & Surfacing,,Supply and lay 50mm HRA surface course,m2,934.94,22.63,Road Reinstatement & Surfacing,21157.69
P025-FIBRE,Fibre Duct Network,Munster,2025-08-29,Ducting & Cable Protection,,HORIZONTAL DIRECTIONAL DRILL 125MM BORE INCLUDING ENTRY AND EXIT PITS,m,38.4,141.69,Ducting & Cable Protection,5440.9
P025-FIBRE,Fibre Duct Network,Munster,2025-08-29,Road Reinstatement & Surfacing,,Supply and lay 40mm SMA surface course,m2,1763.56,24.49,Road Reinstatement & Surfacing,43189.58
P025-FIBRE,Fibre Duct Network,Munster,2025-08-29,Ducting & Cable Protection,,Concrete surround to ducts C20/25,m3,296.69,157.55,Ducting & Cable Protection,46743.51
P025-FIBRE,Fibre Duct Network,Munster,2025-08-29,Traffic Management,,Preparation and approval of traffic management plan (Chapter 8),item,1.0,311.07,Traffic Management,311.07
P025-FIBRE,Fibre Duct Network,Munster,2025-08-29,Ducting & Cable Protection,,Concrete surround to ducts C20/25,m3,222.55,147.69,Ducting & Cable Protection,32868.41
P025-FIBRE,Fibre Duct Network,Munster,2025-08-29,Excavation & Earthworks,,Disposal of surplus excavated material off site to licensed facility,m3,1841.57,29.51,Excavation & Earthworks,54344.73
P025-FIBRE,Fibre Duct Network,Munster,2025-08-29,Traffic Management,,Road closure licence and advance warning signage,item,1.0,1039.72,Traffic Management,1039.72
P026-LV,LV Reinforcement,Midlands,2023-07-02,Ducting & Cable Protection,,Concrete surround to ducts C20/25,m3,55.32,170.69,Ducting & Cable Protection,9442.57
P026-LV,LV Reinforcement,Midlands,2023-07-02,Traffic Management,,Road closure licence and advance warning signage (as drawing),item,1.0,1321.57,Traffic Management,1321.57
P026-LV,LV Reinforcement,Midlands,2023-07-02,Cabling & Terminations,,Blow in fibre optic cable to existing subduct,m,1051.86,3.66,Cabling & Terminations,3849.81
P026-LV,LV Reinforcement,Midlands,2023-07-02,Testing & Commissioning,,"Pressure testing, swabbing and disinfection of new watermain",m,157.04,6.06,Testing & Commissioning,951.66
P026-LV,LV Reinforcement,Midlands,2023-07-02,Cabling & Terminations,,Pull in LV service cable 95mm2 to dwelling including duct entry,m,1019.78,23.27,Cabling & Terminations,23730.28
P026-LV,LV Reinforcement,Midlands,2023-07-02,Testing & Commissioning,,"Pressure testing, swabbing and disinfection of new watermain",m,1615.65,6.37,Testing & Commissioning,10291.69
P026-LV,LV Reinforcement,Midlands,2023-07-02,Cabling & Terminations,,FUSION SPLICE FIBRE OPTIC CABLE INCLUDING TRAY AND CLOSURE,nr,27.0,40.11,Cabling & Terminations,1082.97
P026-LV,LV Reinforcement,Midlands,2023-07-02,Excavation & Earthworks,,EXCAVATE TRENCH 900MM WIDE X 1.5M DEEP IN SOFT GROUND INCLUDING SUPPORT AND BACKFILL,m,1232.09,41.82,Excavation & Earthworks,51526.0
P026-LV,LV Reinforcement,Midlands,2023-07-02,Ducting & Cable Protection,,SUPPLY AND LAY 2no. 110mm HDPE duct in prepared trench c/w bedding,m,549.93,15.64,Ducting & Cable Protection,8600.91
P026-LV,LV Reinforcement,Midlands,2023-07-02,Preliminaries & Site Setup,,"Insurances, bonds and statutory notices",item,1.0,4813.15,Preliminaries & Site Setup,4813.15
P026-LV,LV Reinforcement,Midlands,2023-07-02,Cabling & Terminations,,Straight joint to MV cable,nr,4.0,844.22,Cabling & Terminations,3376.88
P026-LV,LV Reinforcement,Midlands,2023-07-02,Cabling & Terminations,,"Earthing installation c/w rods, tape and connections",item,1.0,1484.88,Cabling & Terminations,1484.88
P026-LV,LV Reinforcement,Midlands,2023-07-02,Excavation & Earthworks,,Dewatering of excavations incl. pumps and settlement tank,week,14.0,486.42,Excavation & Earthworks,6809.88
P026-LV,LV Reinforcement,Midlands,2023-07-02,Road Reinstatement & Surfacing,,PLANING OF EXISTING BITUMINOUS SURFACING 40MM,m2,898.63,5.82,Road Reinstatement & Surfacing,5230.03
P026-LV,LV Reinforcement,Midlands,2023-07-02,Preliminaries & Site Setup,,"Site set up, welfare unit and secure compound",week,18.0,857.78,Preliminaries & Site Setup,15440.04
P026-LV,LV Reinforcement,Midlands,2023-07-02,Road Reinstatement & Surfacing,,Planing of existing bituminous surfacing 40mm,m2,360.44,6.86,Road Reinstatement & Surfacing,2472.62
P026-LV,LV Reinforcement,Midlands,2023-07-02,Excavation & Earthworks,,Disposal of surplus excavated material off site to licensed facility,m3,1065.54,16.76,Excavation & Earthworks,17858.45
P026-LV,LV Reinforcement,Midlands,2023-07-02,Ducting & Cable Protection,,Supply and install draw rope to existing duct,m,3108.55,1.26,Ducting & Cable Protection,3916.77
P026-LV,LV Reinforcement,Midlands,2023-07-02,Cabling & Terminations,,Blow in fibre optic cable to existing subduct,m,5167.55,2.96,Cabling & Terminations,15295.95
P026-LV,LV Reinforcement,Midlands,2023-07-02,Plant & Equipment Supply,,Supply and install feeder pillar including connections,nr,3.0,1775.42,Plant & Equipment Supply,5326.26
P026-LV,LV Reinforcement,Midlands,2023-07-02,Excavation & Earthworks,,Supply and place imported granular fill Clause 804,m3,533.66,39.81,Excavation & Earthworks,21245.0
P026-LV,LV Reinforcement,Midlands,2023-07-02,Road Reinstatement & Surfacing,,Reinstate road markings to match existing,m,168.93,13.93,Road Reinstatement & Surfacing,2353.19
P026-LV,LV Reinforcement,Midlands,2023-07-02,Road Reinstatement & Surfacing,,Permanent reinstatement of footpath in bitmac to road opening licence standard,m2,2595.45,39.0,Road Reinstatement & Surfacing,101222.55
P026-LV,LV Reinforcement,Midlands,2023-07-02,Cabling & Terminations,,"Earthing installation incl. rods, tape and connections",item,1.0,1959.72,Cabling & Terminations,1959.72
P026-LV,LV Reinforcement,Midlands,2023-07-02,Testing & Commissioning,,Testing and energisation of MV network incl. switching,item,1.0,2075.37,Testing & Commissioning,2075.37
P026-LV,LV Reinforcement,Midlands,2023-07-02,Cabling & Terminations,,Terminate MV cable into switchgear including testing (as drawing),nr,3.0,711.96,Cabling & Terminations,2135.88
P026-LV,LV Reinforcement,Midlands,2023-07-02,Plant & Equipment Supply,,Supply & install 630kVA ground mounted transformer,nr,3.0,13217.15,Plant & Equipment Supply,39651.45
P026-LV,LV Reinforcement,Midlands,2023-07-02,Excavation & Earthworks,,Trench support to deep excavation using proprietary shoring,m,140.85,52.26,Excavation & Earthworks,7360.82
P026-LV,LV Reinforcement,Midlands,2023-07-02,Testing & Commissioning,,"Pressure testing, swabbing and disinfection of new watermain",m,231.77,2.93,Testing & Commissioning,679.09
P026-LV,LV Reinforcement,Midlands,2023-07-02,Testing & Commissioning,,Testing and energisation of MV network including switching,item,1.0,1726.79,Testing & Commissioning,1726.79
P026-LV,LV Reinforcement,Midlands,2023-07-02,Cabling & Terminations,,Fusion splice fibre optic cable c/w tray and closure,nr,14.0,29.26,Cabling & Terminations,409.64
P026-LV,LV Reinforcement,Midlands,2023-07-02,Excavation & Earthworks,,Trench support to deep excavation using proprietary shoring,m,561.01,39.68,Excavation & Earthworks,22260.88
P026-LV,LV Reinforcement,Midlands,2023-07-02,Traffic Management,,Preparation and approval of traffic management plan (Chapter 8),item,1.0,417.71,Traffic Management,417.71
P026-LV,LV Reinforcement,Midlands,2023-07-02,Ducting & Cable Protection,,Horizontal directional drill 250mm bore including entry and exit pits (as drawing),m,62.16,349.2,Ducting & Cable Protection,21706.27
P026-LV,LV Reinforcement,Midlands,2023-07-02,Road Reinstatement & Surfacing,,Supply and lay 30mm AC10 surface course,m2,1083.16,18.24,Road Reinstatement & Surfacing,19756.84
P026-LV,LV Reinforcement,Midlands,2023-07-02,Preliminaries & Site Setup,,Site supervision - site agent,week,9.0,1870.7,Preliminaries & Site Setup,16836.3
P027-WATERMAIN,Watermain Rehabilitation,Midlands,2023-02-26,Watermains,,New 25mm water service connection to boundary box,nr,11.0,413.72,Watermains,4550.92
P027-WATERMAIN,Watermain Rehabilitation,Midlands,2023-02-26,Testing & Commissioning,,INSULATION RESISTANCE AND CONTINUITY TESTING OF INSTALLED CABLE,nr,6.0,254.5,Testing & Commissioning,1527.0
P027-WATERMAIN,Watermain Rehabilitation,Midlands,2023-02-26,Testing & Commissioning,,Testing and energisation of MV network inc. switching,item,1.0,2693.15,Testing & Commissioning,2693.15
P027-WATERMAIN,Watermain Rehabilitation,Midlands,2023-02-26,Road Reinstatement & Surfacing,,SUPPLY AND LAY PRECAST CONCRETE KERBING C/W HAUNCHING,m,97.25,50.63,Road Reinstatement & Surfacing,4923.77
P027-WATERMAIN,Watermain Rehabilitation,Midlands,2023-02-26,Excavation & Earthworks,,Trench support to deep excavation using proprietary shoring,m,157.68,55.44,Excavation & Earthworks,8741.78
P027-WATERMAIN,Watermain Rehabilitation,Midlands,2023-02-26,Testing & Commissioning,,Testing and energisation of MV network including switching,item,1.0,1623.02,Testing & Commissioning,1623.02
P027-WATERMAIN,Watermain Rehabilitation,Midlands,2023-02-26,Traffic Management,,Provision of traffic management for footpath closure and pedestrian diversion,week,6.0,719.9,Traffic Management,4319.4
P027-WATERMAIN,Watermain Rehabilitation,Midlands,2023-02-26,Traffic Management,,Provision of traffic management including stop/go operatives and signage,week,5.0,1387.68,Traffic Management,6938.4
P027-WATERMAIN,Watermain Rehabilitation,Midlands,2023-02-26,Excavation & Earthworks,,Excavate trench 750mm wide x 1.2m deep in soft ground incl. support and backfill,m,127.81,33.8,Excavation & Earthworks,4319.98
P027-WATERMAIN,Watermain Rehabilitation,Midlands,2023-02-26,Excavation & Earthworks,,Excavate trench in existing carriageway inc. saw cutting and breaking out,m,63.63,39.97,Excavation & Earthworks,2543.29
P027-WATERMAIN,Watermain Rehabilitation,Midlands,2023-02-26,Professional Services & Surveys,,Preparation of as-built drawings and safety file,item,1.0,1239.19,Professional Services & Surveys,1239.19
P027-WATERMAIN,Watermain Rehabilitation,Midlands,2023-02-26,Watermains,,SUPPLY & INSTALL SLUICE VALVE 200MM INCLUDING SURROUND BOX,nr,3.0,1657.09,Watermains,4971.27
P027-WATERMAIN,Watermain Rehabilitation,Midlands,2023-02-26,Road Reinstatement & Surfacing,,Supply & lay 50mm HRA surface course,m2,115.41,30.04,Road Reinstatement & Surfacing,3466.92
P027-WATERMAIN,Watermain Rehabilitation,Midlands,2023-02-26,Watermains,,Supply and install fire hydrant including marker post,nr,1.0,981.09,Watermains,981.09
P027-WATERMAIN,Watermain Rehabilitation,Midlands,2023-02-26,Excavation & Earthworks,,Excavation in rock incl. breaking and removal (as drawing),m3,30.17,168.16,Excavation & Earthworks,5073.39
P027-WATERMAIN,Watermain Rehabilitation,Midlands,2023-02-26,Traffic Management,,Preparation and approval of traffic management plan (Chapter 8) (as drawing),item,1.0,1508.82,Traffic Management,1508.82
P027-WATERMAIN,Watermain Rehabilitation,Midlands,2023-02-26,Watermains,,New 25mm water service connection to boundary box,nr,7.0,667.74,Watermains,4674.18
P027-WATERMAIN,Watermain Rehabilitation,Midlands,2023-02-26,Excavation & Earthworks,,Supply and place imported granular fill Clause 804 (as drawing),m3,120.02,72.58,Excavation & Earthworks,8711.05
P027-WATERMAIN,Watermain Rehabilitation,Midlands,2023-02-26,Preliminaries & Site Setup,,Site supervision - site agent (as drawing),week,5.0,1763.76,Preliminaries & Site Setup,8818.8
P027-WATERMAIN,Watermain Rehabilitation,Midlands,2023-02-26,Watermains,,Supply & lay 180mm PE100 watermain incl. fittings (as drawing),m,48.03,97.94,Watermains,4704.06
P027-WATERMAIN,Watermain Rehabilitation,Midlands,2023-02-26,Chambers & Jointing Bays,,Supply and fit B125 composite cover and frame to chamber,nr,2.0,310.57,Chambers & Jointing Bays,621.14
P027-WATERMAIN,Watermain Rehabilitation,Midlands,2023-02-26,Traffic Management,,Provision of traffic management including stop/go operatives and signage,week,15.0,1220.51,Traffic Management,18307.65
P027-WATERMAIN,Watermain Rehabilitation,Midlands,2023-02-26,Testing & Commissioning,,Testing and energisation of MV network c/w switching,item,1.0,2437.75,Testing & Commissioning,2437.75
P027-WATERMAIN,Watermain Rehabilitation,Midlands,2023-02-26,Testing & Commissioning,,Insulation resistance and continuity testing of installed cable,nr,2.0,155.65,Testing & Commissioning,311.3
P027-WATERMAIN,Watermain Rehabilitation,Midlands,2023-02-26,Watermains,,S&I sluice valve 150mm including surround box,nr,3.0,1119.0,Watermains,3357.0
P027-WATERMAIN,Watermain Rehabilitation,Midlands,2023-02-26,Watermains,,Supply and install fire hydrant incl. marker post,nr,3.0,978.08,Watermains,2934.24
P027-WATERMAIN,Watermain Rehabilitation,Midlands,2023-02-26,Testing & Commissioning,,Insulation resistance and continuity testing of installed cable,nr,1.0,234.34,Testing & Commissioning,234.34
P027-WATERMAIN,Watermain Rehabilitation,Midlands,2023-02-26,Testing & Commissioning,,"Pressure testing, swabbing and disinfection of new watermain",m,350.11,2.98,Testing & Commissioning,1043.33
P027-WATERMAIN,Watermain Rehabilitation,Midlands,2023-02-26,Watermains,,Supply and install fire hydrant including marker post,nr,1.0,1468.49,Watermains,1468.49
P027-WATERMAIN,Watermain Rehabilitation,Midlands,2023-02-26,Road Reinstatement & Surfacing,,SUPPLY AND LAY 30MM AC10 SURFACE COURSE,m2,507.26,21.51,Road Reinstatement & Surfacing,10911.16
P027-WATERMAIN,Watermain Rehabilitation,Midlands,2023-02-26,Chambers & Jointing Bays,,Raise or lower existing chamber to finished road level,nr,5.0,424.66,Chambers & Jointing Bays,2123.3
P027-WATERMAIN,Watermain Rehabilitation,Midlands,2023-02-26,Excavation & Earthworks,,Excavate trench in existing carriageway including saw cutting and breaking out (as drawing),m,181.29,53.46,Excavation & Earthworks,9691.76
P027-WATERMAIN,Watermain Rehabilitation,Midlands,2023-02-26,Watermains,,New 25mm water service connection to boundary box,nr,6.0,630.59,Watermains,3783.54
P027-WATERMAIN,Watermain Rehabilitation,Midlands,2023-02-26,Excavation & Earthworks,,Excavate trench in existing carriageway inc. saw cutting and breaking out,m,210.21,48.26,Excavation & Earthworks,10144.73
P027-WATERMAIN,Watermain Rehabilitation,Midlands,2023-02-26,Preliminaries & Site Setup,,"Site set up, welfare unit and secure compound",week,2.0,948.41,Preliminaries & Site Setup,1896.82
P027-WATERMAIN,Watermain Rehabilitation,Midlands,2023-02-26,Road Reinstatement & Surfacing,,PLANING OF EXISTING BITUMINOUS SURFACING 40MM,m2,189.26,6.17,Road Reinstatement & Surfacing,1167.73
P027-WATERMAIN,Watermain Rehabilitation,Midlands,2023-02-26,Testing & Commissioning,,TESTING AND ENERGISATION OF MV NETWORK INCLUDING SWITCHING,item,1.0,1473.49,Testing & Commissioning,1473.49
P027-WATERMAIN,Watermain Rehabilitation,Midlands,2023-02-26,Excavation & Earthworks,,Supply and place imported granular fill Clause 804,m3,256.86,58.87,Excavation & Earthworks,15121.35
P027-WATERMAIN,Watermain Rehabilitation,Midlands,2023-02-26,Chambers & Jointing Bays,,Supply & install precast concrete draw pit 600x600 c/w cover,nr,8.0,820.0,Chambers & Jointing Bays,6560.0
P027-WATERMAIN,Watermain Rehabilitation,Midlands,2023-02-26,Watermains,,Supply and install sluice valve 100mm inc. surround box,nr,4.0,726.59,Watermains,2906.36
P027-WATERMAIN,Watermain Rehabilitation,Midlands,2023-02-26,Road Reinstatement & Surfacing,,Planing of existing bituminous surfacing 40mm,m2,613.47,4.15,Road Reinstatement & Surfacing,2545.9
P027-WATERMAIN,Watermain Rehabilitation,Midlands,2023-02-26,Testing & Commissioning,,"Pressure testing, swabbing and disinfection of new watermain",m,66.47,4.57,Testing & Commissioning,303.77
P027-WATERMAIN,Watermain Rehabilitation,Midlands,2023-02-26,Excavation & Earthworks,,Excavation in rock including breaking and removal,m3,40.32,339.49,Excavation & Earthworks,13688.24
P027-WATERMAIN,Watermain Rehabilitation,Midlands,2023-02-26,Traffic Management,,Provision of traffic management with two-way portable signals,week,5.0,2601.11,Traffic Management,13005.55
P027-WATERMAIN,Watermain Rehabilitation,Midlands,2023-02-26,Excavation & Earthworks,,Excavate trench 900mm wide x 1.5m deep in soft ground c/w support and backfill,m,304.08,51.58,Excavation & Earthworks,15684.45
P028-MV,MV Cable Installation,Connacht,2025-04-01,Road Reinstatement & Surfacing,,Planing of existing bituminous surfacing 40mm,m2,140.99,6.89,Road Reinstatement & Surfacing,971.42
P028-MV,MV Cable Installation,Connacht,2025-04-01,Road Reinstatement & Surfacing,,Supply and lay 40mm SMA surface course,m2,869.5,15.83,Road Reinstatement & Surfacing,13764.18
P028-MV,MV Cable Installation,Connacht,2025-04-01,Cabling & Terminations,,BLOW IN FIBRE OPTIC CABLE TO EXISTING SUBDUCT,m,480.04,2.83,Cabling & Terminations,1358.51
P028-MV,MV Cable Installation,Connacht,2025-04-01,Road Reinstatement & Surfacing,,Permanent reinstatement of footpath in bitmac to road opening licence standard,m2,57.24,42.83,Road Reinstatement & Surfacing,2451.59
P028-MV,MV Cable Installation,Connacht,2025-04-01,Excavation & Earthworks,,DEWATERING OF EXCAVATIONS INCLUDING PUMPS AND SETTLEMENT TANK,week,2.0,636.61,Excavation & Earthworks,1273.22
P028-MV,MV Cable Installation,Connacht,2025-04-01,Excavation & Earthworks,,Excavate trench 900mm wide x 1.5m deep in soft ground including support and backfill,m,171.69,48.43,Excavation & Earthworks,8314.95
P028-MV,MV Cable Installation,Connacht,2025-04-01,Ducting & Cable Protection,,Supply and lay 6no. 110mm HDPE duct in prepared trench including bedding,m,308.63,73.79,Ducting & Cable Protection,22773.81
P028-MV,MV Cable Installation,Connacht,2025-04-01,Chambers & Jointing Bays,,Supply and install precast concrete draw pit 600x600 inc. cover,nr,16.0,534.75,Chambers & Jointing Bays,8556.0
P028-MV,MV Cable Installation,Connacht,2025-04-01,Road Reinstatement & Surfacing,,Permanent reinstatement of footpath in concrete flags to road opening licence standard,m2,277.1,78.85,Road Reinstatement & Surfacing,21849.34
P028-MV,MV Cable Installation,Connacht,2025-04-01,Testing & Commissioning,,INSULATION RESISTANCE AND CONTINUITY TESTING OF INSTALLED CABLE,nr,17.0,230.17,Testing & Commissioning,3912.89
P028-MV,MV Cable Installation,Connacht,2025-04-01,Cabling & Terminations,,BLOW IN FIBRE OPTIC CABLE TO EXISTING SUBDUCT,m,618.54,4.76,Cabling & Terminations,2944.25
P028-MV,MV Cable Installation,Connacht,2025-04-01,Ducting & Cable Protection,,HORIZONTAL DIRECTIONAL DRILL 125MM BORE INCL. ENTRY AND EXIT PITS,m,100.98,169.58,Ducting & Cable Protection,17124.19
P028-MV,MV Cable Installation,Connacht,2025-04-01,Professional Services & Surveys,,Preparation of as-built drawings and safety file,item,1.0,770.69,Professional Services & Surveys,770.69
P028-MV,MV Cable Installation,Connacht,2025-04-01,Chambers & Jointing Bays,,Raise or lower existing chamber to finished road level,nr,10.0,262.73,Chambers & Jointing Bays,2627.3
P028-MV,MV Cable Installation,Connacht,2025-04-01,Cabling & Terminations,,Straight joint to MV cable,nr,8.0,915.1,Cabling & Terminations,7320.8
P028-MV,MV Cable Installation,Connacht,2025-04-01,Traffic Management,,Road closure licence and advance warning signage,item,1.0,1152.98,Traffic Management,1152.98
P028-MV,MV Cable Installation,Connacht,2025-04-01,Cabling & Terminations,,BLOW IN FIBRE OPTIC CABLE TO EXISTING SUBDUCT,m,574.65,3.44,Cabling & Terminations,1976.8
P028-MV,MV Cable Installation,Connacht,2025-04-01,Preliminaries & Site Setup,,Temporary fencing and site security hoarding,m,73.22,37.8,Preliminaries & Site Setup,2767.72
P028-MV,MV Cable Installation,Connacht,2025-04-01,Traffic Management,,Road closure licence and advance warning signage,item,1.0,1397.34,Traffic Management,1397.34
P028-MV,MV Cable Installation,Connacht,2025-04-01,Ducting & Cable Protection,,Horizontal directional drill 250mm bore including entry and exit pits,m,26.41,398.74,Ducting & Cable Protection,10530.72
P028-MV,MV Cable Installation,Connacht,2025-04-01,Testing & Commissioning,,"Pressure testing, swabbing and disinfection of new watermain",m,630.83,5.6,Testing & Commissioning,3532.65
P028-MV,MV Cable Installation,Connacht,2025-04-01,Excavation & Earthworks,,Excavation in rock c/w breaking and removal,m3,17.55,142.05,Excavation & Earthworks,2492.98
P028-MV,MV Cable Installation,Connacht,2025-04-01,Traffic Management,,Road closure licence and advance warning signage,item,1.0,748.24,Traffic Management,748.24
P028-MV,MV Cable Installation,Connacht,2025-04-01,Traffic Management,,Provision of traffic management for footpath closure and pedestrian diversion,week,5.0,550.16,Traffic Management,2750.8
P028-MV,MV Cable Installation,Connacht,2025-04-01,Professional Services & Surveys,,Topographical survey and setting out of works (as drawing),day,3.0,687.16,Professional Services & Surveys,2061.48
P028-MV,MV Cable Installation,Connacht,2025-04-01,Chambers & Jointing Bays,,Supply and fit C250 ductile cover and frame to chamber,nr,11.0,343.27,Chambers & Jointing Bays,3775.97
P028-MV,MV Cable Installation,Connacht,2025-04-01,Cabling & Terminations,,Pull in LV service cable 35mm2 to dwelling including duct entry,m,175.42,15.96,Cabling & Terminations,2799.7
P028-MV,MV Cable Installation,Connacht,2025-04-01,Cabling & Terminations,,"Earthing installation c/w rods, tape and connections",item,1.0,1991.03,Cabling & Terminations,1991.03
P028-MV,MV Cable Installation,Connacht,2025-04-01,Cabling & Terminations,,"Earthing installation c/w rods, tape and connections",item,1.0,1624.19,Cabling & Terminations,1624.19
P028-MV,MV Cable Installation,Connacht,2025-04-01,Excavation & Earthworks,,Disposal of surplus excavated material off site to licensed facility,m3,787.94,30.55,Excavation & Earthworks,24071.57
P028-MV,MV Cable Installation,Connacht,2025-04-01,Traffic Management,,Provision of traffic management for footpath closure and pedestrian diversion,week,11.0,1168.54,Traffic Management,12853.94
P028-MV,MV Cable Installation,Connacht,2025-04-01,Ducting & Cable Protection,,Horizontal directional drill 125mm bore c/w entry and exit pits,m,63.62,70.94,Ducting & Cable Protection,4513.2
P028-MV,MV Cable Installation,Connacht,2025-04-01,Chambers & Jointing Bays,,"CONSTRUCT TYPE JB9 JOINTING CHAMBER INCLUDING EXCAVATION, BASE AND BACKFILL",nr,2.0,1674.7,Chambers & Jointing Bays,3349.4
P028-MV,MV Cable Installation,Connacht,2025-04-01,Traffic Management,,Road closure licence and advance warning signage (as drawing),item,1.0,1787.43,Traffic Management,1787.43
P028-MV,MV Cable Installation,Connacht,2025-04-01,Preliminaries & Site Setup,,"Insurances, bonds and statutory notices",item,1.0,3738.65,Preliminaries & Site Setup,3738.65
P028-MV,MV Cable Installation,Connacht,2025-04-01,Chambers & Jointing Bays,,"Construct type JB9 jointing chamber including excavation, base and backfill (as drawing)",nr,5.0,2222.95,Chambers & Jointing Bays,11114.75
P028-MV,MV Cable Installation,Connacht,2025-04-01,Traffic Management,,Road closure licence and advance warning signage,item,1.0,919.36,Traffic Management,919.36
P028-MV,MV Cable Installation,Connacht,2025-04-01,Excavation & Earthworks,,Excavate trench in existing carriageway c/w saw cutting and breaking out,m,182.53,52.82,Excavation & Earthworks,9641.23
P028-MV,MV Cable Installation,Connacht,2025-04-01,Ducting & Cable Protection,,Supply and lay cable protection tiles and marker tape,m,856.45,4.22,Ducting & Cable Protection,3614.22
P028-MV,MV Cable Installation,Connacht,2025-04-01,Chambers & Jointing Bays,,"Construct type JB9 jointing chamber incl. excavation, base and backfill",nr,3.0,2710.29,Chambers & Jointing Bays,8130.87
P028-MV,MV Cable Installation,Connacht,2025-04-01,Plant & Equipment Supply,,Supply and erect 10m public lighting column with LED lantern,nr,8.0,1816.95,Plant & Equipment Supply,14535.6
P028-MV,MV Cable Installation,Connacht,2025-04-01,Road Reinstatement & Surfacing,,Permanent reinstatement of carriageway to road opening licence standard,m2,155.98,68.04,Road Reinstatement & Surfacing,10612.88
P029-WATERMAIN,Watermain Rehabilitation,Dublin,2026-06-13,Testing & Commissioning,,"Pressure testing, swabbing and disinfection of new watermain",m,127.21,7.14,Testing & Commissioning,908.28
P029-WATERMAIN,Watermain Rehabilitation,Dublin,2026-06-13,Excavation & Earthworks,,EXC. TRENCH 450MM WIDE X 750MM DEEP IN SOFT GROUND INCLUDING SUPPORT AND BACKFILL,m,923.1,16.31,Excavation & Earthworks,15055.76
P029-WATERMAIN,Watermain Rehabilitation,Dublin,2026-06-13,Watermains,,New 25mm water service connection to boundary box,nr,30.0,489.99,Watermains,14699.7
P029-WATERMAIN,Watermain Rehabilitation,Dublin,2026-06-13,Excavation & Earthworks,,Disposal of surplus excavated material off site to licensed facility,m3,283.31,41.52,Excavation & Earthworks,11763.03
P029-WATERMAIN,Watermain Rehabilitation,Dublin,2026-06-13,Excavation & Earthworks,,Disposal of surplus excavated material off site to licensed facility,m3,201.27,32.89,Excavation & Earthworks,6619.77
P029-WATERMAIN,Watermain Rehabilitation,Dublin,2026-06-13,Excavation & Earthworks,,Supply and place imported granular fill Clause 804,m3,413.32,61.36,Excavation & Earthworks,25361.32
P029-WATERMAIN,Watermain Rehabilitation,Dublin,2026-06-13,Watermains,,New 25mm water service connection to boundary box,nr,25.0,459.48,Watermains,11487.0
P029-WATERMAIN,Watermain Rehabilitation,Dublin,2026-06-13,Road Reinstatement & Surfacing,,Permanent reinstatement of footpath in bitmac to road opening licence standard (as drawing),m2,1411.76,58.72,Road Reinstatement & Surfacing,82898.55
P029-WATERMAIN,Watermain Rehabilitation,Dublin,2026-06-13,Traffic Management,,Road closure licence and advance warning signage,item,1.0,1470.4,Traffic Management,1470.4
P029-WATERMAIN,Watermain Rehabilitation,Dublin,2026-06-13,Road Reinstatement & Surfacing,,Supply and lay 30mm AC10 surface course,m2,595.37,21.79,Road Reinstatement & Surfacing,12973.11
P029-WATERMAIN,Watermain Rehabilitation,Dublin,2026-06-13,Watermains,,Supply & lay 90mm PE100 watermain incl. fittings,m,615.89,34.17,Watermains,21044.96
P029-WATERMAIN,Watermain Rehabilitation,Dublin,2026-06-13,Testing & Commissioning,,"Pressure testing, swabbing and disinfection of new watermain",m,2121.44,4.13,Testing & Commissioning,8761.55
P029-WATERMAIN,Watermain Rehabilitation,Dublin,2026-06-13,Watermains,,Supply and install sluice valve 200mm including surround box,nr,14.0,1693.04,Watermains,23702.56
P029-WATERMAIN,Watermain Rehabilitation,Dublin,2026-06-13,Watermains,,New 25mm water service connection to boundary box,nr,15.0,372.24,Watermains,5583.6
P029-WATERMAIN,Watermain Rehabilitation,Dublin,2026-06-13,Preliminaries & Site Setup,,Site supervision - project engineer,week,19.0,1915.93,Preliminaries & Site Setup,36402.67
P029-WATERMAIN,Watermain Rehabilitation,Dublin,2026-06-13,Excavation & Earthworks,,Excavate trench 750mm wide x 1.2m deep in soft ground inc. support and backfill,m,347.33,43.2,Excavation & Earthworks,15004.66
P029-WATERMAIN,Watermain Rehabilitation,Dublin,2026-06-13,Traffic Management,,Preparation and approval of traffic management plan (Chapter 8),item,2.0,975.79,Traffic Management,1951.58
P029-WATERMAIN,Watermain Rehabilitation,Dublin,2026-06-13,Excavation & Earthworks,,Exc. trench in existing carriageway c/w saw cutting and breaking out,m,502.79,74.65,Excavation & Earthworks,37533.27
P029-WATERMAIN,Watermain Rehabilitation,Dublin,2026-06-13,Testing & Commissioning,,Insulation resistance and continuity testing of installed cable,nr,15.0,158.0,Testing & Commissioning,2370.0
P029-WATERMAIN,Watermain Rehabilitation,Dublin,2026-06-13,Excavation & Earthworks,,Excavation in rock including breaking and removal,m3,280.46,122.44,Excavation & Earthworks,34339.52
P029-WATERMAIN,Watermain Rehabilitation,Dublin,2026-06-13,Chambers & Jointing Bays,,Supply and fit C250 ductile cover and frame to chamber,nr,45.0,406.07,Chambers & Jointing Bays,18273.15
P029-WATERMAIN,Watermain Rehabilitation,Dublin,2026-06-13,Testing & Commissioning,,TESTING AND ENERGISATION OF MV NETWORK INCLUDING SWITCHING,item,1.0,2901.53,Testing & Commissioning,2901.53
P029-WATERMAIN,Watermain Rehabilitation,Dublin,2026-06-13,Testing & Commissioning,,Insulation resistance and continuity testing of installed cable,nr,7.0,307.17,Testing & Commissioning,2150.19
P029-WATERMAIN,Watermain Rehabilitation,Dublin,2026-06-13,Road Reinstatement & Surfacing,,S&L precast concrete kerbing inc. haunching,m,583.2,55.78,Road Reinstatement & Surfacing,32530.9
P029-WATERMAIN,Watermain Rehabilitation,Dublin,2026-06-13,Testing & Commissioning,,Insulation resistance and continuity testing of installed cable,nr,44.0,390.22,Testing & Commissioning,17169.68
P029-WATERMAIN,Watermain Rehabilitation,Dublin,2026-06-13,Watermains,,S&I fire hydrant including marker post,nr,15.0,1227.9,Watermains,18418.5
P029-WATERMAIN,Watermain Rehabilitation,Dublin,2026-06-13,Watermains,,NEW 25MM WATER SERVICE CONNECTION TO BOUNDARY BOX,nr,92.0,399.67,Watermains,36769.64
P029-WATERMAIN,Watermain Rehabilitation,Dublin,2026-06-13,Road Reinstatement & Surfacing,,Reinstate road markings to match existing,m,682.34,8.35,Road Reinstatement & Surfacing,5697.54
P029-WATERMAIN,Watermain Rehabilitation,Dublin,2026-06-13,Excavation & Earthworks,,Dewatering of excavations c/w pumps and settlement tank,week,17.0,1507.57,Excavation & Earthworks,25628.69
P029-WATERMAIN,Watermain Rehabilitation,Dublin,2026-06-13,Road Reinstatement & Surfacing,,SUPPLY AND LAY 50MM HRA SURFACE COURSE,m2,402.35,28.81,Road Reinstatement & Surfacing,11591.7
P029-WATERMAIN,Watermain Rehabilitation,Dublin,2026-06-13,Excavation & Earthworks,,Excavate trench in existing carriageway inc. saw cutting and breaking out,m,1197.63,42.57,Excavation & Earthworks,50983.11
P029-WATERMAIN,Watermain Rehabilitation,Dublin,2026-06-13,Excavation & Earthworks,,SUPPLY AND PLACE IMPORTED GRANULAR FILL CLAUSE 804,m3,1843.96,30.26,Excavation & Earthworks,55798.23
P029-WATERMAIN,Watermain Rehabilitation,Dublin,2026-06-13,Road Reinstatement & Surfacing,,Supply and lay precast concrete kerbing incl. haunching (as drawing),m,96.25,54.36,Road Reinstatement & Surfacing,5232.15
P029-WATERMAIN,Watermain Rehabilitation,Dublin,2026-06-13,Professional Services & Surveys,,Preparation of as-built drawings and safety file,item,1.0,920.6,Professional Services & Surveys,920.6
P029-WATERMAIN,Watermain Rehabilitation,Dublin,2026-06-13,Excavation & Earthworks,,EXCAVATE TRENCH IN EXISTING CARRIAGEWAY INCLUDING SAW CUTTING AND BREAKING OUT,m,724.95,57.65,Excavation & Earthworks,41793.37
P029-WATERMAIN,Watermain Rehabilitation,Dublin,2026-06-13,Road Reinstatement & Surfacing,,S&L 30mm AC10 surface course,m2,697.67,28.6,Road Reinstatement & Surfacing,19953.36
P029-WATERMAIN,Watermain Rehabilitation,Dublin,2026-06-13,Watermains,,Supply and install fire hydrant including marker post,nr,15.0,1261.36,Watermains,18920.4
P029-WATERMAIN,Watermain Rehabilitation,Dublin,2026-06-13,Excavation & Earthworks,,Dewatering of excavations including pumps and settlement tank,week,20.0,2024.7,Excavation & Earthworks,40494.0
P029-WATERMAIN,Watermain Rehabilitation,Dublin,2026-06-13,Preliminaries & Site Setup,,TEMPORARY FENCING AND SITE SECURITY HOARDING,m,201.72,44.21,Preliminaries & Site Setup,8918.04
P029-WATERMAIN,Watermain Rehabilitation,Dublin,2026-06-13,Watermains,,New 25mm water service connection to boundary box,nr,76.0,342.64,Watermains,26040.64
P029-WATERMAIN,Watermain Rehabilitation,Dublin,2026-06-13,Preliminaries & Site Setup,,Site supervision - site agent,week,45.0,1619.8,Preliminaries & Site Setup,72891.0
P029-WATERMAIN,Watermain Rehabilitation,Dublin,2026-06-13,Excavation & Earthworks,,SUPPLY AND PLACE IMPORTED GRANULAR FILL CLAUSE 804,m3,49.08,58.3,Excavation & Earthworks,2861.36
P029-WATERMAIN,Watermain Rehabilitation,Dublin,2026-06-13,Excavation & Earthworks,,Supply and place imported granular fill Clause 804,m3,425.19,57.23,Excavation & Earthworks,24333.62
P029-WATERMAIN,Watermain Rehabilitation,Dublin,2026-06-13,Professional Services & Surveys,,Utility detection survey and slit trenching prior to excavation,nr,79.0,436.42,Professional Services & Surveys,34477.18
P029-WATERMAIN,Watermain Rehabilitation,Dublin,2026-06-13,Watermains,,New 25mm water service connection to boundary box (as drawing),nr,49.0,472.41,Watermains,23148.09
P029-WATERMAIN,Watermain Rehabilitation,Dublin,2026-06-13,Watermains,,SUPPLY & INSTALL FIRE HYDRANT INCL. MARKER POST,nr,4.0,1111.62,Watermains,4446.48
P030-FIBRE,Fibre Duct Network,Dublin,2023-11-25,Traffic Management,,Road closure licence and advance warning signage,item,1.0,1438.33,Traffic Management,1438.33
P030-FIBRE,Fibre Duct Network,Dublin,2023-11-25,Chambers & Jointing Bays,,"Construct type JB9 jointing chamber incl. excavation, base and backfill",nr,6.0,3721.38,Chambers & Jointing Bays,22328.28
P030-FIBRE,Fibre Duct Network,Dublin,2023-11-25,Excavation & Earthworks,,Dewatering of excavations inc. pumps and settlement tank,week,65.0,831.57,Excavation & Earthworks,54052.05
P030-FIBRE,Fibre Duct Network,Dublin,2023-11-25,Chambers & Jointing Bays,,SUPPLY AND INSTALL PRECAST CONCRETE DRAW PIT 600X600 C/W COVER,nr,78.0,808.9,Chambers & Jointing Bays,63094.2
P030-FIBRE,Fibre Duct Network,Dublin,2023-11-25,Cabling & Terminations,,Terminate MV cable into switchgear including testing,nr,17.0,892.65,Cabling & Terminations,15175.05
P030-FIBRE,Fibre Duct Network,Dublin,2023-11-25,Traffic Management,,Preparation and approval of traffic management plan (Chapter 8),item,1.0,1632.69,Traffic Management,1632.69
P030-FIBRE,Fibre Duct Network,Dublin,2023-11-25,Ducting & Cable Protection,,Supply & lay 160mm dia twinwall duct including draw rope,m,3442.23,25.06,Ducting & Cable Protection,86262.28
P030-FIBRE,Fibre Duct Network,Dublin,2023-11-25,Road Reinstatement & Surfacing,,Reinstate road markings to match existing,m,141.35,17.13,Road Reinstatement & Surfacing,2421.33
P030-FIBRE,Fibre Duct Network,Dublin,2023-11-25,Ducting & Cable Protection,,SUPPLY AND LAY 225mm diameter twinwall duct including draw rope (as drawing),m,3346.4,42.97,Ducting & Cable Protection,143794.81
P030-FIBRE,Fibre Duct Network,Dublin,2023-11-25,Traffic Management,,PREPARATION AND APPROVAL OF TRAFFIC MANAGEMENT PLAN (CHAPTER 8),item,1.0,504.97,Traffic Management,504.97
P030-FIBRE,Fibre Duct Network,Dublin,2023-11-25,Ducting & Cable Protection,,Concrete surround to ducts C20/25 (as drawing),m3,47.01,198.13,Ducting & Cable Protection,9314.09
P030-FIBRE,Fibre Duct Network,Dublin,2023-11-25,Excavation & Earthworks,,Excavate trench 600mm wide x 1.0m deep in soft ground inc. support and backfill (as drawing),m,1446.13,26.43,Excavation & Earthworks,38221.22
P030-FIBRE,Fibre Duct Network,Dublin,2023-11-25,Ducting & Cable Protection,,S&L 110MM DIAMETER TWINWALL DUCT C/W DRAW ROPE,m,228.21,22.84,Ducting & Cable Protection,5212.32
P030-FIBRE,Fibre Duct Network,Dublin,2023-11-25,Road Reinstatement & Surfacing,,Supply & lay precast concrete kerbing including haunching,m,58.62,48.86,Road Reinstatement & Surfacing,2864.17
P030-FIBRE,Fibre Duct Network,Dublin,2023-11-25,Chambers & Jointing Bays,,Supply and fit D400 ductile cover and frame to chamber,nr,25.0,352.08,Chambers & Jointing Bays,8802.0
P030-FIBRE,Fibre Duct Network,Dublin,2023-11-25,Road Reinstatement & Surfacing,,Planing of existing bituminous surfacing 40mm,m2,2247.38,6.91,Road Reinstatement & Surfacing,15529.4
P030-FIBRE,Fibre Duct Network,Dublin,2023-11-25,Excavation & Earthworks,,Excavation in rock including breaking and removal,m3,66.13,170.27,Excavation & Earthworks,11259.96
P030-FIBRE,Fibre Duct Network,Dublin,2023-11-25,Ducting & Cable Protection,,Supply and install draw rope to existing duct,m,1067.32,0.88,Ducting & Cable Protection,939.24
P030-FIBRE,Fibre Duct Network,Dublin,2023-11-25,Cabling & Terminations,,Blow in fibre optic cable to existing subduct,m,2705.72,3.72,Cabling & Terminations,10065.28
P030-FIBRE,Fibre Duct Network,Dublin,2023-11-25,Cabling & Terminations,,Fusion splice fibre optic cable including tray and closure,nr,52.0,46.06,Cabling & Terminations,2395.12
P030-FIBRE,Fibre Duct Network,Dublin,2023-11-25,Ducting & Cable Protection,,Concrete surround to ducts C20/25,m3,55.96,172.9,Ducting & Cable Protection,9675.48
P030-FIBRE,Fibre Duct Network,Dublin,2023-11-25,Chambers & Jointing Bays,,"Construct type JB6 jointing chamber incl. excavation, base and backfill",nr,3.0,2472.73,Chambers & Jointing Bays,7418.19
P030-FIBRE,Fibre Duct Network,Dublin,2023-11-25,Road Reinstatement & Surfacing,,Supply and lay 40mm SMA surface course,m2,2219.6,24.36,Road Reinstatement & Surfacing,54069.46
P030-FIBRE,Fibre Duct Network,Dublin,2023-11-25,Ducting & Cable Protection,,Supply & lay cable protection tiles and marker tape,m,883.16,3.83,Ducting & Cable Protection,3382.5
P030-FIBRE,Fibre Duct Network,Dublin,2023-11-25,Ducting & Cable Protection,,Concrete surround to ducts C20/25,m3,60.25,213.71,Ducting & Cable Protection,12876.03
P030-FIBRE,Fibre Duct Network,Dublin,2023-11-25,Chambers & Jointing Bays,,"Construct type JB4 jointing chamber incl. excavation, base and backfill",nr,21.0,1569.87,Chambers & Jointing Bays,32967.27
P030-FIBRE,Fibre Duct Network,Dublin,2023-11-25,Cabling & Terminations,,Supply and pull in 95mm2 3 core XLPE MV cable incl. all fixings,m,676.38,31.7,Cabling & Terminations,21441.25
P030-FIBRE,Fibre Duct Network,Dublin,2023-11-25,Ducting & Cable Protection,,Supply and lay 160mm diameter twinwall duct inc. draw rope (as drawing),m,503.43,40.03,Ducting & Cable Protection,20152.3
P030-FIBRE,Fibre Duct Network,Dublin,2023-11-25,Preliminaries & Site Setup,,MOBILISATION AND DEMOBILISATION OF PLANT TO SITE,item,1.0,4041.33,Preliminaries & Site Setup,4041.33
P030-FIBRE,Fibre Duct Network,Dublin,2023-11-25,Preliminaries & Site Setup,,"Site set up, welfare unit and secure compound",week,10.0,848.49,Preliminaries & Site Setup,8484.9
P030-FIBRE,Fibre Duct Network,Dublin,2023-11-25,Chambers & Jointing Bays,,Supply and fit C250 ductile cover and frame to chamber,nr,12.0,610.82,Chambers & Jointing Bays,7329.84
P030-FIBRE,Fibre Duct Network,Dublin,2023-11-25,Ducting & Cable Protection,,Supply & lay cable protection tiles and marker tape,m,792.48,5.02,Ducting & Cable Protection,3978.25
P030-FIBRE,Fibre Duct Network,Dublin,2023-11-25,Excavation & Earthworks,,Trench support to deep excavation using proprietary shoring,m,1014.68,68.04,Excavation & Earthworks,69038.83
P030-FIBRE,Fibre Duct Network,Dublin,2023-11-25,Road Reinstatement & Surfacing,,Reinstate road markings to match existing,m,1231.0,7.5,Road Reinstatement & Surfacing,9232.5
P030-FIBRE,Fibre Duct Network,Dublin,2023-11-25,Excavation & Earthworks,,Supply and place imported granular fill Clause 804,m3,1860.9,49.73,Excavation & Earthworks,92542.56
P030-FIBRE,Fibre Duct Network,Dublin,2023-11-25,Cabling & Terminations,,Pull in LV service cable 95mm2 to dwelling including duct entry,m,717.95,25.31,Cabling & Terminations,18171.31
P030-FIBRE,Fibre Duct Network,Dublin,2023-11-25,Road Reinstatement & Surfacing,,Supply & lay 50mm HRA surface course,m2,5901.4,26.4,Road Reinstatement & Surfacing,155796.96
P030-FIBRE,Fibre Duct Network,Dublin,2023-11-25,Excavation & Earthworks,,EXCAVATE TRENCH 750MM WIDE X 1.2M DEEP IN SOFT GROUND INCLUDING SUPPORT AND BACKFILL,m,819.92,38.77,Excavation & Earthworks,31788.3
P030-FIBRE,Fibre Duct Network,Dublin,2023-11-25,Excavation & Earthworks,,Dewatering of excavations including pumps and settlement tank,week,6.0,812.57,Excavation & Earthworks,4875.42
P030-FIBRE,Fibre Duct Network,Dublin,2023-11-25,Ducting & Cable Protection,,Supply & lay cable protection tiles and marker tape,m,213.93,5.87,Ducting & Cable Protection,1255.77
P030-FIBRE,Fibre Duct Network,Dublin,2023-11-25,Professional Services & Surveys,,PREPARATION OF AS-BUILT DRAWINGS AND SAFETY FILE,item,1.0,1966.85,Professional Services & Surveys,1966.85
P030-FIBRE,Fibre Duct Network,Dublin,2023-11-25,Road Reinstatement & Surfacing,,S&L 40mm SMA surface course,m2,1088.11,21.04,Road Reinstatement & Surfacing,22893.83
P030-FIBRE,Fibre Duct Network,Dublin,2023-11-25,Excavation & Earthworks,,Trench support to deep excavation using proprietary shoring,m,50.65,75.53,Excavation & Earthworks,3825.59
P030-FIBRE,Fibre Duct Network,Dublin,2023-11-25,Chambers & Jointing Bays,,"Construct type JB6 jointing chamber c/w excavation, base and backfill",nr,6.0,1363.1,Chambers & Jointing Bays,8178.6
P030-FIBRE,Fibre Duct Network,Dublin,2023-11-25,Ducting & Cable Protection,,Horizontal directional drill 250mm bore inc. entry and exit pits,m,244.39,521.79,Ducting & Cable Protection,127520.26
P030-FIBRE,Fibre Duct Network,Dublin,2023-11-25,Cabling & Terminations,,Fusion splice fibre optic cable including tray and closure,nr,38.0,42.49,Cabling & Terminations,1614.62
P030-FIBRE,Fibre Duct Network,Dublin,2023-11-25,Professional Services & Surveys,,Utility detection survey and slit trenching prior to excavation,nr,34.0,471.16,Professional Services & Surveys,16019.44
P030-FIBRE,Fibre Duct Network,Dublin,2023-11-25,Excavation & Earthworks,,Supply and place imported granular fill Clause 804,m3,562.41,46.87,Excavation & Earthworks,26360.16
P030-FIBRE,Fibre Duct Network,Dublin,2023-11-25,Road Reinstatement & Surfacing,,Permanent reinstatement of footpath in bitmac to road opening licence standard,m2,2271.64,64.53,Road Reinstatement & Surfacing,146588.93
P030-FIBRE,Fibre Duct Network,Dublin,2023-11-25,Preliminaries & Site Setup,,"Site set up, welfare unit and secure compound",week,13.0,1047.53,Preliminaries & Site Setup,13617.89
P030-FIBRE,Fibre Duct Network,Dublin,2023-11-25,Cabling & Terminations,,Terminate MV cable into switchgear including testing,nr,7.0,1186.25,Cabling & Terminations,8303.75
P030-FIBRE,Fibre Duct Network,Dublin,2023-11-25,Cabling & Terminations,,Supply and pull in 185mm2 3 core XLPE MV cable including all fixings,m,693.65,36.01,Cabling & Terminations,24978.34
P030-FIBRE,Fibre Duct Network,Dublin,2023-11-25,Chambers & Jointing Bays,,Supply and fit B125 composite cover and frame to chamber,nr,36.0,392.29,Chambers & Jointing Bays,14122.44
P030-FIBRE,Fibre Duct Network,Dublin,2023-11-25,Ducting & Cable Protection,,SUPPLY & LAY 6NO. 110MM HDPE DUCT IN PREPARED TRENCH INCLUDING BEDDING,m,550.89,72.62,Ducting & Cable Protection,40005.63
P030-FIBRE,Fibre Duct Network,Dublin,2023-11-25,Excavation & Earthworks,,Exc. trench in existing carriageway inc. saw cutting and breaking out (as drawing),m,170.34,51.66,Excavation & Earthworks,8799.76
P030-FIBRE,Fibre Duct Network,Dublin,2023-11-25,Preliminaries & Site Setup,,Mobilisation and demobilisation of plant to site,item,1.0,2295.1,Preliminaries & Site Setup,2295.1
P030-FIBRE,Fibre Duct Network,Dublin,2023-11-25,Chambers & Jointing Bays,,Raise or lower existing chamber to finished road level,nr,9.0,789.22,Chambers & Jointing Bays,7102.98
P030-FIBRE,Fibre Duct Network,Dublin,2023-11-25,Ducting & Cable Protection,,SUPPLY & INSTALL DRAW ROPE TO EXISTING DUCT,m,1429.6,1.24,Ducting & Cable Protection,1772.7
P030-FIBRE,Fibre Duct Network,Dublin,2023-11-25,Excavation & Earthworks,,Supply and place imported granular fill Clause 804 (as drawing),m3,1382.85,37.1,Excavation & Earthworks,51303.74
P030-FIBRE,Fibre Duct Network,Dublin,2023-11-25,Preliminaries & Site Setup,,Temporary fencing and site security hoarding,m,198.79,30.98,Preliminaries & Site Setup,6158.51
P030-FIBRE,Fibre Duct Network,Dublin,2023-11-25,Preliminaries & Site Setup,,"Site set up, welfare unit and secure compound",week,21.0,992.58,Preliminaries & Site Setup,20844.18
P030-FIBRE,Fibre Duct Network,Dublin,2023-11-25,Cabling & Terminations,,Supply and pull in 95mm2 3 core XLPE MV cable including all fixings,m,1862.78,24.23,Cabling & Terminations,45135.16
P030-FIBRE,Fibre Duct Network,Dublin,2023-11-25,Ducting & Cable Protection,,S&L 4no. 110mm HDPE duct in prepared trench including bedding,m,1024.13,44.94,Ducting & Cable Protection,46024.4
P030-FIBRE,Fibre Duct Network,Dublin,2023-11-25,Preliminaries & Site Setup,,Site supervision - project engineer,week,21.0,2242.59,Preliminaries & Site Setup,47094.39
P030-FIBRE,Fibre Duct Network,Dublin,2023-11-25,Road Reinstatement & Surfacing,,PLANING OF EXISTING BITUMINOUS SURFACING 40MM,m2,761.49,11.75,Road Reinstatement & Surfacing,8947.51
P030-FIBRE,Fibre Duct Network,Dublin,2023-11-25,Excavation & Earthworks,,Disposal of surplus excavated material off site to licensed facility,m3,484.13,50.67,Excavation & Earthworks,24530.87
P030-FIBRE,Fibre Duct Network,Dublin,2023-11-25,Ducting & Cable Protection,,Supply and lay 225mm diameter twinwall duct c/w draw rope,m,2711.42,44.31,Ducting & Cable Protection,120143.02
P030-FIBRE,Fibre Duct Network,Dublin,2023-11-25,Ducting & Cable Protection,,CONCRETE SURROUND TO DUCTS C20/25 (as drawing),m3,54.07,262.86,Ducting & Cable Protection,14212.84
P030-FIBRE,Fibre Duct Network,Dublin,2023-11-25,Road Reinstatement & Surfacing,,Planing of existing bituminous surfacing 40mm,m2,4521.5,5.72,Road Reinstatement & Surfacing,25862.98
P030-FIBRE,Fibre Duct Network,Dublin,2023-11-25,Excavation & Earthworks,,Disposal of surplus excavated material off site to licensed facility,m3,151.41,36.56,Excavation & Earthworks,5535.55
P030-FIBRE,Fibre Duct Network,Dublin,2023-11-25,Traffic Management,,Preparation and approval of traffic management plan (Chapter 8),item,1.0,849.6,Traffic Management,849.6
P030-FIBRE,Fibre Duct Network,Dublin,2023-11-25,Preliminaries & Site Setup,,"Site set up, welfare unit and secure compound (as drawing)",week,63.0,1130.49,Preliminaries & Site Setup,71220.87
P030-FIBRE,Fibre Duct Network,Dublin,2023-11-25,Ducting & Cable Protection,,Horizontal directional drill 250mm bore c/w entry and exit pits,m,86.75,326.25,Ducting & Cable Protection,28302.19
P030-FIBRE,Fibre Duct Network,Dublin,2023-11-25,Cabling & Terminations,,Blow in fibre optic cable to existing subduct,m,2963.42,3.09,Cabling & Terminations,9156.97
P031-FOUL,Foul Drainage Upgrade,Leinster,2024-02-25,Road Reinstatement & Surfacing,,Reinstate road markings to match existing,m,1371.35,7.24,Road Reinstatement & Surfacing,9928.57
P031-FOUL,Foul Drainage Upgrade,Leinster,2024-02-25,Traffic Management,,Provision of traffic management including stop/go operatives and signage,week,3.0,1086.47,Traffic Management,3259.41
P031-FOUL,Foul Drainage Upgrade,Leinster,2024-02-25,Concrete & Structures,,Supply and fix A393 mesh reinforcement,m2,1210.64,11.03,Concrete & Structures,13353.36
P031-FOUL,Foul Drainage Upgrade,Leinster,2024-02-25,Road Reinstatement & Surfacing,,SUPPLY AND LAY PRECAST CONCRETE KERBING INCLUDING HAUNCHING,m,1165.83,39.14,Road Reinstatement & Surfacing,45630.59
P031-FOUL,Foul Drainage Upgrade,Leinster,2024-02-25,Drainage,,CCTV survey of completed drainage including report,m,1095.6,3.87,Drainage,4239.97
P031-FOUL,Foul Drainage Upgrade,Leinster,2024-02-25,Drainage,,Supply and lay 300mm diameter uPVC sewer pipe including bedding and surround,m,269.24,61.96,Drainage,16682.11
P031-FOUL,Foul Drainage Upgrade,Leinster,2024-02-25,Preliminaries & Site Setup,,Mobilisation and demobilisation of plant to site,item,1.0,5436.77,Preliminaries & Site Setup,5436.77
P031-FOUL,Foul Drainage Upgrade,Leinster,2024-02-25,Testing & Commissioning,,"Pressure testing, swabbing and disinfection of new watermain",m,330.11,4.51,Testing & Commissioning,1488.8
P031-FOUL,Foul Drainage Upgrade,Leinster,2024-02-25,Excavation & Earthworks,,Excavate trench in existing carriageway including saw cutting and breaking out,m,209.51,126.15,Excavation & Earthworks,26429.69
P031-FOUL,Foul Drainage Upgrade,Leinster,2024-02-25,Drainage,,Construct precast concrete manhole 1050mm dia. 1.5-2.0m deep including cover and frame,nr,5.0,1394.83,Drainage,6974.15
P031-FOUL,Foul Drainage Upgrade,Leinster,2024-02-25,Preliminaries & Site Setup,,Site supervision - ganger,week,16.0,1163.65,Preliminaries & Site Setup,18618.4
P031-FOUL,Foul Drainage Upgrade,Leinster,2024-02-25,Excavation & Earthworks,,Dewatering of excavations c/w pumps and settlement tank,week,5.0,623.65,Excavation & Earthworks,3118.25
P031-FOUL,Foul Drainage Upgrade,Leinster,2024-02-25,Concrete & Structures,,FORMWORK TO EDGES AND FACES OF CONCRETE,m2,606.13,53.74,Concrete & Structures,32573.43
P031-FOUL,Foul Drainage Upgrade,Leinster,2024-02-25,Preliminaries & Site Setup,,"Insurances, bonds and statutory notices (as drawing)",item,1.0,4457.17,Preliminaries & Site Setup,4457.17
P031-FOUL,Foul Drainage Upgrade,Leinster,2024-02-25,Professional Services & Surveys,,Preparation of as-built drawings and safety file,item,1.0,2152.6,Professional Services & Surveys,2152.6
P031-FOUL,Foul Drainage Upgrade,Leinster,2024-02-25,Excavation & Earthworks,,Trench support to deep excavation using proprietary shoring,m,308.32,24.57,Excavation & Earthworks,7575.42
P031-FOUL,Foul Drainage Upgrade,Leinster,2024-02-25,Drainage,,CCTV survey of completed drainage including report,m,771.32,2.76,Drainage,2128.84
P031-FOUL,Foul Drainage Upgrade,Leinster,2024-02-25,Drainage,,SUPPLY AND INSTALL ROAD GULLY INCLUDING CONNECTION TO SEWER,nr,4.0,800.18,Drainage,3200.72
P031-FOUL,Foul Drainage Upgrade,Leinster,2024-02-25,Excavation & Earthworks,,Supply and place imported granular fill Clause 804 (as drawing),m3,73.48,55.08,Excavation & Earthworks,4047.28
P031-FOUL,Foul Drainage Upgrade,Leinster,2024-02-25,Preliminaries & Site Setup,,"Insurances, bonds and statutory notices",item,1.0,3294.67,Preliminaries & Site Setup,3294.67
P031-FOUL,Foul Drainage Upgrade,Leinster,2024-02-25,Excavation & Earthworks,,Dewatering of excavations including pumps and settlement tank,week,5.0,1033.47,Excavation & Earthworks,5167.35
P031-FOUL,Foul Drainage Upgrade,Leinster,2024-02-25,Preliminaries & Site Setup,,Mobilisation and demobilisation of plant to site (as drawing),item,1.0,2840.73,Preliminaries & Site Setup,2840.73
P031-FOUL,Foul Drainage Upgrade,Leinster,2024-02-25,Traffic Management,,Preparation and approval of traffic management plan (Chapter 8),item,1.0,787.71,Traffic Management,787.71
P031-FOUL,Foul Drainage Upgrade,Leinster,2024-02-25,Drainage,,Supply & lay 300mm diameter uPVC sewer pipe including bedding and surround,m,274.59,68.88,Drainage,18913.76
P031-FOUL,Foul Drainage Upgrade,Leinster,2024-02-25,Traffic Management,,Provision of traffic management incl. stop/go operatives and signage,week,25.0,1944.14,Traffic Management,48603.5
P031-FOUL,Foul Drainage Upgrade,Leinster,2024-02-25,Preliminaries & Site Setup,,"Site set up, welfare unit and secure compound",week,9.0,838.41,Preliminaries & Site Setup,7545.69
P031-FOUL,Foul Drainage Upgrade,Leinster,2024-02-25,Traffic Management,,Road closure licence and advance warning signage,item,1.0,897.81,Traffic Management,897.81
P031-FOUL,Foul Drainage Upgrade,Leinster,2024-02-25,Excavation & Earthworks,,Excavate trench 600mm wide x 1.0m deep in soft ground including support and backfill,m,1788.66,30.69,Excavation & Earthworks,54893.98
P031-FOUL,Foul Drainage Upgrade,Leinster,2024-02-25,Drainage,,SUPPLY & LAY 450MM DIAMETER UPVC SEWER PIPE INCL. BEDDING AND SURROUND,m,739.7,144.03,Drainage,106538.99
P031-FOUL,Foul Drainage Upgrade,Leinster,2024-02-25,Drainage,,SUPPLY AND LAY 150mm diameter uPVC sewer pipe including bedding and surround,m,419.54,43.8,Drainage,18375.85
P031-FOUL,Foul Drainage Upgrade,Leinster,2024-02-25,Excavation & Earthworks,,Trench support to deep excavation using proprietary shoring,m,1463.6,33.88,Excavation & Earthworks,49586.77
P031-FOUL,Foul Drainage Upgrade,Leinster,2024-02-25,Testing & Commissioning,,"Pressure testing, swabbing and disinfection of new watermain",m,362.49,5.46,Testing & Commissioning,1979.2
P031-FOUL,Foul Drainage Upgrade,Leinster,2024-02-25,Excavation & Earthworks,,Supply and place imported granular fill Clause 804,m3,538.09,56.25,Excavation & Earthworks,30267.56
P031-FOUL,Foul Drainage Upgrade,Leinster,2024-02-25,Professional Services & Surveys,,Topographical survey and setting out of works,day,12.0,807.68,Professional Services & Surveys,9692.16
P031-FOUL,Foul Drainage Upgrade,Leinster,2024-02-25,Road Reinstatement & Surfacing,,S&L precast concrete kerbing including haunching,m,2202.21,50.72,Road Reinstatement & Surfacing,111696.09
P031-FOUL,Foul Drainage Upgrade,Leinster,2024-02-25,Preliminaries & Site Setup,,"Site set up, welfare unit and secure compound (as drawing)",week,15.0,650.3,Preliminaries & Site Setup,9754.5
P031-FOUL,Foul Drainage Upgrade,Leinster,2024-02-25,Traffic Management,,PREPARATION AND APPROVAL OF TRAFFIC MANAGEMENT PLAN (CHAPTER 8),item,1.0,821.91,Traffic Management,821.91
P031-FOUL,Foul Drainage Upgrade,Leinster,2024-02-25,Drainage,,CCTV survey of completed drainage inc. report,m,177.61,3.48,Drainage,618.08
P031-FOUL,Foul Drainage Upgrade,Leinster,2024-02-25,Traffic Management,,Provision of traffic management c/w stop/go operatives and signage,week,18.0,1293.67,Traffic Management,23286.06
P031-FOUL,Foul Drainage Upgrade,Leinster,2024-02-25,Preliminaries & Site Setup,,"Site set up, welfare unit and secure compound",week,11.0,1267.67,Preliminaries & Site Setup,13944.37
P031-FOUL,Foul Drainage Upgrade,Leinster,2024-02-25,Excavation & Earthworks,,Supply and place imported granular fill Clause 804,m3,218.73,43.45,Excavation & Earthworks,9503.82
P031-FOUL,Foul Drainage Upgrade,Leinster,2024-02-25,Preliminaries & Site Setup,,Site supervision - project engineer,week,29.0,1523.5,Preliminaries & Site Setup,44181.5
P031-FOUL,Foul Drainage Upgrade,Leinster,2024-02-25,Concrete & Structures,,Blockwork wall 215mm including fair face and capping,m2,88.85,98.7,Concrete & Structures,8769.49
P031-FOUL,Foul Drainage Upgrade,Leinster,2024-02-25,Traffic Management,,Preparation and approval of traffic management plan (Chapter 8),item,1.0,603.55,Traffic Management,603.55
P031-FOUL,Foul Drainage Upgrade,Leinster,2024-02-25,Preliminaries & Site Setup,,Temporary fencing and site security hoarding,m,734.6,28.02,Preliminaries & Site Setup,20583.49
P031-FOUL,Foul Drainage Upgrade,Leinster,2024-02-25,Drainage,,Supply & install road gully including connection to sewer,nr,45.0,642.74,Drainage,28923.3
P031-FOUL,Foul Drainage Upgrade,Leinster,2024-02-25,Testing & Commissioning,,Insulation resistance and continuity testing of installed cable,nr,13.0,193.12,Testing & Commissioning,2510.56
P031-FOUL,Foul Drainage Upgrade,Leinster,2024-02-25,Drainage,,Construct precast concrete manhole 1500mm dia. 3.0-4.0m deep including cover and frame (as drawing),nr,5.0,4509.26,Drainage,22546.3
P031-FOUL,Foul Drainage Upgrade,Leinster,2024-02-25,Excavation & Earthworks,,Supply and place imported granular fill Clause 804,m3,326.66,50.61,Excavation & Earthworks,16532.26
P031-FOUL,Foul Drainage Upgrade,Leinster,2024-02-25,Preliminaries & Site Setup,,Temporary fencing and site security hoarding,m,328.57,39.0,Preliminaries & Site Setup,12814.23
P031-FOUL,Foul Drainage Upgrade,Leinster,2024-02-25,Professional Services & Surveys,,TOPOGRAPHICAL SURVEY AND SETTING OUT OF WORKS,day,9.0,651.87,Professional Services & Surveys,5866.83
P031-FOUL,Foul Drainage Upgrade,Leinster,2024-02-25,Traffic Management,,Preparation and approval of traffic management plan (Chapter 8),item,1.0,775.72,Traffic Management,775.72
P031-FOUL,Foul Drainage Upgrade,Leinster,2024-02-25,Excavation & Earthworks,,Trench support to deep excavation using proprietary shoring,m,370.02,30.81,Excavation & Earthworks,11400.32
P031-FOUL,Foul Drainage Upgrade,Leinster,2024-02-25,Preliminaries & Site Setup,,MOBILISATION AND DEMOBILISATION OF PLANT TO SITE,item,1.0,6453.2,Preliminaries & Site Setup,6453.2
P031-FOUL,Foul Drainage Upgrade,Leinster,2024-02-25,Traffic Management,,Road closure licence and advance warning signage (as drawing),item,1.0,1420.34,Traffic Management,1420.34
P031-FOUL,Foul Drainage Upgrade,Leinster,2024-02-25,Testing & Commissioning,,"Pressure testing, swabbing and disinfection of new watermain",m,718.45,6.01,Testing & Commissioning,4317.88
P031-FOUL,Foul Drainage Upgrade,Leinster,2024-02-25,Concrete & Structures,,Supply and place C35/45 concrete to foundations,m3,36.79,261.16,Concrete & Structures,9608.08
P031-FOUL,Foul Drainage Upgrade,Leinster,2024-02-25,Preliminaries & Site Setup,,Site supervision - site agent,week,12.0,2004.04,Preliminaries & Site Setup,24048.48
P031-FOUL,Foul Drainage Upgrade,Leinster,2024-02-25,Drainage,,CCTV SURVEY OF COMPLETED DRAINAGE INCL. REPORT,m,93.75,4.18,Drainage,391.88
P031-FOUL,Foul Drainage Upgrade,Leinster,2024-02-25,Drainage,,Supply and install road gully including connection to sewer,nr,32.0,626.22,Drainage,20039.04
P031-FOUL,Foul Drainage Upgrade,Leinster,2024-02-25,Concrete & Structures,,Blockwork wall 215mm including fair face and capping,m2,169.75,89.56,Concrete & Structures,15202.81
P031-FOUL,Foul Drainage Upgrade,Leinster,2024-02-25,Concrete & Structures,,Formwork to edges and faces of concrete,m2,159.39,64.36,Concrete & Structures,10258.34
P031-FOUL,Foul Drainage Upgrade,Leinster,2024-02-25,Drainage,,Supply & install road gully including connection to sewer,nr,28.0,474.78,Drainage,13293.84
P031-FOUL,Foul Drainage Upgrade,Leinster,2024-02-25,Excavation & Earthworks,,Excavate trench in existing carriageway including saw cutting and breaking out,m,685.44,41.37,Excavation & Earthworks,28356.65
P031-FOUL,Foul Drainage Upgrade,Leinster,2024-02-25,Concrete & Structures,,Blockwork wall 215mm inc. fair face and capping,m2,31.93,170.26,Concrete & Structures,5436.4
P031-FOUL,Foul Drainage Upgrade,Leinster,2024-02-25,Excavation & Earthworks,,Excavation in rock including breaking and removal,m3,71.2,145.8,Excavation & Earthworks,10380.96
P031-FOUL,Foul Drainage Upgrade,Leinster,2024-02-25,Traffic Management,,Provision of traffic management with two-way portable signals,week,51.0,1551.0,Traffic Management,79101.0
P031-FOUL,Foul Drainage Upgrade,Leinster,2024-02-25,Drainage,,CCTV survey of completed drainage incl. report,m,2786.94,2.8,Drainage,7803.43
P031-FOUL,Foul Drainage Upgrade,Leinster,2024-02-25,Drainage,,Supply and lay 300mm diameter uPVC sewer pipe including bedding and surround,m,76.41,94.31,Drainage,7206.23
P031-FOUL,Foul Drainage Upgrade,Leinster,2024-02-25,Excavation & Earthworks,,EXCAVATION IN ROCK INCLUDING BREAKING AND REMOVAL,m3,71.33,88.97,Excavation & Earthworks,6346.23
P031-FOUL,Foul Drainage Upgrade,Leinster,2024-02-25,Road Reinstatement & Surfacing,,Permanent reinstatement of footpath in concrete flags to road opening licence standard (as drawing),m2,245.18,62.48,Road Reinstatement & Surfacing,15318.85
P031-FOUL,Foul Drainage Upgrade,Leinster,2024-02-25,Drainage,,SUPPLY AND LAY 300mm diameter uPVC sewer pipe including bedding and surround,m,181.11,87.73,Drainage,15888.78
P031-FOUL,Foul Drainage Upgrade,Leinster,2024-02-25,Road Reinstatement & Surfacing,,SUPPLY AND LAY 30mm AC10 surface course,m2,1584.45,15.44,Road Reinstatement & Surfacing,24463.91
P031-FOUL,Foul Drainage Upgrade,Leinster,2024-02-25,Professional Services & Surveys,,Preparation of as-built drawings and safety file,item,1.0,1285.23,Professional Services & Surveys,1285.23
P031-FOUL,Foul Drainage Upgrade,Leinster,2024-02-25,Testing & Commissioning,,Testing and energisation of MV network c/w switching,item,1.0,2230.66,Testing & Commissioning,2230.66
P032-LV,LV Reinforcement,Dublin,2025-05-07,Road Reinstatement & Surfacing,,Supply and lay 40mm SMA surface course,m2,2487.99,30.51,Road Reinstatement & Surfacing,75908.57
P032-LV,LV Reinforcement,Dublin,2025-05-07,Preliminaries & Site Setup,,MOBILISATION AND DEMOBILISATION OF PLANT TO SITE,item,1.0,2931.64,Preliminaries & Site Setup,2931.64
P032-LV,LV Reinforcement,Dublin,2025-05-07,Preliminaries & Site Setup,,"Insurances, bonds and statutory notices (as drawing)",item,1.0,3110.37,Preliminaries & Site Setup,3110.37
P032-LV,LV Reinforcement,Dublin,2025-05-07,Cabling & Terminations,,Pull in LV service cable 35mm2 to dwelling including duct entry,m,341.13,15.67,Cabling & Terminations,5345.51
P032-LV,LV Reinforcement,Dublin,2025-05-07,Cabling & Terminations,,Straight joint to MV cable,nr,5.0,1550.65,Cabling & Terminations,7753.25
P032-LV,LV Reinforcement,Dublin,2025-05-07,Road Reinstatement & Surfacing,,Permanent reinstatement of footpath in concrete flags to road opening licence standard,m2,1826.58,85.64,Road Reinstatement & Surfacing,156428.31
P032-LV,LV Reinforcement,Dublin,2025-05-07,Excavation & Earthworks,,Excavate trench in existing carriageway including saw cutting and breaking out,m,1178.49,47.89,Excavation & Earthworks,56437.89
P032-LV,LV Reinforcement,Dublin,2025-05-07,Traffic Management,,Provision of traffic management including stop/go operatives and signage,week,9.0,1473.04,Traffic Management,13257.36
P032-LV,LV Reinforcement,Dublin,2025-05-07,Preliminaries & Site Setup,,"Site set up, welfare unit and secure compound",week,22.0,699.78,Preliminaries & Site Setup,15395.16
P032-LV,LV Reinforcement,Dublin,2025-05-07,Cabling & Terminations,,Supply and pull in 185mm2 3 core XLPE MV cable including all fixings,m,269.37,83.13,Cabling & Terminations,22392.73
P032-LV,LV Reinforcement,Dublin,2025-05-07,Cabling & Terminations,,Pull in LV service cable 95mm2 to dwelling inc. duct entry,m,391.82,27.8,Cabling & Terminations,10892.6
P032-LV,LV Reinforcement,Dublin,2025-05-07,Ducting & Cable Protection,,Concrete surround to ducts C20/25,m3,247.25,169.71,Ducting & Cable Protection,41960.8
P032-LV,LV Reinforcement,Dublin,2025-05-07,Road Reinstatement & Surfacing,,Permanent reinstatement of footpath in concrete flags to road opening licence standard,m2,253.89,75.57,Road Reinstatement & Surfacing,19186.47
P032-LV,LV Reinforcement,Dublin,2025-05-07,Traffic Management,,Provision of traffic management for footpath closure and pedestrian diversion,week,9.0,1145.27,Traffic Management,10307.43
P032-LV,LV Reinforcement,Dublin,2025-05-07,Plant & Equipment Supply,,Supply & install feeder pillar including connections,nr,6.0,2681.66,Plant & Equipment Supply,16089.96
P032-LV,LV Reinforcement,Dublin,2025-05-07,Plant & Equipment Supply,,Supply and install feeder pillar incl. connections,nr,16.0,1980.23,Plant & Equipment Supply,31683.68
P032-LV,LV Reinforcement,Dublin,2025-05-07,Excavation & Earthworks,,Excav. trench 450mm wide x 750mm deep in soft ground including support and backfill,m,2224.65,20.9,Excavation & Earthworks,46495.18
P032-LV,LV Reinforcement,Dublin,2025-05-07,Ducting & Cable Protection,,S&L cable protection tiles and marker tape,m,766.83,4.86,Ducting & Cable Protection,3726.79
P032-LV,LV Reinforcement,Dublin,2025-05-07,Traffic Management,,Preparation and approval of traffic management plan (Chapter 8),item,1.0,1162.83,Traffic Management,1162.83
P032-LV,LV Reinforcement,Dublin,2025-05-07,Excavation & Earthworks,,Excavation in rock incl. breaking and removal,m3,65.16,152.41,Excavation & Earthworks,9931.04
P032-LV,LV Reinforcement,Dublin,2025-05-07,Traffic Management,,Road closure licence and advance warning signage,item,1.0,1840.97,Traffic Management,1840.97
P032-LV,LV Reinforcement,Dublin,2025-05-07,Ducting & Cable Protection,,Horizontal directional drill 125mm bore including entry and exit pits,m,180.66,322.47,Ducting & Cable Protection,58257.43
P032-LV,LV Reinforcement,Dublin,2025-05-07,Plant & Equipment Supply,,Supply and erect 8m public lighting column with LED lantern,nr,10.0,1856.46,Plant & Equipment Supply,18564.6
P032-LV,LV Reinforcement,Dublin,2025-05-07,Cabling & Terminations,,Supply and pull in 95mm2 3 core XLPE MV cable including all fixings,m,1495.0,32.57,Cabling & Terminations,48692.15
P032-LV,LV Reinforcement,Dublin,2025-05-07,Road Reinstatement & Surfacing,,Permanent reinstatement of footpath in concrete flags to road opening licence standard,m2,1314.59,73.69,Road Reinstatement & Surfacing,96872.14
P032-LV,LV Reinforcement,Dublin,2025-05-07,Road Reinstatement & Surfacing,,Permanent reinstatement of footpath in bitmac to road opening licence standard,m2,1243.59,77.75,Road Reinstatement & Surfacing,96689.12
P032-LV,LV Reinforcement,Dublin,2025-05-07,Ducting & Cable Protection,,Supply and lay 225mm diameter twinwall duct including draw rope,m,1003.93,31.84,Ducting & Cable Protection,31965.13
P032-LV,LV Reinforcement,Dublin,2025-05-07,Cabling & Terminations,,"Earthing installation including rods, tape and connections",item,1.0,2965.5,Cabling & Terminations,2965.5
P032-LV,LV Reinforcement,Dublin,2025-05-07,Cabling & Terminations,,Terminate MV cable into switchgear incl. testing,nr,30.0,1348.41,Cabling & Terminations,40452.3
P032-LV,LV Reinforcement,Dublin,2025-05-07,Cabling & Terminations,,Straight joint to MV cable,nr,9.0,1469.18,Cabling & Terminations,13222.62
P032-LV,LV Reinforcement,Dublin,2025-05-07,Road Reinstatement & Surfacing,,Permanent reinstatement of footpath in concrete flags to road opening licence standard (as drawing),m2,802.25,77.71,Road Reinstatement & Surfacing,62342.85
P032-LV,LV Reinforcement,Dublin,2025-05-07,Preliminaries & Site Setup,,"Site set up, welfare unit and secure compound",week,14.0,1134.17,Preliminaries & Site Setup,15878.38
P032-LV,LV Reinforcement,Dublin,2025-05-07,Excavation & Earthworks,,Disposal of surplus excavated material off site to licensed facility,m3,292.34,42.1,Excavation & Earthworks,12307.51
P032-LV,LV Reinforcement,Dublin,2025-05-07,Plant & Equipment Supply,,Supply and erect 10m public lighting column with LED lantern,nr,18.0,2763.75,Plant & Equipment Supply,49747.5
P032-LV,LV Reinforcement,Dublin,2025-05-07,Cabling & Terminations,,Terminate MV cable into switchgear including testing,nr,25.0,994.95,Cabling & Terminations,24873.75
P032-LV,LV Reinforcement,Dublin,2025-05-07,Road Reinstatement & Surfacing,,Permanent reinstatement of carriageway to road opening licence standard,m2,1421.19,81.78,Road Reinstatement & Surfacing,116224.92
P032-LV,LV Reinforcement,Dublin,2025-05-07,Excavation & Earthworks,,Dewatering of excavations inc. pumps and settlement tank,week,28.0,799.33,Excavation & Earthworks,22381.24
P032-LV,LV Reinforcement,Dublin,2025-05-07,Preliminaries & Site Setup,,Site supervision - site agent,week,33.0,1789.82,Preliminaries & Site Setup,59064.06
P032-LV,LV Reinforcement,Dublin,2025-05-07,Ducting & Cable Protection,,Concrete surround to ducts C20/25,m3,64.5,287.61,Ducting & Cable Protection,18550.84
P032-LV,LV Reinforcement,Dublin,2025-05-07,Plant & Equipment Supply,,S&I feeder pillar c/w connections,nr,21.0,2652.78,Plant & Equipment Supply,55708.38
P032-LV,LV Reinforcement,Dublin,2025-05-07,Excavation & Earthworks,,Excavation in rock inc. breaking and removal,m3,87.2,140.83,Excavation & Earthworks,12280.38
P032-LV,LV Reinforcement,Dublin,2025-05-07,Excavation & Earthworks,,Excavation in rock c/w breaking and removal,m3,70.43,211.13,Excavation & Earthworks,14869.89
P032-LV,LV Reinforcement,Dublin,2025-05-07,Traffic Management,,Road closure licence and advance warning signage,item,1.0,1431.58,Traffic Management,1431.58
P032-LV,LV Reinforcement,Dublin,2025-05-07,Road Reinstatement & Surfacing,,Planing of existing bituminous surfacing 40mm,m2,395.99,7.47,Road Reinstatement & Surfacing,2958.05
P032-LV,LV Reinforcement,Dublin,2025-05-07,Excavation & Earthworks,,Dewatering of excavations incl. pumps and settlement tank,week,9.0,917.41,Excavation & Earthworks,8256.69
P032-LV,LV Reinforcement,Dublin,2025-05-07,Cabling & Terminations,,Supply and pull in 185mm2 3 core XLPE MV cable including all fixings (as drawing),m,2624.35,50.73,Cabling & Terminations,133133.28
P032-LV,LV Reinforcement,Dublin,2025-05-07,Testing & Commissioning,,"PRESSURE TESTING, SWABBING AND DISINFECTION OF NEW WATERMAIN",m,71.54,8.65,Testing & Commissioning,618.82
P032-LV,LV Reinforcement,Dublin,2025-05-07,Ducting & Cable Protection,,Supply and lay 110mm dia. twinwall duct including draw rope,m,1995.09,21.65,Ducting & Cable Protection,43193.7
P032-LV,LV Reinforcement,Dublin,2025-05-07,Cabling & Terminations,,Blow in fibre optic cable to existing subduct,m,1156.04,3.67,Cabling & Terminations,4242.67
P032-LV,LV Reinforcement,Dublin,2025-05-07,Excavation & Earthworks,,EXCAV. TRENCH IN EXISTING CARRIAGEWAY INCLUDING SAW CUTTING AND BREAKING OUT,m,70.99,60.81,Excavation & Earthworks,4316.9
P032-LV,LV Reinforcement,Dublin,2025-05-07,Road Reinstatement & Surfacing,,SUPPLY AND LAY precast concrete kerbing including haunching,m,2491.97,53.55,Road Reinstatement & Surfacing,133444.99
P032-LV,LV Reinforcement,Dublin,2025-05-07,Road Reinstatement & Surfacing,,Supply & lay 40mm SMA surface course,m2,605.64,33.09,Road Reinstatement & Surfacing,20040.63
P032-LV,LV Reinforcement,Dublin,2025-05-07,Cabling & Terminations,,Fusion splice fibre optic cable including tray and closure,nr,52.0,34.47,Cabling & Terminations,1792.44
P032-LV,LV Reinforcement,Dublin,2025-05-07,Road Reinstatement & Surfacing,,Planing of existing bituminous surfacing 40mm,m2,318.23,13.83,Road Reinstatement & Surfacing,4401.12
P032-LV,LV Reinforcement,Dublin,2025-05-07,Road Reinstatement & Surfacing,,Supply and lay precast concrete kerbing including haunching,m,219.81,51.2,Road Reinstatement & Surfacing,11254.27
P032-LV,LV Reinforcement,Dublin,2025-05-07,Traffic Management,,ROAD CLOSURE LICENCE AND ADVANCE WARNING SIGNAGE,item,1.0,1541.32,Traffic Management,1541.32
P032-LV,LV Reinforcement,Dublin,2025-05-07,Preliminaries & Site Setup,,Temporary fencing and site security hoarding,m,445.63,39.08,Preliminaries & Site Setup,17415.22
P032-LV,LV Reinforcement,Dublin,2025-05-07,Excavation & Earthworks,,EXCAVATE TRENCH IN EXISTING CARRIAGEWAY INCLUDING SAW CUTTING AND BREAKING OUT,m,1147.63,98.12,Excavation & Earthworks,112605.46
P032-LV,LV Reinforcement,Dublin,2025-05-07,Ducting & Cable Protection,,Horizontal directional drill 125mm bore incl. entry and exit pits,m,107.31,249.37,Ducting & Cable Protection,26759.89
P032-LV,LV Reinforcement,Dublin,2025-05-07,Traffic Management,,Road closure licence and advance warning signage,item,1.0,1443.32,Traffic Management,1443.32
P032-LV,LV Reinforcement,Dublin,2025-05-07,Preliminaries & Site Setup,,"Insurances, bonds and statutory notices",item,1.0,4244.22,Preliminaries & Site Setup,4244.22
P032-LV,LV Reinforcement,Dublin,2025-05-07,Excavation & Earthworks,,Excavation in rock including breaking and removal,m3,104.83,164.28,Excavation & Earthworks,17221.47
P032-LV,LV Reinforcement,Dublin,2025-05-07,Ducting & Cable Protection,,S&L cable protection tiles and marker tape,m,643.19,4.15,Ducting & Cable Protection,2669.24
P032-LV,LV Reinforcement,Dublin,2025-05-07,Cabling & Terminations,,Fusion splice fibre optic cable c/w tray and closure (as drawing),nr,17.0,47.58,Cabling & Terminations,808.86
P032-LV,LV Reinforcement,Dublin,2025-05-07,Preliminaries & Site Setup,,Mobilisation and demobilisation of plant to site,item,1.0,4176.73,Preliminaries & Site Setup,4176.73
P032-LV,LV Reinforcement,Dublin,2025-05-07,Preliminaries & Site Setup,,Site supervision - project engineer,week,10.0,2716.3,Preliminaries & Site Setup,27163.0
P032-LV,LV Reinforcement,Dublin,2025-05-07,Road Reinstatement & Surfacing,,Reinstate road markings to match existing,m,244.61,12.3,Road Reinstatement & Surfacing,3008.7
P032-LV,LV Reinforcement,Dublin,2025-05-07,Excavation & Earthworks,,Dewatering of excavations including pumps and settlement tank,week,9.0,871.59,Excavation & Earthworks,7844.31
P032-LV,LV Reinforcement,Dublin,2025-05-07,Ducting & Cable Protection,,Horizontal directional drill 250mm bore including entry and exit pits (as drawing),m,83.75,394.11,Ducting & Cable Protection,33006.71
P033-LV,LV Reinforcement,Ulster,2023-01-17,Excavation & Earthworks,,Excavation in rock including breaking and removal,m3,60.75,197.03,Excavation & Earthworks,11969.57
P033-LV,LV Reinforcement,Ulster,2023-01-17,Cabling & Terminations,,Pull in LV service cable 95mm2 to dwelling incl. duct entry,m,255.43,27.05,Cabling & Terminations,6909.38
P033-LV,LV Reinforcement,Ulster,2023-01-17,Road Reinstatement & Surfacing,,REINSTATE ROAD MARKINGS TO MATCH EXISTING (as drawing),m,74.22,6.46,Road Reinstatement & Surfacing,479.46
P033-LV,LV Reinforcement,Ulster,2023-01-17,Cabling & Terminations,,Supply and pull in 300mm2 3 core XLPE MV cable c/w all fixings,m,268.28,57.28,Cabling & Terminations,15367.08
P033-LV,LV Reinforcement,Ulster,2023-01-17,Road Reinstatement & Surfacing,,Planing of existing bituminous surfacing 40mm,m2,732.25,6.33,Road Reinstatement & Surfacing,4635.14
P033-LV,LV Reinforcement,Ulster,2023-01-17,Preliminaries & Site Setup,,Temporary fencing and site security hoarding,m,50.26,29.98,Preliminaries & Site Setup,1506.79
P033-LV,LV Reinforcement,Ulster,2023-01-17,Traffic Management,,Road closure licence and advance warning signage,item,1.0,1199.15,Traffic Management,1199.15
P033-LV,LV Reinforcement,Ulster,2023-01-17,Cabling & Terminations,,Blow in fibre optic cable to existing subduct,m,2294.51,3.94,Cabling & Terminations,9040.37
P033-LV,LV Reinforcement,Ulster,2023-01-17,Ducting & Cable Protection,,SUPPLY AND LAY 6no. 110mm HDPE duct in prepared trench including bedding,m,381.44,66.26,Ducting & Cable Protection,25274.21
P033-LV,LV Reinforcement,Ulster,2023-01-17,Cabling & Terminations,,Fusion splice fibre optic cable inc. tray and closure,nr,77.0,36.1,Cabling & Terminations,2779.7
P033-LV,LV Reinforcement,Ulster,2023-01-17,Testing & Commissioning,,"PRESSURE TESTING, SWABBING AND DISINFECTION OF NEW WATERMAIN",m,11.36,8.26,Testing & Commissioning,93.83
P033-LV,LV Reinforcement,Ulster,2023-01-17,Excavation & Earthworks,,SUPPLY AND PLACE IMPORTED GRANULAR FILL CLAUSE 804 (as drawing),m3,96.76,46.55,Excavation & Earthworks,4504.18
P033-LV,LV Reinforcement,Ulster,2023-01-17,Road Reinstatement & Surfacing,,Planing of existing bituminous surfacing 40mm,m2,425.22,6.93,Road Reinstatement & Surfacing,2946.77
P033-LV,LV Reinforcement,Ulster,2023-01-17,Cabling & Terminations,,Fusion splice fibre optic cable inc. tray and closure,nr,6.0,40.18,Cabling & Terminations,241.08
P033-LV,LV Reinforcement,Ulster,2023-01-17,Road Reinstatement & Surfacing,,Planing of existing bituminous surfacing 40mm,m2,127.24,8.0,Road Reinstatement & Surfacing,1017.92
P033-LV,LV Reinforcement,Ulster,2023-01-17,Road Reinstatement & Surfacing,,Permanent reinstatement of footpath in bitmac to road opening licence standard,m2,143.5,49.84,Road Reinstatement & Surfacing,7152.04
P033-LV,LV Reinforcement,Ulster,2023-01-17,Ducting & Cable Protection,,Concrete surround to ducts C20/25,m3,18.31,177.48,Ducting & Cable Protection,3249.66
P033-LV,LV Reinforcement,Ulster,2023-01-17,Traffic Management,,Provision of traffic management for footpath closure and pedestrian diversion,week,17.0,647.93,Traffic Management,11014.81
P033-LV,LV Reinforcement,Ulster,2023-01-17,Traffic Management,,Preparation and approval of traffic management plan (Chapter 8),item,1.0,500.73,Traffic Management,500.73
P033-LV,LV Reinforcement,Ulster,2023-01-17,Excavation & Earthworks,,Trench support to deep excavation using proprietary shoring,m,321.42,66.3,Excavation & Earthworks,21310.15
P033-LV,LV Reinforcement,Ulster,2023-01-17,Cabling & Terminations,,"Earthing installation c/w rods, tape and connections",item,1.0,1647.21,Cabling & Terminations,1647.21
P033-LV,LV Reinforcement,Ulster,2023-01-17,Ducting & Cable Protection,,SUPPLY AND INSTALL DRAW ROPE TO EXISTING DUCT,m,1845.08,0.77,Ducting & Cable Protection,1420.71
P033-LV,LV Reinforcement,Ulster,2023-01-17,Preliminaries & Site Setup,,"Site set up, welfare unit and secure compound",week,5.0,754.24,Preliminaries & Site Setup,3771.2
P033-LV,LV Reinforcement,Ulster,2023-01-17,Testing & Commissioning,,Testing and energisation of MV network including switching,item,1.0,2487.24,Testing & Commissioning,2487.24
P033-LV,LV Reinforcement,Ulster,2023-01-17,Excavation & Earthworks,,Excavate trench 900mm wide x 1.5m deep in soft ground inc. support and backfill,m,225.91,66.95,Excavation & Earthworks,15124.67
P033-LV,LV Reinforcement,Ulster,2023-01-17,Ducting & Cable Protection,,Supply & lay 2no. 110mm HDPE duct in prepared trench incl. bedding,m,307.16,16.58,Ducting & Cable Protection,5092.71
P033-LV,LV Reinforcement,Ulster,2023-01-17,Road Reinstatement & Surfacing,,Reinstate road markings to match existing,m,109.26,7.46,Road Reinstatement & Surfacing,815.08
P033-LV,LV Reinforcement,Ulster,2023-01-17,Cabling & Terminations,,"Earthing installation including rods, tape and connections (as drawing)",item,1.0,1522.27,Cabling & Terminations,1522.27
P033-LV,LV Reinforcement,Ulster,2023-01-17,Cabling & Terminations,,Pull in LV service cable 95mm2 to dwelling including duct entry,m,253.48,21.69,Cabling & Terminations,5497.98
P033-LV,LV Reinforcement,Ulster,2023-01-17,Cabling & Terminations,,Fusion splice fibre optic cable including tray and closure,nr,16.0,54.88,Cabling & Terminations,878.08
P033-LV,LV Reinforcement,Ulster,2023-01-17,Road Reinstatement & Surfacing,,PERMANENT REINSTATEMENT OF CARRIAGEWAY TO ROAD OPENING LICENCE STANDARD,m2,227.82,46.03,Road Reinstatement & Surfacing,10486.55
P033-LV,LV Reinforcement,Ulster,2023-01-17,Cabling & Terminations,,Blow in fibre optic cable to existing subduct,m,3055.58,3.17,Cabling & Terminations,9686.19
P033-LV,LV Reinforcement,Ulster,2023-01-17,Excavation & Earthworks,,Dewatering of excavations incl. pumps and settlement tank,week,3.0,930.75,Excavation & Earthworks,2792.25
P033-LV,LV Reinforcement,Ulster,2023-01-17,Ducting & Cable Protection,,Supply and lay 110mm diameter twinwall duct including draw rope (as drawing),m,403.92,20.11,Ducting & Cable Protection,8122.83
P033-LV,LV Reinforcement,Ulster,2023-01-17,Excavation & Earthworks,,Supply and place imported granular fill Clause 804,m3,378.13,56.31,Excavation & Earthworks,21292.5
P033-LV,LV Reinforcement,Ulster,2023-01-17,Preliminaries & Site Setup,,Temporary fencing and site security hoarding (as drawing),m,80.88,43.81,Preliminaries & Site Setup,3543.35
P033-LV,LV Reinforcement,Ulster,2023-01-17,Cabling & Terminations,,Supply and pull in 95mm2 3 core XLPE MV cable c/w all fixings,m,102.44,32.14,Cabling & Terminations,3292.42
P033-LV,LV Reinforcement,Ulster,2023-01-17,Ducting & Cable Protection,,Supply and lay cable protection tiles and marker tape,m,495.61,2.48,Ducting & Cable Protection,1229.11
P033-LV,LV Reinforcement,Ulster,2023-01-17,Cabling & Terminations,,"Earthing installation including rods, tape and connections",item,1.0,2201.05,Cabling & Terminations,2201.05
P033-LV,LV Reinforcement,Ulster,2023-01-17,Excavation & Earthworks,,Excavate trench in existing carriageway incl. saw cutting and breaking out,m,94.41,84.04,Excavation & Earthworks,7934.22
P033-LV,LV Reinforcement,Ulster,2023-01-17,Ducting & Cable Protection,,Supply and lay 110mm diameter twinwall duct including draw rope,m,79.08,28.04,Ducting & Cable Protection,2217.4
P033-LV,LV Reinforcement,Ulster,2023-01-17,Road Reinstatement & Surfacing,,Permanent reinstatement of footpath in bitmac to road opening licence standard,m2,136.08,39.78,Road Reinstatement & Surfacing,5413.26
P033-LV,LV Reinforcement,Ulster,2023-01-17,Excavation & Earthworks,,Dewatering of excavations including pumps and settlement tank (as drawing),week,2.0,1150.02,Excavation & Earthworks,2300.04
P033-LV,LV Reinforcement,Ulster,2023-01-17,Cabling & Terminations,,Supply and pull in 300mm2 3 core XLPE MV cable including all fixings,m,70.48,59.81,Cabling & Terminations,4215.41
P033-LV,LV Reinforcement,Ulster,2023-01-17,Preliminaries & Site Setup,,Temporary fencing and site security hoarding,m,56.9,30.2,Preliminaries & Site Setup,1718.38
P033-LV,LV Reinforcement,Ulster,2023-01-17,Excavation & Earthworks,,DEWATERING OF EXCAVATIONS INCLUDING PUMPS AND SETTLEMENT TANK,week,5.0,994.44,Excavation & Earthworks,4972.2
P033-LV,LV Reinforcement,Ulster,2023-01-17,Preliminaries & Site Setup,,Temporary fencing and site security hoarding,m,259.41,40.68,Preliminaries & Site Setup,10552.8
P033-LV,LV Reinforcement,Ulster,2023-01-17,Cabling & Terminations,,Supply and pull in 185mm2 3 core XLPE MV cable including all fixings,m,59.81,42.17,Cabling & Terminations,2522.19
P033-LV,LV Reinforcement,Ulster,2023-01-17,Preliminaries & Site Setup,,"SITE SET UP, WELFARE UNIT AND SECURE COMPOUND (as drawing)",week,5.0,995.15,Preliminaries & Site Setup,4975.75
P033-LV,LV Reinforcement,Ulster,2023-01-17,Ducting & Cable Protection,,Supply & lay 110mm dia twinwall duct incl. draw rope,m,1584.5,15.46,Ducting & Cable Protection,24496.37
P034-SUBSTATION,Substation Civils,Ulster,2024-04-06,Professional Services & Surveys,,TOPOGRAPHICAL SURVEY AND SETTING OUT OF WORKS,day,2.0,721.34,Professional Services & Surveys,1442.68
P034-SUBSTATION,Substation Civils,Ulster,2024-04-06,Preliminaries & Site Setup,,"Site set up, welfare unit and secure compound",week,17.0,755.18,Preliminaries & Site Setup,12838.06
P034-SUBSTATION,Substation Civils,Ulster,2024-04-06,Concrete & Structures,,Construct reinforced concrete plinth to substation unit,nr,2.0,4398.44,Concrete & Structures,8796.88
P034-SUBSTATION,Substation Civils,Ulster,2024-04-06,Cabling & Terminations,,Pull in LV service cable 25mm2 to dwelling including duct entry,m,148.21,14.54,Cabling & Terminations,2154.97
P034-SUBSTATION,Substation Civils,Ulster,2024-04-06,Excavation & Earthworks,,Trench support to deep excavation using proprietary shoring,m,57.85,30.93,Excavation & Earthworks,1789.3
P034-SUBSTATION,Substation Civils,Ulster,2024-04-06,Ducting & Cable Protection,,S&L cable protection tiles and marker tape,m,1504.34,3.08,Ducting & Cable Protection,4633.37
P034-SUBSTATION,Substation Civils,Ulster,2024-04-06,Professional Services & Surveys,,Topographical survey and setting out of works,day,21.0,718.91,Professional Services & Surveys,15097.11
P034-SUBSTATION,Substation Civils,Ulster,2024-04-06,Preliminaries & Site Setup,,Temporary fencing and site security hoarding,m,377.86,28.89,Preliminaries & Site Setup,10916.38
P034-SUBSTATION,Substation Civils,Ulster,2024-04-06,Cabling & Terminations,,Blow in fibre optic cable to existing subduct,m,25846.99,2.68,Cabling & Terminations,69269.93
P034-SUBSTATION,Substation Civils,Ulster,2024-04-06,Plant & Equipment Supply,,Supply and erect 10m public lighting column with LED lantern,nr,5.0,1384.74,Plant & Equipment Supply,6923.7
P034-SUBSTATION,Substation Civils,Ulster,2024-04-06,Excavation & Earthworks,,TRENCH SUPPORT TO DEEP EXCAVATION USING PROPRIETARY SHORING,m,96.54,38.97,Excavation & Earthworks,3762.16
P034-SUBSTATION,Substation Civils,Ulster,2024-04-06,Landscaping & Site Finishes,,Supply and erect post and rail fencing to boundary,m,171.72,33.36,Landscaping & Site Finishes,5728.58
P034-SUBSTATION,Substation Civils,Ulster,2024-04-06,Concrete & Structures,,Supply and place C25/30 concrete to foundations,m3,32.01,171.1,Concrete & Structures,5476.91
P034-SUBSTATION,Substation Civils,Ulster,2024-04-06,Plant & Equipment Supply,,Supply and install feeder pillar incl. connections,nr,10.0,2146.1,Plant & Equipment Supply,21461.0
P034-SUBSTATION,Substation Civils,Ulster,2024-04-06,Excavation & Earthworks,,Trench support to deep excavation using proprietary shoring,m,246.84,36.85,Excavation & Earthworks,9096.05
P034-SUBSTATION,Substation Civils,Ulster,2024-04-06,Concrete & Structures,,SUPPLY AND FIX A142 MESH REINFORCEMENT,m2,267.92,8.98,Concrete & Structures,2405.92
P034-SUBSTATION,Substation Civils,Ulster,2024-04-06,Ducting & Cable Protection,,SUPPLY AND LAY 2NO. 110MM HDPE DUCT IN PREPARED TRENCH INCLUDING BEDDING,m,360.75,22.36,Ducting & Cable Protection,8066.37
P034-SUBSTATION,Substation Civils,Ulster,2024-04-06,Cabling & Terminations,,Supply and pull in 185mm2 3 core XLPE MV cable incl. all fixings,m,1643.78,27.85,Cabling & Terminations,45779.27
P034-SUBSTATION,Substation Civils,Ulster,2024-04-06,Excavation & Earthworks,,EXCAVATE TRENCH IN EXISTING CARRIAGEWAY INCLUDING SAW CUTTING AND BREAKING OUT,m,405.49,33.89,Excavation & Earthworks,13742.06
P034-SUBSTATION,Substation Civils,Ulster,2024-04-06,Plant & Equipment Supply,,S&I 400kVA ground mounted transformer,nr,1.0,16423.13,Plant & Equipment Supply,16423.13
P034-SUBSTATION,Substation Civils,Ulster,2024-04-06,Concrete & Structures,,Supply & fix A252 mesh reinforcement (as drawing),m2,558.81,9.71,Concrete & Structures,5426.05
P034-SUBSTATION,Substation Civils,Ulster,2024-04-06,Professional Services & Surveys,,Preparation of as-built drawings and safety file,item,2.0,2213.6,Professional Services & Surveys,4427.2
P034-SUBSTATION,Substation Civils,Ulster,2024-04-06,Landscaping & Site Finishes,,SUPPLY AND ERECT POST AND RAIL FENCING TO BOUNDARY,m,264.61,30.04,Landscaping & Site Finishes,7948.88
P034-SUBSTATION,Substation Civils,Ulster,2024-04-06,Plant & Equipment Supply,,Supply and erect 8m public lighting column with LED lantern,nr,43.0,1452.46,Plant & Equipment Supply,62455.78
P034-SUBSTATION,Substation Civils,Ulster,2024-04-06,Excavation & Earthworks,,Excavate trench 900mm wide x 1.5m deep in soft ground including support and backfill,m,1184.78,56.87,Excavation & Earthworks,67378.44
P034-SUBSTATION,Substation Civils,Ulster,2024-04-06,Preliminaries & Site Setup,,Site supervision - site agent,week,14.0,1817.6,Preliminaries & Site Setup,25446.4
P034-SUBSTATION,Substation Civils,Ulster,2024-04-06,Preliminaries & Site Setup,,"Insurances, bonds and statutory notices",item,1.0,4402.28,Preliminaries & Site Setup,4402.28
P034-SUBSTATION,Substation Civils,Ulster,2024-04-06,Excavation & Earthworks,,Trench support to deep excavation using proprietary shoring,m,97.34,35.7,Excavation & Earthworks,3475.04
P034-SUBSTATION,Substation Civils,Ulster,2024-04-06,Plant & Equipment Supply,,Supply and install feeder pillar including connections,nr,4.0,1877.3,Plant & Equipment Supply,7509.2
P034-SUBSTATION,Substation Civils,Ulster,2024-04-06,Ducting & Cable Protection,,Supply and lay 160mm dia twinwall duct including draw rope,m,259.15,30.53,Ducting & Cable Protection,7911.85
P034-SUBSTATION,Substation Civils,Ulster,2024-04-06,Ducting & Cable Protection,,SUPPLY AND LAY cable protection tiles and marker tape,m,6060.9,2.66,Ducting & Cable Protection,16121.99
P034-SUBSTATION,Substation Civils,Ulster,2024-04-06,Concrete & Structures,,Construct reinforced concrete plinth to substation unit,nr,5.0,4135.83,Concrete & Structures,20679.15
P034-SUBSTATION,Substation Civils,Ulster,2024-04-06,Ducting & Cable Protection,,Supply and lay 1no. 110mm HDPE duct in prepared trench including bedding,m,1235.08,8.91,Ducting & Cable Protection,11004.56
P034-SUBSTATION,Substation Civils,Ulster,2024-04-06,Plant & Equipment Supply,,Supply and install 400kVA ground mounted transformer,nr,5.0,12291.79,Plant & Equipment Supply,61458.95
P034-SUBSTATION,Substation Civils,Ulster,2024-04-06,Ducting & Cable Protection,,Concrete surround to ducts C20/25,m3,27.5,118.92,Ducting & Cable Protection,3270.3
P034-SUBSTATION,Substation Civils,Ulster,2024-04-06,Concrete & Structures,,CONSTRUCT REINFORCED CONCRETE PLINTH TO SUBSTATION UNIT,nr,17.0,5372.53,Concrete & Structures,91333.01
P034-SUBSTATION,Substation Civils,Ulster,2024-04-06,Cabling & Terminations,,Blow in fibre optic cable to existing subduct,m,1237.02,6.24,Cabling & Terminations,7719.0
P034-SUBSTATION,Substation Civils,Ulster,2024-04-06,Excavation & Earthworks,,Excavate trench in existing carriageway inc. saw cutting and breaking out,m,255.98,33.24,Excavation & Earthworks,8508.78
P034-SUBSTATION,Substation Civils,Ulster,2024-04-06,Concrete & Structures,,Formwork to edges and faces of concrete,m2,90.47,68.84,Concrete & Structures,6227.95
P034-SUBSTATION,Substation Civils,Ulster,2024-04-06,Concrete & Structures,,Supply and place C25/30 concrete to foundations,m3,91.73,152.71,Concrete & Structures,14008.09
P034-SUBSTATION,Substation Civils,Ulster,2024-04-06,Excavation & Earthworks,,Excavate trench 450mm wide x 750mm deep in soft ground including support and backfill,m,490.27,19.36,Excavation & Earthworks,9491.63
P034-SUBSTATION,Substation Civils,Ulster,2024-04-06,Preliminaries & Site Setup,,Temporary fencing and site security hoarding,m,560.73,23.11,Preliminaries & Site Setup,12958.47
P034-SUBSTATION,Substation Civils,Ulster,2024-04-06,Plant & Equipment Supply,,Supply & install 630kVA ground mounted transformer,nr,2.0,19839.37,Plant & Equipment Supply,39678.74
P034-SUBSTATION,Substation Civils,Ulster,2024-04-06,Landscaping & Site Finishes,,Site clearance incl. removal of vegetation and debris,m2,159.35,4.15,Landscaping & Site Finishes,661.3
P035-WATERMAIN,Watermain Rehabilitation,Leinster,2023-12-31,Watermains,,Supply and lay 250mm PE100 watermain incl. fittings,m,290.43,132.88,Watermains,38592.34
P035-WATERMAIN,Watermain Rehabilitation,Leinster,2023-12-31,Excavation & Earthworks,,EXC. TRENCH 600MM WIDE X 1.0M DEEP IN SOFT GROUND INCL. SUPPORT AND BACKFILL,m,585.65,27.5,Excavation & Earthworks,16105.38
P035-WATERMAIN,Watermain Rehabilitation,Leinster,2023-12-31,Excavation & Earthworks,,Trench support to deep excavation using proprietary shoring,m,223.04,42.11,Excavation & Earthworks,9392.21
P035-WATERMAIN,Watermain Rehabilitation,Leinster,2023-12-31,Watermains,,Supply and lay 250mm PE100 watermain including fittings,m,287.03,137.3,Watermains,39409.22
P035-WATERMAIN,Watermain Rehabilitation,Leinster,2023-12-31,Preliminaries & Site Setup,,"Site set up, welfare unit and secure compound",week,18.0,714.58,Preliminaries & Site Setup,12862.44
P035-WATERMAIN,Watermain Rehabilitation,Leinster,2023-12-31,Watermains,,Supply & lay 180mm PE100 watermain including fittings,m,1304.36,63.56,Watermains,82905.12
P035-WATERMAIN,Watermain Rehabilitation,Leinster,2023-12-31,Chambers & Jointing Bays,,"Construct type JB4 jointing chamber including excavation, base and backfill",nr,10.0,982.83,Chambers & Jointing Bays,9828.3
P035-WATERMAIN,Watermain Rehabilitation,Leinster,2023-12-31,Watermains,,New 25mm water service connection to boundary box,nr,10.0,373.12,Watermains,3731.2
P035-WATERMAIN,Watermain Rehabilitation,Leinster,2023-12-31,Road Reinstatement & Surfacing,,Planing of existing bituminous surfacing 40mm,m2,634.65,5.27,Road Reinstatement & Surfacing,3344.61
P035-WATERMAIN,Watermain Rehabilitation,Leinster,2023-12-31,Preliminaries & Site Setup,,Mobilisation and demobilisation of plant to site,item,1.0,2553.93,Preliminaries & Site Setup,2553.93
P035-WATERMAIN,Watermain Rehabilitation,Leinster,2023-12-31,Traffic Management,,Preparation and approval of traffic management plan (Chapter 8) (as drawing),item,1.0,750.77,Traffic Management,750.77
P035-WATERMAIN,Watermain Rehabilitation,Leinster,2023-12-31,Watermains,,NEW 25MM WATER SERVICE CONNECTION TO BOUNDARY BOX,nr,30.0,277.81,Watermains,8334.3
P035-WATERMAIN,Watermain Rehabilitation,Leinster,2023-12-31,Preliminaries & Site Setup,,"SITE SET UP, WELFARE UNIT AND SECURE COMPOUND",week,23.0,615.4,Preliminaries & Site Setup,14154.2
P035-WATERMAIN,Watermain Rehabilitation,Leinster,2023-12-31,Watermains,,Supply and install fire hydrant c/w marker post,nr,5.0,994.47,Watermains,4972.35
P035-WATERMAIN,Watermain Rehabilitation,Leinster,2023-12-31,Traffic Management,,Preparation and approval of traffic management plan (Chapter 8),item,1.0,811.95,Traffic Management,811.95
P035-WATERMAIN,Watermain Rehabilitation,Leinster,2023-12-31,Watermains,,Supply & install sluice valve 150mm including surround box,nr,3.0,1649.97,Watermains,4949.91
P035-WATERMAIN,Watermain Rehabilitation,Leinster,2023-12-31,Watermains,,SUPPLY AND LAY 125MM PE100 WATERMAIN C/W FITTINGS,m,452.4,54.76,Watermains,24773.42
P035-WATERMAIN,Watermain Rehabilitation,Leinster,2023-12-31,Watermains,,SUPPLY AND LAY 250MM PE100 WATERMAIN INCL. FITTINGS,m,355.9,81.0,Watermains,28827.9
P035-WATERMAIN,Watermain Rehabilitation,Leinster,2023-12-31,Traffic Management,,Road closure licence and advance warning signage,item,1.0,755.29,Traffic Management,755.29
P035-WATERMAIN,Watermain Rehabilitation,Leinster,2023-12-31,Traffic Management,,Provision of traffic management for footpath closure and pedestrian diversion,week,10.0,680.15,Traffic Management,6801.5
P035-WATERMAIN,Watermain Rehabilitation,Leinster,2023-12-31,Traffic Management,,Road closure licence and advance warning signage,item,1.0,966.83,Traffic Management,966.83
P035-WATERMAIN,Watermain Rehabilitation,Leinster,2023-12-31,Watermains,,Supply & install sluice valve 100mm including surround box,nr,6.0,1714.67,Watermains,10288.02
P035-WATERMAIN,Watermain Rehabilitation,Leinster,2023-12-31,Road Reinstatement & Surfacing,,Planing of existing bituminous surfacing 40mm,m2,856.66,8.73,Road Reinstatement & Surfacing,7478.64
P035-WATERMAIN,Watermain Rehabilitation,Leinster,2023-12-31,Road Reinstatement & Surfacing,,Planing of existing bituminous surfacing 40mm,m2,666.93,8.47,Road Reinstatement & Surfacing,5648.9
P035-WATERMAIN,Watermain Rehabilitation,Leinster,2023-12-31,Testing & Commissioning,,"PRESSURE TESTING, SWABBING AND DISINFECTION OF NEW WATERMAIN",m,1059.5,2.77,Testing & Commissioning,2934.82
P035-WATERMAIN,Watermain Rehabilitation,Leinster,2023-12-31,Excavation & Earthworks,,Disposal of surplus excavated material off site to licensed facility,m3,1696.0,35.61,Excavation & Earthworks,60394.56
P035-WATERMAIN,Watermain Rehabilitation,Leinster,2023-12-31,Watermains,,Supply and lay 180mm PE100 watermain inc. fittings,m,159.02,82.31,Watermains,13088.94
P035-WATERMAIN,Watermain Rehabilitation,Leinster,2023-12-31,Professional Services & Surveys,,Preparation of as-built drawings and safety file,item,1.0,1320.79,Professional Services & Surveys,1320.79
P035-WATERMAIN,Watermain Rehabilitation,Leinster,2023-12-31,Professional Services & Surveys,,Preparation of as-built drawings and safety file (as drawing),item,1.0,2025.79,Professional Services & Surveys,2025.79
P035-WATERMAIN,Watermain Rehabilitation,Leinster,2023-12-31,Watermains,,S&I sluice valve 150mm c/w surround box,nr,3.0,1219.71,Watermains,3659.13
P035-WATERMAIN,Watermain Rehabilitation,Leinster,2023-12-31,Road Reinstatement & Surfacing,,Supply and lay 30mm AC10 surface course,m2,594.62,18.2,Road Reinstatement & Surfacing,10822.08
P035-WATERMAIN,Watermain Rehabilitation,Leinster,2023-12-31,Watermains,,Supply and install sluice valve 150mm including surround box,nr,6.0,1073.64,Watermains,6441.84
P035-WATERMAIN,Watermain Rehabilitation,Leinster,2023-12-31,Watermains,,Supply and lay 90mm PE100 watermain including fittings,m,128.1,62.61,Watermains,8020.34
P035-WATERMAIN,Watermain Rehabilitation,Leinster,2023-12-31,Road Reinstatement & Surfacing,,SUPPLY AND LAY 40mm SMA surface course,m2,165.75,24.0,Road Reinstatement & Surfacing,3978.0
P035-WATERMAIN,Watermain Rehabilitation,Leinster,2023-12-31,Excavation & Earthworks,,Excavate trench in existing carriageway incl. saw cutting and breaking out (as drawing),m,546.48,42.59,Excavation & Earthworks,23274.58
P035-WATERMAIN,Watermain Rehabilitation,Leinster,2023-12-31,Excavation & Earthworks,,Supply and place imported granular fill Clause 804,m3,99.21,43.69,Excavation & Earthworks,4334.48
P035-WATERMAIN,Watermain Rehabilitation,Leinster,2023-12-31,Traffic Management,,Road closure licence and advance warning signage,item,1.0,1296.34,Traffic Management,1296.34
P035-WATERMAIN,Watermain Rehabilitation,Leinster,2023-12-31,Excavation & Earthworks,,Exc. trench in existing carriageway inc. saw cutting and breaking out,m,120.15,34.48,Excavation & Earthworks,4142.77
P035-WATERMAIN,Watermain Rehabilitation,Leinster,2023-12-31,Excavation & Earthworks,,Supply and place imported granular fill Clause 804,m3,850.81,46.84,Excavation & Earthworks,39851.94
P035-WATERMAIN,Watermain Rehabilitation,Leinster,2023-12-31,Excavation & Earthworks,,Disposal of surplus excavated material off site to licensed facility,m3,118.89,45.94,Excavation & Earthworks,5461.81
P035-WATERMAIN,Watermain Rehabilitation,Leinster,2023-12-31,Watermains,,Supply and lay 180mm PE100 watermain c/w fittings,m,384.63,80.31,Watermains,30889.64
P035-WATERMAIN,Watermain Rehabilitation,Leinster,2023-12-31,Watermains,,New 25mm water service connection to boundary box,nr,82.0,434.57,Watermains,35634.74
P035-WATERMAIN,Watermain Rehabilitation,Leinster,2023-12-31,Professional Services & Surveys,,Preparation of as-built drawings and safety file (as drawing),item,1.0,1081.3,Professional Services & Surveys,1081.3
P035-WATERMAIN,Watermain Rehabilitation,Leinster,2023-12-31,Road Reinstatement & Surfacing,,Supply and lay 50mm HRA surface course,m2,285.39,25.12,Road Reinstatement & Surfacing,7169.0
P035-WATERMAIN,Watermain Rehabilitation,Leinster,2023-12-31,Preliminaries & Site Setup,,Mobilisation and demobilisation of plant to site,item,1.0,3723.06,Preliminaries & Site Setup,3723.06
P035-WATERMAIN,Watermain Rehabilitation,Leinster,2023-12-31,Watermains,,New 25mm water service connection to boundary box (as drawing),nr,30.0,317.8,Watermains,9534.0
P035-WATERMAIN,Watermain Rehabilitation,Leinster,2023-12-31,Excavation & Earthworks,,Dewatering of excavations inc. pumps and settlement tank,week,5.0,629.7,Excavation & Earthworks,3148.5
P035-WATERMAIN,Watermain Rehabilitation,Leinster,2023-12-31,Excavation & Earthworks,,Trench support to deep excavation using proprietary shoring,m,124.2,38.85,Excavation & Earthworks,4825.17
P035-WATERMAIN,Watermain Rehabilitation,Leinster,2023-12-31,Traffic Management,,Road closure licence and advance warning signage,item,1.0,737.99,Traffic Management,737.99
P035-WATERMAIN,Watermain Rehabilitation,Leinster,2023-12-31,Watermains,,S&I sluice valve 200mm c/w surround box,nr,4.0,1286.83,Watermains,5147.32
P035-WATERMAIN,Watermain Rehabilitation,Leinster,2023-12-31,Traffic Management,,Preparation and approval of traffic management plan (Chapter 8),item,1.0,996.91,Traffic Management,996.91
P035-WATERMAIN,Watermain Rehabilitation,Leinster,2023-12-31,Excavation & Earthworks,,Excavation in rock c/w breaking and removal,m3,69.82,115.9,Excavation & Earthworks,8092.14
P035-WATERMAIN,Watermain Rehabilitation,Leinster,2023-12-31,Testing & Commissioning,,"Pressure testing, swabbing and disinfection of new watermain",m,1766.66,4.59,Testing & Commissioning,8108.97
P035-WATERMAIN,Watermain Rehabilitation,Leinster,2023-12-31,Road Reinstatement & Surfacing,,Reinstate road markings to match existing,m,427.8,7.5,Road Reinstatement & Surfacing,3208.5
P035-WATERMAIN,Watermain Rehabilitation,Leinster,2023-12-31,Chambers & Jointing Bays,,Raise or lower existing chamber to finished road level,nr,10.0,422.23,Chambers & Jointing Bays,4222.3
P035-WATERMAIN,Watermain Rehabilitation,Leinster,2023-12-31,Watermains,,S&I fire hydrant including marker post,nr,4.0,1170.65,Watermains,4682.6
P035-WATERMAIN,Watermain Rehabilitation,Leinster,2023-12-31,Watermains,,Supply and install sluice valve 200mm including surround box,nr,13.0,1638.93,Watermains,21306.09
P035-WATERMAIN,Watermain Rehabilitation,Leinster,2023-12-31,Watermains,,Supply and lay 180mm PE100 watermain including fittings,m,245.57,63.73,Watermains,15650.18
P035-WATERMAIN,Watermain Rehabilitation,Leinster,2023-12-31,Testing & Commissioning,,"Pressure testing, swabbing and disinfection of new watermain",m,282.4,7.09,Testing & Commissioning,2002.22
P035-WATERMAIN,Watermain Rehabilitation,Leinster,2023-12-31,Excavation & Earthworks,,Excavate trench 750mm wide x 1.2m deep in soft ground including support and backfill,m,120.11,30.04,Excavation & Earthworks,3608.1
P035-WATERMAIN,Watermain Rehabilitation,Leinster,2023-12-31,Professional Services & Surveys,,Topographical survey and setting out of works,day,14.0,729.33,Professional Services & Surveys,10210.62
P035-WATERMAIN,Watermain Rehabilitation,Leinster,2023-12-31,Watermains,,Supply and install sluice valve 150mm including surround box,nr,6.0,788.78,Watermains,4732.68
P035-WATERMAIN,Watermain Rehabilitation,Leinster,2023-12-31,Road Reinstatement & Surfacing,,Reinstate road markings to match existing,m,658.89,7.42,Road Reinstatement & Surfacing,4888.96
P035-WATERMAIN,Watermain Rehabilitation,Leinster,2023-12-31,Preliminaries & Site Setup,,"Insurances, bonds and statutory notices",item,1.0,2842.3,Preliminaries & Site Setup,2842.3
P035-WATERMAIN,Watermain Rehabilitation,Leinster,2023-12-31,Excavation & Earthworks,,Trench support to deep excavation using proprietary shoring,m,66.02,28.48,Excavation & Earthworks,1880.25
P036-FOUL,Foul Drainage Upgrade,Midlands,2023-07-01,Testing & Commissioning,,Insulation resistance and continuity testing of installed cable,nr,5.0,133.73,Testing & Commissioning,668.65
P036-FOUL,Foul Drainage Upgrade,Midlands,2023-07-01,Road Reinstatement & Surfacing,,Supply & lay precast concrete kerbing including haunching,m,283.09,35.68,Road Reinstatement & Surfacing,10100.65
P036-FOUL,Foul Drainage Upgrade,Midlands,2023-07-01,Excavation & Earthworks,,Dewatering of excavations c/w pumps and settlement tank,week,8.0,620.48,Excavation & Earthworks,4963.84
P036-FOUL,Foul Drainage Upgrade,Midlands,2023-07-01,Professional Services & Surveys,,Preparation of as-built drawings and safety file,item,1.0,1353.51,Professional Services & Surveys,1353.51
P036-FOUL,Foul Drainage Upgrade,Midlands,2023-07-01,Preliminaries & Site Setup,,Site supervision - site agent,week,4.0,1754.86,Preliminaries & Site Setup,7019.44
P036-FOUL,Foul Drainage Upgrade,Midlands,2023-07-01,Drainage,,Construct precast concrete manhole 1050mm dia. 1.5-2.0m deep including cover and frame,nr,3.0,2096.14,Drainage,6288.42
P036-FOUL,Foul Drainage Upgrade,Midlands,2023-07-01,Preliminaries & Site Setup,,"Insurances, bonds and statutory notices",item,1.0,3179.8,Preliminaries & Site Setup,3179.8
P036-FOUL,Foul Drainage Upgrade,Midlands,2023-07-01,Drainage,,SUPPLY & LAY 150MM DIAMETER UPVC SEWER PIPE C/W BEDDING AND SURROUND,m,71.25,76.16,Drainage,5426.4
P036-FOUL,Foul Drainage Upgrade,Midlands,2023-07-01,Drainage,,Construct precast concrete manhole 1200mm dia. 2.0-3.0m deep including cover and frame,nr,1.0,2754.07,Drainage,2754.07
P036-FOUL,Foul Drainage Upgrade,Midlands,2023-07-01,Testing & Commissioning,,Insulation resistance and continuity testing of installed cable,nr,36.0,146.76,Testing & Commissioning,5283.36
P036-FOUL,Foul Drainage Upgrade,Midlands,2023-07-01,Road Reinstatement & Surfacing,,SUPPLY AND LAY PRECAST CONCRETE KERBING INCLUDING HAUNCHING,m,35.15,60.18,Road Reinstatement & Surfacing,2115.33
P036-FOUL,Foul Drainage Upgrade,Midlands,2023-07-01,Drainage,,S&I road gully including connection to sewer,nr,8.0,702.98,Drainage,5623.84
P036-FOUL,Foul Drainage Upgrade,Midlands,2023-07-01,Road Reinstatement & Surfacing,,Planing of existing bituminous surfacing 40mm,m2,73.87,8.09,Road Reinstatement & Surfacing,597.61
P036-FOUL,Foul Drainage Upgrade,Midlands,2023-07-01,Traffic Management,,Provision of traffic management including stop/go operatives and signage,week,5.0,1236.26,Traffic Management,6181.3
P036-FOUL,Foul Drainage Upgrade,Midlands,2023-07-01,Drainage,,CCTV survey of completed drainage including report,m,347.58,4.15,Drainage,1442.46
P036-FOUL,Foul Drainage Upgrade,Midlands,2023-07-01,Drainage,,Supply and lay 225mm dia uPVC sewer pipe including bedding and surround (as drawing),m,45.58,52.06,Drainage,2372.89
P036-FOUL,Foul Drainage Upgrade,Midlands,2023-07-01,Concrete & Structures,,BLOCKWORK WALL 215MM INCLUDING FAIR FACE AND CAPPING,m2,315.51,72.89,Concrete & Structures,22997.52
P036-FOUL,Foul Drainage Upgrade,Midlands,2023-07-01,Excavation & Earthworks,,Supply and place imported granular fill Clause 804,m3,93.2,32.79,Excavation & Earthworks,3056.03
P036-FOUL,Foul Drainage Upgrade,Midlands,2023-07-01,Excavation & Earthworks,,DISPOSAL OF SURPLUS EXCAVATED MATERIAL OFF SITE TO LICENSED FACILITY (as drawing),m3,33.14,31.45,Excavation & Earthworks,1042.25
P036-FOUL,Foul Drainage Upgrade,Midlands,2023-07-01,Drainage,,Construct precast concrete manhole 1200mm dia. 2.0-3.0m deep including cover and frame,nr,1.0,5232.51,Drainage,5232.51
P036-FOUL,Foul Drainage Upgrade,Midlands,2023-07-01,Drainage,,Construct precast concrete manhole 1200mm dia. 2.0-3.0m deep c/w cover and frame,nr,9.0,3417.15,Drainage,30754.35
P036-FOUL,Foul Drainage Upgrade,Midlands,2023-07-01,Excavation & Earthworks,,Disposal of surplus excavated material off site to licensed facility,m3,103.48,43.96,Excavation & Earthworks,4548.98
P036-FOUL,Foul Drainage Upgrade,Midlands,2023-07-01,Drainage,,CCTV survey of completed drainage inc. report,m,211.25,3.22,Drainage,680.22
P036-FOUL,Foul Drainage Upgrade,Midlands,2023-07-01,Drainage,,Supply and lay 450mm diameter uPVC sewer pipe including bedding and surround,m,238.29,147.2,Drainage,35076.29
P036-FOUL,Foul Drainage Upgrade,Midlands,2023-07-01,Road Reinstatement & Surfacing,,Supply and lay precast concrete kerbing including haunching,m,87.2,35.34,Road Reinstatement & Surfacing,3081.65
P036-FOUL,Foul Drainage Upgrade,Midlands,2023-07-01,Testing & Commissioning,,"Pressure testing, swabbing and disinfection of new watermain",m,146.12,3.47,Testing & Commissioning,507.04
P036-FOUL,Foul Drainage Upgrade,Midlands,2023-07-01,Excavation & Earthworks,,Disposal of surplus excavated material off site to licensed facility,m3,737.51,31.38,Excavation & Earthworks,23143.06
P036-FOUL,Foul Drainage Upgrade,Midlands,2023-07-01,Professional Services & Surveys,,Topographical survey and setting out of works,day,14.0,537.63,Professional Services & Surveys,7526.82
P036-FOUL,Foul Drainage Upgrade,Midlands,2023-07-01,Excavation & Earthworks,,EXC. TRENCH IN EXISTING CARRIAGEWAY INCLUDING SAW CUTTING AND BREAKING OUT,m,41.03,39.03,Excavation & Earthworks,1601.4
P036-FOUL,Foul Drainage Upgrade,Midlands,2023-07-01,Excavation & Earthworks,,EXCAV. TRENCH IN EXISTING CARRIAGEWAY C/W SAW CUTTING AND BREAKING OUT (as drawing),m,73.56,25.17,Excavation & Earthworks,1851.51
P036-FOUL,Foul Drainage Upgrade,Midlands,2023-07-01,Professional Services & Surveys,,Utility detection survey and slit trenching prior to excavation,nr,23.0,352.71,Professional Services & Surveys,8112.33
P036-FOUL,Foul Drainage Upgrade,Midlands,2023-07-01,Excavation & Earthworks,,EXCAVATION IN ROCK INCLUDING BREAKING AND REMOVAL,m3,14.19,129.48,Excavation & Earthworks,1837.32
P036-FOUL,Foul Drainage Upgrade,Midlands,2023-07-01,Concrete & Structures,,SUPPLY AND FIX A142 MESH REINFORCEMENT,m2,249.59,9.11,Concrete & Structures,2273.76
P036-FOUL,Foul Drainage Upgrade,Midlands,2023-07-01,Testing & Commissioning,,Insulation resistance and continuity testing of installed cable,nr,17.0,180.71,Testing & Commissioning,3072.07
P036-FOUL,Foul Drainage Upgrade,Midlands,2023-07-01,Preliminaries & Site Setup,,"Insurances, bonds and statutory notices",item,1.0,3237.14,Preliminaries & Site Setup,3237.14
P036-FOUL,Foul Drainage Upgrade,Midlands,2023-07-01,Road Reinstatement & Surfacing,,Supply and lay precast concrete kerbing inc. haunching,m,425.18,30.98,Road Reinstatement & Surfacing,13172.08
P036-FOUL,Foul Drainage Upgrade,Midlands,2023-07-01,Concrete & Structures,,Supply and place C25/30 concrete to foundations (as drawing),m3,8.75,176.35,Concrete & Structures,1543.06
P036-FOUL,Foul Drainage Upgrade,Midlands,2023-07-01,Preliminaries & Site Setup,,Site supervision - ganger,week,2.0,818.88,Preliminaries & Site Setup,1637.76
P036-FOUL,Foul Drainage Upgrade,Midlands,2023-07-01,Drainage,,Supply and lay 150mm dia. uPVC sewer pipe including bedding and surround,m,59.24,38.32,Drainage,2270.08
P036-FOUL,Foul Drainage Upgrade,Midlands,2023-07-01,Excavation & Earthworks,,Excavation in rock including breaking and removal,m3,34.46,167.64,Excavation & Earthworks,5776.87
P037-SUBSTATION,Substation Civils,Dublin,2025-04-06,Ducting & Cable Protection,,SUPPLY AND LAY cable protection tiles and marker tape,m,616.16,3.73,Ducting & Cable Protection,2298.28
P037-SUBSTATION,Substation Civils,Dublin,2025-04-06,Concrete & Structures,,FORMWORK TO EDGES AND FACES OF CONCRETE,m2,93.22,69.13,Concrete & Structures,6444.3
P037-SUBSTATION,Substation Civils,Dublin,2025-04-06,Plant & Equipment Supply,,Supply and install feeder pillar inc. connections,nr,2.0,2008.44,Plant & Equipment Supply,4016.88
P037-SUBSTATION,Substation Civils,Dublin,2025-04-06,Concrete & Structures,,Blockwork wall 215mm c/w fair face and capping,m2,57.9,117.45,Concrete & Structures,6800.36
P037-SUBSTATION,Substation Civils,Dublin,2025-04-06,Ducting & Cable Protection,,Supply & lay cable protection tiles and marker tape,m,604.15,5.58,Ducting & Cable Protection,3371.16
P037-SUBSTATION,Substation Civils,Dublin,2025-04-06,Ducting & Cable Protection,,S&L cable protection tiles and marker tape,m,498.55,4.12,Ducting & Cable Protection,2054.03
P037-SUBSTATION,Substation Civils,Dublin,2025-04-06,Plant & Equipment Supply,,Supply and install 630kVA ground mounted transformer,nr,1.0,23339.06,Plant & Equipment Supply,23339.06
P037-SUBSTATION,Substation Civils,Dublin,2025-04-06,Ducting & Cable Protection,,Supply and lay 160mm diameter twinwall duct incl. draw rope,m,306.78,33.44,Ducting & Cable Protection,10258.72
P037-SUBSTATION,Substation Civils,Dublin,2025-04-06,Ducting & Cable Protection,,Horizontal directional drill 180mm bore including entry and exit pits,m,21.72,345.97,Ducting & Cable Protection,7514.47
P037-SUBSTATION,Substation Civils,Dublin,2025-04-06,Concrete & Structures,,Blockwork wall 215mm including fair face and capping,m2,9.07,113.7,Concrete & Structures,1031.26
P037-SUBSTATION,Substation Civils,Dublin,2025-04-06,Cabling & Terminations,,Supply and pull in 185mm2 3 core XLPE MV cable incl. all fixings,m,278.52,32.48,Cabling & Terminations,9046.33
P037-SUBSTATION,Substation Civils,Dublin,2025-04-06,Concrete & Structures,,Supply and place C30/37 concrete to foundations,m3,11.9,199.57,Concrete & Structures,2374.88
P037-SUBSTATION,Substation Civils,Dublin,2025-04-06,Ducting & Cable Protection,,Concrete surround to ducts C20/25 (as drawing),m3,25.06,226.09,Ducting & Cable Protection,5665.82
P037-SUBSTATION,Substation Civils,Dublin,2025-04-06,Excavation & Earthworks,,DISPOSAL OF SURPLUS EXCAVATED MATERIAL OFF SITE TO LICENSED FACILITY,m3,68.65,38.26,Excavation & Earthworks,2626.55
P037-SUBSTATION,Substation Civils,Dublin,2025-04-06,Ducting & Cable Protection,,Concrete surround to ducts C20/25,m3,18.24,284.07,Ducting & Cable Protection,5181.44
P037-SUBSTATION,Substation Civils,Dublin,2025-04-06,Concrete & Structures,,Blockwork wall 215mm including fair face and capping,m2,136.46,139.41,Concrete & Structures,19023.89
P037-SUBSTATION,Substation Civils,Dublin,2025-04-06,Landscaping & Site Finishes,,Supply and place topsoil and seed to verges,m2,248.2,13.5,Landscaping & Site Finishes,3350.7
P037-SUBSTATION,Substation Civils,Dublin,2025-04-06,Landscaping & Site Finishes,,SUPPLY AND PLACE TOPSOIL AND SEED TO VERGES,m2,111.34,13.21,Landscaping & Site Finishes,1470.8
P037-SUBSTATION,Substation Civils,Dublin,2025-04-06,Preliminaries & Site Setup,,"Insurances, bonds and statutory notices",item,1.0,8739.25,Preliminaries & Site Setup,8739.25
P037-SUBSTATION,Substation Civils,Dublin,2025-04-06,Professional Services & Surveys,,Preparation of as-built drawings and safety file,item,1.0,1106.22,Professional Services & Surveys,1106.22
P037-SUBSTATION,Substation Civils,Dublin,2025-04-06,Excavation & Earthworks,,EXCAVATE TRENCH 900MM WIDE X 1.5M DEEP IN SOFT GROUND C/W SUPPORT AND BACKFILL,m,586.96,59.81,Excavation & Earthworks,35106.08
P037-SUBSTATION,Substation Civils,Dublin,2025-04-06,Concrete & Structures,,Construct reinforced concrete plinth to substation unit,nr,4.0,4463.02,Concrete & Structures,17852.08
P037-SUBSTATION,Substation Civils,Dublin,2025-04-06,Concrete & Structures,,Blockwork wall 215mm including fair face and capping,m2,99.57,104.45,Concrete & Structures,10400.09
P037-SUBSTATION,Substation Civils,Dublin,2025-04-06,Ducting & Cable Protection,,Supply and lay cable protection tiles and marker tape,m,506.64,4.2,Ducting & Cable Protection,2127.89
P037-SUBSTATION,Substation Civils,Dublin,2025-04-06,Excavation & Earthworks,,DEWATERING OF EXCAVATIONS C/W PUMPS AND SETTLEMENT TANK,week,1.0,846.19,Excavation & Earthworks,846.19
P037-SUBSTATION,Substation Civils,Dublin,2025-04-06,Excavation & Earthworks,,Excavation in rock including breaking and removal,m3,30.72,114.51,Excavation & Earthworks,3517.75
P037-SUBSTATION,Substation Civils,Dublin,2025-04-06,Ducting & Cable Protection,,Horizontal directional drill 250mm bore including entry and exit pits,m,42.11,304.47,Ducting & Cable Protection,12821.23
P037-SUBSTATION,Substation Civils,Dublin,2025-04-06,Preliminaries & Site Setup,,Site supervision - ganger,week,5.0,1614.19,Preliminaries & Site Setup,8070.95
P037-SUBSTATION,Substation Civils,Dublin,2025-04-06,Excavation & Earthworks,,Supply and place imported granular fill Clause 804,m3,457.16,54.39,Excavation & Earthworks,24864.93
P037-SUBSTATION,Substation Civils,Dublin,2025-04-06,Excavation & Earthworks,,TRENCH SUPPORT TO DEEP EXCAVATION USING PROPRIETARY SHORING,m,32.05,61.75,Excavation & Earthworks,1979.09
P038-LV,LV Reinforcement,Leinster,2025-03-13,Road Reinstatement & Surfacing,,Planing of existing bituminous surfacing 40mm,m2,108.34,7.89,Road Reinstatement & Surfacing,854.8
P038-LV,LV Reinforcement,Leinster,2025-03-13,Plant & Equipment Supply,,Supply and install feeder pillar including connections,nr,2.0,2860.72,Plant & Equipment Supply,5721.44
P038-LV,LV Reinforcement,Leinster,2025-03-13,Ducting & Cable Protection,,Supply & lay 2no. 110mm HDPE duct in prepared trench c/w bedding,m,1300.59,24.09,Ducting & Cable Protection,31331.21
P038-LV,LV Reinforcement,Leinster,2025-03-13,Traffic Management,,Road closure licence and advance warning signage,item,1.0,1129.59,Traffic Management,1129.59
P038-LV,LV Reinforcement,Leinster,2025-03-13,Road Reinstatement & Surfacing,,Planing of existing bituminous surfacing 40mm,m2,458.7,5.66,Road Reinstatement & Surfacing,2596.24
P038-LV,LV Reinforcement,Leinster,2025-03-13,Plant & Equipment Supply,,Supply and install 400kVA ground mounted transformer,nr,4.0,15997.77,Plant & Equipment Supply,63991.08
P038-LV,LV Reinforcement,Leinster,2025-03-13,Excavation & Earthworks,,Dewatering of excavations including pumps and settlement tank,week,9.0,507.25,Excavation & Earthworks,4565.25
P038-LV,LV Reinforcement,Leinster,2025-03-13,Plant & Equipment Supply,,Supply and erect 6m public lighting column with LED lantern,nr,4.0,1055.35,Plant & Equipment Supply,4221.4
P038-LV,LV Reinforcement,Leinster,2025-03-13,Road Reinstatement & Surfacing,,Reinstate road markings to match existing,m,1622.89,7.93,Road Reinstatement & Surfacing,12869.52
P038-LV,LV Reinforcement,Leinster,2025-03-13,Plant & Equipment Supply,,Supply and install 315kVA ground mounted transformer,nr,1.0,16165.07,Plant & Equipment Supply,16165.07
P038-LV,LV Reinforcement,Leinster,2025-03-13,Cabling & Terminations,,Blow in fibre optic cable to existing subduct,m,356.52,6.49,Cabling & Terminations,2313.81
P038-LV,LV Reinforcement,Leinster,2025-03-13,Cabling & Terminations,,Fusion splice fibre optic cable including tray and closure,nr,27.0,37.43,Cabling & Terminations,1010.61
P038-LV,LV Reinforcement,Leinster,2025-03-13,Road Reinstatement & Surfacing,,Permanent reinstatement of carriageway to road opening licence standard,m2,245.21,86.57,Road Reinstatement & Surfacing,21227.83
P038-LV,LV Reinforcement,Leinster,2025-03-13,Excavation & Earthworks,,Disposal of surplus excavated material off site to licensed facility,m3,666.38,36.36,Excavation & Earthworks,24229.58
P038-LV,LV Reinforcement,Leinster,2025-03-13,Excavation & Earthworks,,Supply and place imported granular fill Clause 804,m3,40.07,56.55,Excavation & Earthworks,2265.96
P038-LV,LV Reinforcement,Leinster,2025-03-13,Excavation & Earthworks,,Dewatering of excavations c/w pumps and settlement tank (as drawing),week,5.0,731.8,Excavation & Earthworks,3659.0
P038-LV,LV Reinforcement,Leinster,2025-03-13,Traffic Management,,Provision of traffic management for footpath closure and pedestrian diversion,week,11.0,1163.54,Traffic Management,12798.94
P038-LV,LV Reinforcement,Leinster,2025-03-13,Cabling & Terminations,,FUSION SPLICE FIBRE OPTIC CABLE INCLUDING TRAY AND CLOSURE,nr,180.0,33.47,Cabling & Terminations,6024.6
P038-LV,LV Reinforcement,Leinster,2025-03-13,Excavation & Earthworks,,Excavation in rock including breaking and removal,m3,169.88,117.36,Excavation & Earthworks,19937.12
P038-LV,LV Reinforcement,Leinster,2025-03-13,Cabling & Terminations,,Terminate MV cable into switchgear c/w testing,nr,12.0,917.61,Cabling & Terminations,11011.32
P038-LV,LV Reinforcement,Leinster,2025-03-13,Excavation & Earthworks,,DISPOSAL OF SURPLUS EXCAVATED MATERIAL OFF SITE TO LICENSED FACILITY (as drawing),m3,216.85,24.73,Excavation & Earthworks,5362.7
P038-LV,LV Reinforcement,Leinster,2025-03-13,Cabling & Terminations,,Supply and pull in 185mm2 3 core XLPE MV cable including all fixings,m,718.16,44.98,Cabling & Terminations,32302.84
P038-LV,LV Reinforcement,Leinster,2025-03-13,Plant & Equipment Supply,,S&I feeder pillar including connections,nr,7.0,2088.55,Plant & Equipment Supply,14619.85
P038-LV,LV Reinforcement,Leinster,2025-03-13,Ducting & Cable Protection,,Concrete surround to ducts C20/25,m3,35.4,150.65,Ducting & Cable Protection,5333.01
P038-LV,LV Reinforcement,Leinster,2025-03-13,Ducting & Cable Protection,,Supply and lay 1no. 110mm HDPE duct in prepared trench including bedding,m,1906.25,9.77,Ducting & Cable Protection,18624.06
P038-LV,LV Reinforcement,Leinster,2025-03-13,Ducting & Cable Protection,,Concrete surround to ducts C20/25,m3,66.77,190.66,Ducting & Cable Protection,12730.37
P038-LV,LV Reinforcement,Leinster,2025-03-13,Traffic Management,,Preparation and approval of traffic management plan (Chapter 8),item,1.0,635.56,Traffic Management,635.56
P039-LV,LV Reinforcement,Ulster,2025-06-02,Excavation & Earthworks,,Trench support to deep excavation using proprietary shoring,m,93.7,24.73,Excavation & Earthworks,2317.2
P039-LV,LV Reinforcement,Ulster,2025-06-02,Excavation & Earthworks,,Trench support to deep excavation using proprietary shoring,m,25.04,49.39,Excavation & Earthworks,1236.73
P039-LV,LV Reinforcement,Ulster,2025-06-02,Excavation & Earthworks,,Supply and place imported granular fill Clause 804,m3,78.61,58.07,Excavation & Earthworks,4564.88
P039-LV,LV Reinforcement,Ulster,2025-06-02,Cabling & Terminations,,Fusion splice fibre optic cable inc. tray and closure,nr,15.0,39.09,Cabling & Terminations,586.35
P039-LV,LV Reinforcement,Ulster,2025-06-02,Cabling & Terminations,,"Earthing installation including rods, tape and connections",item,1.0,2483.87,Cabling & Terminations,2483.87
P039-LV,LV Reinforcement,Ulster,2025-06-02,Excavation & Earthworks,,Excavation in rock including breaking and removal,m3,82.84,86.96,Excavation & Earthworks,7203.77
P039-LV,LV Reinforcement,Ulster,2025-06-02,Cabling & Terminations,,Straight joint to MV cable,nr,2.0,1025.38,Cabling & Terminations,2050.76
P039-LV,LV Reinforcement,Ulster,2025-06-02,Excavation & Earthworks,,Dewatering of excavations including pumps and settlement tank (as drawing),week,4.0,536.4,Excavation & Earthworks,2145.6
P039-LV,LV Reinforcement,Ulster,2025-06-02,Testing & Commissioning,,Testing and energisation of MV network including switching,item,1.0,2607.67,Testing & Commissioning,2607.67
P039-LV,LV Reinforcement,Ulster,2025-06-02,Cabling & Terminations,,"Earthing installation including rods, tape and connections",item,1.0,1176.41,Cabling & Terminations,1176.41
P039-LV,LV Reinforcement,Ulster,2025-06-02,Road Reinstatement & Surfacing,,Supply and lay precast concrete kerbing inc. haunching,m,197.04,44.2,Road Reinstatement & Surfacing,8709.17
P039-LV,LV Reinforcement,Ulster,2025-06-02,Traffic Management,,Preparation and approval of traffic management plan (Chapter 8),item,1.0,1158.24,Traffic Management,1158.24
P039-LV,LV Reinforcement,Ulster,2025-06-02,Plant & Equipment Supply,,Supply and erect 6m public lighting column with LED lantern,nr,1.0,1094.57,Plant & Equipment Supply,1094.57
P039-LV,LV Reinforcement,Ulster,2025-06-02,Plant & Equipment Supply,,Supply and erect 8m public lighting column with LED lantern,nr,13.0,1505.69,Plant & Equipment Supply,19573.97
P039-LV,LV Reinforcement,Ulster,2025-06-02,Preliminaries & Site Setup,,"Insurances, bonds and statutory notices",item,1.0,4435.8,Preliminaries & Site Setup,4435.8
P039-LV,LV Reinforcement,Ulster,2025-06-02,Excavation & Earthworks,,Trench support to deep excavation using proprietary shoring,m,30.72,36.78,Excavation & Earthworks,1129.88
P039-LV,LV Reinforcement,Ulster,2025-06-02,Testing & Commissioning,,Testing and energisation of MV network inc. switching,item,1.0,2422.73,Testing & Commissioning,2422.73
P039-LV,LV Reinforcement,Ulster,2025-06-02,Traffic Management,,Provision of traffic management with two-way portable signals,week,8.0,2031.51,Traffic Management,16252.08
P039-LV,LV Reinforcement,Ulster,2025-06-02,Cabling & Terminations,,Supply and pull in 300mm2 3 core XLPE MV cable c/w all fixings,m,171.21,56.38,Cabling & Terminations,9652.82
P039-LV,LV Reinforcement,Ulster,2025-06-02,Cabling & Terminations,,Fusion splice fibre optic cable inc. tray and closure,nr,76.0,24.1,Cabling & Terminations,1831.6
P039-LV,LV Reinforcement,Ulster,2025-06-02,Ducting & Cable Protection,,Concrete surround to ducts C20/25,m3,54.63,99.14,Ducting & Cable Protection,5416.02
P039-LV,LV Reinforcement,Ulster,2025-06-02,Ducting & Cable Protection,,Supply and lay 160mm dia. twinwall duct including draw rope,m,287.49,15.18,Ducting & Cable Protection,4364.1
P039-LV,LV Reinforcement,Ulster,2025-06-02,Cabling & Terminations,,Fusion splice fibre optic cable inc. tray and closure,nr,132.0,37.47,Cabling & Terminations,4946.04
P039-LV,LV Reinforcement,Ulster,2025-06-02,Excavation & Earthworks,,Disposal of surplus excavated material off site to licensed facility,m3,1085.26,21.07,Excavation & Earthworks,22866.43
P039-LV,LV Reinforcement,Ulster,2025-06-02,Excavation & Earthworks,,Excavation in rock including breaking and removal,m3,12.25,143.43,Excavation & Earthworks,1757.02
P039-LV,LV Reinforcement,Ulster,2025-06-02,Cabling & Terminations,,Terminate MV cable into switchgear including testing,nr,2.0,792.16,Cabling & Terminations,1584.32
P039-LV,LV Reinforcement,Ulster,2025-06-02,Preliminaries & Site Setup,,Temporary fencing and site security hoarding,m,455.39,29.94,Preliminaries & Site Setup,13634.38
P039-LV,LV Reinforcement,Ulster,2025-06-02,Excavation & Earthworks,,Dewatering of excavations incl. pumps and settlement tank,week,9.0,715.48,Excavation & Earthworks,6439.32
P039-LV,LV Reinforcement,Ulster,2025-06-02,Preliminaries & Site Setup,,"Insurances, bonds and statutory notices",item,1.0,3768.37,Preliminaries & Site Setup,3768.37
P039-LV,LV Reinforcement,Ulster,2025-06-02,Cabling & Terminations,,Straight joint to MV cable,nr,9.0,840.19,Cabling & Terminations,7561.71
P039-LV,LV Reinforcement,Ulster,2025-06-02,Traffic Management,,Provision of traffic management for footpath closure and pedestrian diversion,week,5.0,805.18,Traffic Management,4025.9
P039-LV,LV Reinforcement,Ulster,2025-06-02,Traffic Management,,Road closure licence and advance warning signage,item,1.0,762.07,Traffic Management,762.07
P039-LV,LV Reinforcement,Ulster,2025-06-02,Traffic Management,,Provision of traffic management with two-way portable signals,week,7.0,2470.75,Traffic Management,17295.25
P039-LV,LV Reinforcement,Ulster,2025-06-02,Excavation & Earthworks,,Excav. trench 600mm wide x 1.0m deep in soft ground including support and backfill,m,304.79,19.77,Excavation & Earthworks,6025.7
P039-LV,LV Reinforcement,Ulster,2025-06-02,Excavation & Earthworks,,Dewatering of excavations inc. pumps and settlement tank,week,6.0,659.61,Excavation & Earthworks,3957.66
P039-LV,LV Reinforcement,Ulster,2025-06-02,Traffic Management,,Road closure licence and advance warning signage,item,1.0,1146.17,Traffic Management,1146.17
P039-LV,LV Reinforcement,Ulster,2025-06-02,Ducting & Cable Protection,,Concrete surround to ducts C20/25,m3,43.77,136.19,Ducting & Cable Protection,5961.04
P039-LV,LV Reinforcement,Ulster,2025-06-02,Cabling & Terminations,,Terminate MV cable into switchgear incl. testing,nr,5.0,946.35,Cabling & Terminations,4731.75
P039-LV,LV Reinforcement,Ulster,2025-06-02,Traffic Management,,Road closure licence and advance warning signage,item,1.0,1345.64,Traffic Management,1345.64
P039-LV,LV Reinforcement,Ulster,2025-06-02,Cabling & Terminations,,Supply and pull in 185mm2 3 core XLPE MV cable including all fixings,m,785.72,41.21,Cabling & Terminations,32379.52
P039-LV,LV Reinforcement,Ulster,2025-06-02,Road Reinstatement & Surfacing,,Reinstate road markings to match existing,m,16.46,12.23,Road Reinstatement & Surfacing,201.31
P039-LV,LV Reinforcement,Ulster,2025-06-02,Plant & Equipment Supply,,Supply and install 630kVA ground mounted transformer,nr,3.0,10163.47,Plant & Equipment Supply,30490.41
P039-LV,LV Reinforcement,Ulster,2025-06-02,Traffic Management,,Provision of traffic management for footpath closure and pedestrian diversion,week,6.0,961.1,Traffic Management,5766.6
P039-LV,LV Reinforcement,Ulster,2025-06-02,Cabling & Terminations,,FUSION SPLICE FIBRE OPTIC CABLE INCLUDING TRAY AND CLOSURE,nr,20.0,45.3,Cabling & Terminations,906.0
P039-LV,LV Reinforcement,Ulster,2025-06-02,Traffic Management,,Provision of traffic management for footpath closure and pedestrian diversion,week,5.0,916.93,Traffic Management,4584.65
P039-LV,LV Reinforcement,Ulster,2025-06-02,Traffic Management,,ROAD CLOSURE LICENCE AND ADVANCE WARNING SIGNAGE,item,1.0,897.63,Traffic Management,897.63
P039-LV,LV Reinforcement,Ulster,2025-06-02,Ducting & Cable Protection,,Supply and lay 160mm diameter twinwall duct including draw rope,m,66.32,25.96,Ducting & Cable Protection,1721.67
P039-LV,LV Reinforcement,Ulster,2025-06-02,Traffic Management,,Road closure licence and advance warning signage,item,1.0,925.12,Traffic Management,925.12
P039-LV,LV Reinforcement,Ulster,2025-06-02,Cabling & Terminations,,Supply and pull in 95mm2 3 core XLPE MV cable c/w all fixings,m,1453.11,29.95,Cabling & Terminations,43520.64
P039-LV,LV Reinforcement,Ulster,2025-06-02,Cabling & Terminations,,Blow in fibre optic cable to existing subduct,m,536.13,3.16,Cabling & Terminations,1694.17
P039-LV,LV Reinforcement,Ulster,2025-06-02,Preliminaries & Site Setup,,"Insurances, bonds and statutory notices",item,1.0,3546.67,Preliminaries & Site Setup,3546.67
P039-LV,LV Reinforcement,Ulster,2025-06-02,Ducting & Cable Protection,,Supply and install draw rope to existing duct,m,469.5,1.21,Ducting & Cable Protection,568.1
P039-LV,LV Reinforcement,Ulster,2025-06-02,Excavation & Earthworks,,Supply and place imported granular fill Clause 804,m3,147.57,61.91,Excavation & Earthworks,9136.06
P039-LV,LV Reinforcement,Ulster,2025-06-02,Excavation & Earthworks,,Excav. trench in existing carriageway including saw cutting and breaking out,m,86.56,37.69,Excavation & Earthworks,3262.45
P039-LV,LV Reinforcement,Ulster,2025-06-02,Testing & Commissioning,,"Pressure testing, swabbing and disinfection of new watermain",m,218.02,4.84,Testing & Commissioning,1055.22
P039-LV,LV Reinforcement,Ulster,2025-06-02,Preliminaries & Site Setup,,Temporary fencing and site security hoarding (as drawing),m,18.4,42.44,Preliminaries & Site Setup,780.9
P039-LV,LV Reinforcement,Ulster,2025-06-02,Plant & Equipment Supply,,S&I 315kVA ground mounted transformer,nr,3.0,12292.89,Plant & Equipment Supply,36878.67
P039-LV,LV Reinforcement,Ulster,2025-06-02,Traffic Management,,Preparation and approval of traffic management plan (Chapter 8),item,1.0,432.59,Traffic Management,432.59
P039-LV,LV Reinforcement,Ulster,2025-06-02,Ducting & Cable Protection,,Horizontal directional drill 250mm bore including entry and exit pits,m,17.58,358.15,Ducting & Cable Protection,6296.28
P039-LV,LV Reinforcement,Ulster,2025-06-02,Excavation & Earthworks,,Excavation in rock including breaking and removal,m3,31.15,80.02,Excavation & Earthworks,2492.62
P039-LV,LV Reinforcement,Ulster,2025-06-02,Ducting & Cable Protection,,Supply and install draw rope to existing duct,m,1254.31,0.99,Ducting & Cable Protection,1241.77
P039-LV,LV Reinforcement,Ulster,2025-06-02,Excavation & Earthworks,,DEWATERING OF EXCAVATIONS INCL. PUMPS AND SETTLEMENT TANK,week,3.0,952.29,Excavation & Earthworks,2856.87
P039-LV,LV Reinforcement,Ulster,2025-06-02,Cabling & Terminations,,"Earthing installation inc. rods, tape and connections",item,1.0,1908.92,Cabling & Terminations,1908.92
P039-LV,LV Reinforcement,Ulster,2025-06-02,Preliminaries & Site Setup,,"Site set up, welfare unit and secure compound",week,10.0,855.93,Preliminaries & Site Setup,8559.3
P039-LV,LV Reinforcement,Ulster,2025-06-02,Cabling & Terminations,,Fusion splice fibre optic cable including tray and closure,nr,21.0,42.01,Cabling & Terminations,882.21
P039-LV,LV Reinforcement,Ulster,2025-06-02,Road Reinstatement & Surfacing,,Reinstate road markings to match existing,m,96.5,9.02,Road Reinstatement & Surfacing,870.43
P039-LV,LV Reinforcement,Ulster,2025-06-02,Road Reinstatement & Surfacing,,Permanent reinstatement of carriageway to road opening licence standard (as drawing),m2,119.06,74.43,Road Reinstatement & Surfacing,8861.64
P039-LV,LV Reinforcement,Ulster,2025-06-02,Testing & Commissioning,,"Pressure testing, swabbing and disinfection of new watermain",m,83.52,5.02,Testing & Commissioning,419.27
P039-LV,LV Reinforcement,Ulster,2025-06-02,Preliminaries & Site Setup,,Site supervision - site agent,week,11.0,1579.16,Preliminaries & Site Setup,17370.76
P039-LV,LV Reinforcement,Ulster,2025-06-02,Plant & Equipment Supply,,Supply & install feeder pillar c/w connections (as drawing),nr,2.0,1514.98,Plant & Equipment Supply,3029.96
P039-LV,LV Reinforcement,Ulster,2025-06-02,Traffic Management,,Road closure licence and advance warning signage,item,1.0,810.22,Traffic Management,810.22
P039-LV,LV Reinforcement,Ulster,2025-06-02,Excavation & Earthworks,,DISPOSAL OF SURPLUS EXCAVATED MATERIAL OFF SITE TO LICENSED FACILITY,m3,551.95,23.82,Excavation & Earthworks,13147.45
P040-FIBRE,Fibre Duct Network,Dublin,2024-03-12,Cabling & Terminations,,Pull in LV service cable 95mm2 to dwelling inc. duct entry,m,392.15,19.85,Cabling & Terminations,7784.18
P040-FIBRE,Fibre Duct Network,Dublin,2024-03-12,Excavation & Earthworks,,Excavate trench 450mm wide x 750mm deep in soft ground including support and backfill,m,182.92,29.38,Excavation & Earthworks,5374.19
P040-FIBRE,Fibre Duct Network,Dublin,2024-03-12,Ducting & Cable Protection,,Supply and lay cable protection tiles and marker tape,m,326.82,4.27,Ducting & Cable Protection,1395.52
P040-FIBRE,Fibre Duct Network,Dublin,2024-03-12,Excavation & Earthworks,,Excavation in rock including breaking and removal,m3,71.64,67.3,Excavation & Earthworks,4821.37
P040-FIBRE,Fibre Duct Network,Dublin,2024-03-12,Ducting & Cable Protection,,SUPPLY AND LAY CABLE PROTECTION TILES AND MARKER TAPE,m,3691.49,3.47,Ducting & Cable Protection,12809.47
P040-FIBRE,Fibre Duct Network,Dublin,2024-03-12,Ducting & Cable Protection,,Concrete surround to ducts C20/25,m3,59.69,193.47,Ducting & Cable Protection,11548.22
P040-FIBRE,Fibre Duct Network,Dublin,2024-03-12,Excavation & Earthworks,,TRENCH SUPPORT TO DEEP EXCAVATION USING PROPRIETARY SHORING,m,12.31,64.13,Excavation & Earthworks,789.44
P040-FIBRE,Fibre Duct Network,Dublin,2024-03-12,Preliminaries & Site Setup,,Mobilisation and demobilisation of plant to site,item,2.0,2831.17,Preliminaries & Site Setup,5662.34
P040-FIBRE,Fibre Duct Network,Dublin,2024-03-12,Chambers & Jointing Bays,,Supply and install precast concrete draw pit 600x600 including cover,nr,9.0,693.28,Chambers & Jointing Bays,6239.52
P040-FIBRE,Fibre Duct Network,Dublin,2024-03-12,Excavation & Earthworks,,Disposal of surplus excavated material off site to licensed facility,m3,691.92,28.11,Excavation & Earthworks,19449.87
P040-FIBRE,Fibre Duct Network,Dublin,2024-03-12,Cabling & Terminations,,FUSION SPLICE FIBRE OPTIC CABLE INCLUDING TRAY AND CLOSURE,nr,171.0,35.37,Cabling & Terminations,6048.27
P040-FIBRE,Fibre Duct Network,Dublin,2024-03-12,Excavation & Earthworks,,Dewatering of excavations including pumps and settlement tank,week,12.0,713.78,Excavation & Earthworks,8565.36
P040-FIBRE,Fibre Duct Network,Dublin,2024-03-12,Ducting & Cable Protection,,Supply and lay cable protection tiles and marker tape,m,1194.13,2.87,Ducting & Cable Protection,3427.15
P040-FIBRE,Fibre Duct Network,Dublin,2024-03-12,Excavation & Earthworks,,Excavation in rock including breaking and removal,m3,30.16,133.83,Excavation & Earthworks,4036.31
P040-FIBRE,Fibre Duct Network,Dublin,2024-03-12,Preliminaries & Site Setup,,"Site set up, welfare unit and secure compound",week,10.0,1022.69,Preliminaries & Site Setup,10226.9
P040-FIBRE,Fibre Duct Network,Dublin,2024-03-12,Excavation & Earthworks,,Excavate trench 900mm wide x 1.5m deep in soft ground c/w support and backfill,m,385.68,32.69,Excavation & Earthworks,12607.88
P040-FIBRE,Fibre Duct Network,Dublin,2024-03-12,Road Reinstatement & Surfacing,,Reinstate road markings to match existing (as drawing),m,64.57,12.69,Road Reinstatement & Surfacing,819.39
P040-FIBRE,Fibre Duct Network,Dublin,2024-03-12,Cabling & Terminations,,Terminate MV cable into switchgear inc. testing,nr,5.0,914.91,Cabling & Terminations,4574.55
P040-FIBRE,Fibre Duct Network,Dublin,2024-03-12,Ducting & Cable Protection,,SUPPLY AND LAY 225mm dia twinwall duct c/w draw rope,m,103.38,36.89,Ducting & Cable Protection,3813.69
P040-FIBRE,Fibre Duct Network,Dublin,2024-03-12,Cabling & Terminations,,Fusion splice fibre optic cable c/w tray and closure (as drawing),nr,49.0,36.25,Cabling & Terminations,1776.25
P040-FIBRE,Fibre Duct Network,Dublin,2024-03-12,Excavation & Earthworks,,Dewatering of excavations c/w pumps and settlement tank,week,5.0,1448.09,Excavation & Earthworks,7240.45
P040-FIBRE,Fibre Duct Network,Dublin,2024-03-12,Traffic Management,,Provision of traffic management for footpath closure and pedestrian diversion,week,17.0,895.14,Traffic Management,15217.38
P040-FIBRE,Fibre Duct Network,Dublin,2024-03-12,Excavation & Earthworks,,Disposal of surplus excavated material off site to licensed facility,m3,267.53,39.47,Excavation & Earthworks,10559.41
P040-FIBRE,Fibre Duct Network,Dublin,2024-03-12,Road Reinstatement & Surfacing,,Reinstate road markings to match existing,m,517.04,6.59,Road Reinstatement & Surfacing,3407.29
P040-FIBRE,Fibre Duct Network,Dublin,2024-03-12,Chambers & Jointing Bays,,Supply & install precast concrete draw pit 600x600 inc. cover,nr,15.0,722.62,Chambers & Jointing Bays,10839.3
P040-FIBRE,Fibre Duct Network,Dublin,2024-03-12,Excavation & Earthworks,,Dewatering of excavations including pumps and settlement tank,week,4.0,730.31,Excavation & Earthworks,2921.24
P040-FIBRE,Fibre Duct Network,Dublin,2024-03-12,Traffic Management,,Preparation and approval of traffic management plan (Chapter 8),item,1.0,593.87,Traffic Management,593.87
P040-FIBRE,Fibre Duct Network,Dublin,2024-03-12,Cabling & Terminations,,"Earthing installation including rods, tape and connections",item,1.0,1655.04,Cabling & Terminations,1655.04
P040-FIBRE,Fibre Duct Network,Dublin,2024-03-12,Chambers & Jointing Bays,,Raise or lower existing chamber to finished road level,nr,4.0,375.98,Chambers & Jointing Bays,1503.92
P040-FIBRE,Fibre Duct Network,Dublin,2024-03-12,Road Reinstatement & Surfacing,,Supply and lay 40mm SMA surface course,m2,516.2,23.03,Road Reinstatement & Surfacing,11888.09
P040-FIBRE,Fibre Duct Network,Dublin,2024-03-12,Road Reinstatement & Surfacing,,Reinstate road markings to match existing,m,85.73,11.82,Road Reinstatement & Surfacing,1013.33
P040-FIBRE,Fibre Duct Network,Dublin,2024-03-12,Preliminaries & Site Setup,,"Insurances, bonds and statutory notices (as drawing)",item,1.0,8373.78,Preliminaries & Site Setup,8373.78
P040-FIBRE,Fibre Duct Network,Dublin,2024-03-12,Cabling & Terminations,,Blow in fibre optic cable to existing subduct,m,682.95,4.12,Cabling & Terminations,2813.75
P040-FIBRE,Fibre Duct Network,Dublin,2024-03-12,Road Reinstatement & Surfacing,,Planing of existing bituminous surfacing 40mm (as drawing),m2,352.88,7.44,Road Reinstatement & Surfacing,2625.43
P040-FIBRE,Fibre Duct Network,Dublin,2024-03-12,Traffic Management,,Road closure licence and advance warning signage,item,1.0,631.24,Traffic Management,631.24
P040-FIBRE,Fibre Duct Network,Dublin,2024-03-12,Ducting & Cable Protection,,Supply & lay 110mm dia. twinwall duct incl. draw rope,m,499.37,17.18,Ducting & Cable Protection,8579.18
P040-FIBRE,Fibre Duct Network,Dublin,2024-03-12,Excavation & Earthworks,,Excavation in rock including breaking and removal,m3,44.19,147.15,Excavation & Earthworks,6502.56
P040-FIBRE,Fibre Duct Network,Dublin,2024-03-12,Preliminaries & Site Setup,,Site supervision - site agent,week,6.0,2002.23,Preliminaries & Site Setup,12013.38
P040-FIBRE,Fibre Duct Network,Dublin,2024-03-12,Preliminaries & Site Setup,,"Insurances, bonds and statutory notices",item,1.0,3225.52,Preliminaries & Site Setup,3225.52
P040-FIBRE,Fibre Duct Network,Dublin,2024-03-12,Chambers & Jointing Bays,,SUPPLY AND FIT C250 DUCTILE COVER AND FRAME TO CHAMBER,nr,30.0,370.25,Chambers & Jointing Bays,11107.5
P040-FIBRE,Fibre Duct Network,Dublin,2024-03-12,Traffic Management,,Road closure licence and advance warning signage,item,1.0,1083.02,Traffic Management,1083.02
P040-FIBRE,Fibre Duct Network,Dublin,2024-03-12,Preliminaries & Site Setup,,Site supervision - project engineer,week,9.0,1614.38,Preliminaries & Site Setup,14529.42
P040-FIBRE,Fibre Duct Network,Dublin,2024-03-12,Preliminaries & Site Setup,,Mobilisation and demobilisation of plant to site,item,1.0,3318.48,Preliminaries & Site Setup,3318.48
P040-FIBRE,Fibre Duct Network,Dublin,2024-03-12,Excavation & Earthworks,,Trench support to deep excavation using proprietary shoring,m,10.17,67.52,Excavation & Earthworks,686.68
P040-FIBRE,Fibre Duct Network,Dublin,2024-03-12,Excavation & Earthworks,,Dewatering of excavations including pumps and settlement tank,week,6.0,1168.45,Excavation & Earthworks,7010.7
P040-FIBRE,Fibre Duct Network,Dublin,2024-03-12,Chambers & Jointing Bays,,"Construct type JB9 jointing chamber including excavation, base and backfill",nr,7.0,2555.34,Chambers & Jointing Bays,17887.38
P040-FIBRE,Fibre Duct Network,Dublin,2024-03-12,Cabling & Terminations,,Fusion splice fibre optic cable including tray and closure,nr,38.0,28.4,Cabling & Terminations,1079.2
P041-MV,MV Cable Installation,Connacht,2024-09-23,Excavation & Earthworks,,Trench support to deep excavation using proprietary shoring,m,44.16,50.36,Excavation & Earthworks,2223.9
P041-MV,MV Cable Installation,Connacht,2024-09-23,Traffic Management,,Road closure licence and advance warning signage,item,1.0,1542.04,Traffic Management,1542.04
P041-MV,MV Cable Installation,Connacht,2024-09-23,Road Reinstatement & Surfacing,,Reinstate road markings to match existing,m,298.67,8.31,Road Reinstatement & Surfacing,2481.95
P041-MV,MV Cable Installation,Connacht,2024-09-23,Road Reinstatement & Surfacing,,Permanent reinstatement of footpath in bitmac to road opening licence standard,m2,1468.81,37.67,Road Reinstatement & Surfacing,55330.07
P041-MV,MV Cable Installation,Connacht,2024-09-23,Testing & Commissioning,,"Pressure testing, swabbing and disinfection of new watermain",m,663.75,5.43,Testing & Commissioning,3604.16
P041-MV,MV Cable Installation,Connacht,2024-09-23,Testing & Commissioning,,Testing and energisation of MV network inc. switching,item,1.0,3291.22,Testing & Commissioning,3291.22
P041-MV,MV Cable Installation,Connacht,2024-09-23,Cabling & Terminations,,"Earthing installation incl. rods, tape and connections",item,1.0,1339.14,Cabling & Terminations,1339.14
P041-MV,MV Cable Installation,Connacht,2024-09-23,Cabling & Terminations,,Supply and pull in 95mm2 3 core XLPE MV cable including all fixings,m,53.51,54.72,Cabling & Terminations,2928.07
P041-MV,MV Cable Installation,Connacht,2024-09-23,Cabling & Terminations,,Blow in fibre optic cable to existing subduct,m,1870.77,5.24,Cabling & Terminations,9802.83
P041-MV,MV Cable Installation,Connacht,2024-09-23,Road Reinstatement & Surfacing,,Reinstate road markings to match existing,m,173.81,10.72,Road Reinstatement & Surfacing,1863.24
P041-MV,MV Cable Installation,Connacht,2024-09-23,Plant & Equipment Supply,,Supply and erect 10m public lighting column with LED lantern,nr,25.0,1326.68,Plant & Equipment Supply,33167.0
P041-MV,MV Cable Installation,Connacht,2024-09-23,Excavation & Earthworks,,Excavation in rock including breaking and removal,m3,91.13,113.24,Excavation & Earthworks,10319.56
P041-MV,MV Cable Installation,Connacht,2024-09-23,Excavation & Earthworks,,Disposal of surplus excavated material off site to licensed facility,m3,507.87,31.0,Excavation & Earthworks,15743.97
P041-MV,MV Cable Installation,Connacht,2024-09-23,Professional Services & Surveys,,Utility detection survey and slit trenching prior to excavation,nr,21.0,287.17,Professional Services & Surveys,6030.57
P041-MV,MV Cable Installation,Connacht,2024-09-23,Testing & Commissioning,,"Pressure testing, swabbing and disinfection of new watermain",m,396.09,6.8,Testing & Commissioning,2693.41
P041-MV,MV Cable Installation,Connacht,2024-09-23,Ducting & Cable Protection,,Horizontal directional drill 250mm bore inc. entry and exit pits,m,72.3,337.81,Ducting & Cable Protection,24423.66
P041-MV,MV Cable Installation,Connacht,2024-09-23,Cabling & Terminations,,Pull in LV service cable 25mm2 to dwelling c/w duct entry,m,14.32,16.85,Cabling & Terminations,241.29
P041-MV,MV Cable Installation,Connacht,2024-09-23,Traffic Management,,Provision of traffic management with two-way portable signals,week,7.0,1794.99,Traffic Management,12564.93
P041-MV,MV Cable Installation,Connacht,2024-09-23,Road Reinstatement & Surfacing,,Supply and lay precast concrete kerbing including haunching,m,46.96,51.75,Road Reinstatement & Surfacing,2430.18
P041-MV,MV Cable Installation,Connacht,2024-09-23,Chambers & Jointing Bays,,Supply and install precast concrete draw pit 600x600 c/w cover,nr,14.0,779.73,Chambers & Jointing Bays,10916.22
P041-MV,MV Cable Installation,Connacht,2024-09-23,Ducting & Cable Protection,,Supply & lay 110mm dia. twinwall duct incl. draw rope,m,158.16,20.21,Ducting & Cable Protection,3196.41
P041-MV,MV Cable Installation,Connacht,2024-09-23,Road Reinstatement & Surfacing,,S&L precast concrete kerbing including haunching,m,621.68,50.17,Road Reinstatement & Surfacing,31189.69
P041-MV,MV Cable Installation,Connacht,2024-09-23,Chambers & Jointing Bays,,Supply & install precast concrete draw pit 600x600 including cover,nr,90.0,440.17,Chambers & Jointing Bays,39615.3
P041-MV,MV Cable Installation,Connacht,2024-09-23,Road Reinstatement & Surfacing,,Permanent reinstatement of carriageway to road opening licence standard,m2,376.06,54.33,Road Reinstatement & Surfacing,20431.34
P041-MV,MV Cable Installation,Connacht,2024-09-23,Preliminaries & Site Setup,,"Site set up, welfare unit and secure compound",week,7.0,681.57,Preliminaries & Site Setup,4770.99
P041-MV,MV Cable Installation,Connacht,2024-09-23,Excavation & Earthworks,,Excavation in rock incl. breaking and removal,m3,22.92,85.3,Excavation & Earthworks,1955.08
P041-MV,MV Cable Installation,Connacht,2024-09-23,Excavation & Earthworks,,Supply and place imported granular fill Clause 804,m3,77.38,43.63,Excavation & Earthworks,3376.09
P041-MV,MV Cable Installation,Connacht,2024-09-23,Professional Services & Surveys,,Topographical survey and setting out of works,day,7.0,630.49,Professional Services & Surveys,4413.43
P042-WATERMAIN,Watermain Rehabilitation,Ulster,2026-05-06,Traffic Management,,Preparation and approval of traffic management plan (Chapter 8),item,1.0,465.93,Traffic Management,465.93
P042-WATERMAIN,Watermain Rehabilitation,Ulster,2026-05-06,Chambers & Jointing Bays,,Supply and install precast concrete draw pit 600x600 incl. cover,nr,11.0,362.08,Chambers & Jointing Bays,3982.88
P042-WATERMAIN,Watermain Rehabilitation,Ulster,2026-05-06,Road Reinstatement & Surfacing,,Supply and lay precast concrete kerbing c/w haunching,m,99.37,48.3,Road Reinstatement & Surfacing,4799.57
P042-WATERMAIN,Watermain Rehabilitation,Ulster,2026-05-06,Watermains,,S&L 90mm PE100 watermain incl. fittings,m,403.51,27.14,Watermains,10951.26
P042-WATERMAIN,Watermain Rehabilitation,Ulster,2026-05-06,Professional Services & Surveys,,Preparation of as-built drawings and safety file,item,2.0,950.11,Professional Services & Surveys,1900.22
P042-WATERMAIN,Watermain Rehabilitation,Ulster,2026-05-06,Traffic Management,,Road closure licence and advance warning signage,item,1.0,760.02,Traffic Management,760.02
P042-WATERMAIN,Watermain Rehabilitation,Ulster,2026-05-06,Excavation & Earthworks,,Excavation in rock including breaking and removal,m3,100.81,205.42,Excavation & Earthworks,20708.39
P042-WATERMAIN,Watermain Rehabilitation,Ulster,2026-05-06,Watermains,,New 25mm water service connection to boundary box,nr,32.0,600.3,Watermains,19209.6
P042-WATERMAIN,Watermain Rehabilitation,Ulster,2026-05-06,Testing & Commissioning,,Insulation resistance and continuity testing of installed cable,nr,14.0,194.61,Testing & Commissioning,2724.54
P042-WATERMAIN,Watermain Rehabilitation,Ulster,2026-05-06,Excavation & Earthworks,,Trench support to deep excavation using proprietary shoring,m,166.9,41.08,Excavation & Earthworks,6856.25
P042-WATERMAIN,Watermain Rehabilitation,Ulster,2026-05-06,Traffic Management,,Preparation and approval of traffic management plan (Chapter 8),item,1.0,404.13,Traffic Management,404.13
P042-WATERMAIN,Watermain Rehabilitation,Ulster,2026-05-06,Preliminaries & Site Setup,,Temporary fencing and site security hoarding,m,408.55,48.68,Preliminaries & Site Setup,19888.21
P042-WATERMAIN,Watermain Rehabilitation,Ulster,2026-05-06,Road Reinstatement & Surfacing,,Planing of existing bituminous surfacing 40mm (as drawing),m2,1056.94,7.55,Road Reinstatement & Surfacing,7979.9
P042-WATERMAIN,Watermain Rehabilitation,Ulster,2026-05-06,Watermains,,SUPPLY & INSTALL SLUICE VALVE 200MM C/W SURROUND BOX,nr,2.0,2673.4,Watermains,5346.8
P042-WATERMAIN,Watermain Rehabilitation,Ulster,2026-05-06,Watermains,,New 25mm water service connection to boundary box,nr,24.0,395.17,Watermains,9484.08
P042-WATERMAIN,Watermain Rehabilitation,Ulster,2026-05-06,Excavation & Earthworks,,Supply and place imported granular fill Clause 804,m3,254.4,49.55,Excavation & Earthworks,12605.52
P042-WATERMAIN,Watermain Rehabilitation,Ulster,2026-05-06,Excavation & Earthworks,,Supply and place imported granular fill Clause 804,m3,81.81,64.34,Excavation & Earthworks,5263.66
P042-WATERMAIN,Watermain Rehabilitation,Ulster,2026-05-06,Testing & Commissioning,,"Pressure testing, swabbing and disinfection of new watermain",m,182.07,4.43,Testing & Commissioning,806.57
P042-WATERMAIN,Watermain Rehabilitation,Ulster,2026-05-06,Preliminaries & Site Setup,,"Insurances, bonds and statutory notices (as drawing)",item,1.0,4147.53,Preliminaries & Site Setup,4147.53
P042-WATERMAIN,Watermain Rehabilitation,Ulster,2026-05-06,Watermains,,SUPPLY AND INSTALL SLUICE VALVE 150MM INCL. SURROUND BOX,nr,5.0,1241.07,Watermains,6205.35
P042-WATERMAIN,Watermain Rehabilitation,Ulster,2026-05-06,Watermains,,Supply & install fire hydrant including marker post,nr,4.0,800.4,Watermains,3201.6
P042-WATERMAIN,Watermain Rehabilitation,Ulster,2026-05-06,Watermains,,NEW 25MM WATER SERVICE CONNECTION TO BOUNDARY BOX,nr,26.0,475.53,Watermains,12363.78
P042-WATERMAIN,Watermain Rehabilitation,Ulster,2026-05-06,Excavation & Earthworks,,Disposal of surplus excavated material off site to licensed facility,m3,131.09,38.15,Excavation & Earthworks,5001.08
P042-WATERMAIN,Watermain Rehabilitation,Ulster,2026-05-06,Preliminaries & Site Setup,,"Insurances, bonds and statutory notices",item,1.0,7355.91,Preliminaries & Site Setup,7355.91
P042-WATERMAIN,Watermain Rehabilitation,Ulster,2026-05-06,Road Reinstatement & Surfacing,,Planing of existing bituminous surfacing 40mm,m2,318.81,8.15,Road Reinstatement & Surfacing,2598.3
P042-WATERMAIN,Watermain Rehabilitation,Ulster,2026-05-06,Excavation & Earthworks,,Excavation in rock inc. breaking and removal,m3,63.19,62.61,Excavation & Earthworks,3956.33
P042-WATERMAIN,Watermain Rehabilitation,Ulster,2026-05-06,Watermains,,New 25mm water service connection to boundary box,nr,12.0,350.88,Watermains,4210.56
P042-WATERMAIN,Watermain Rehabilitation,Ulster,2026-05-06,Chambers & Jointing Bays,,"Construct type JB12 jointing chamber including excavation, base and backfill",nr,6.0,4291.75,Chambers & Jointing Bays,25750.5
P042-WATERMAIN,Watermain Rehabilitation,Ulster,2026-05-06,Road Reinstatement & Surfacing,,Planing of existing bituminous surfacing 40mm (as drawing),m2,224.84,4.61,Road Reinstatement & Surfacing,1036.51
P043-FIBRE,Fibre Duct Network,Dublin,2024-03-12,Chambers & Jointing Bays,,"Construct type JB4 jointing chamber c/w excavation, base and backfill",nr,14.0,1437.42,Chambers & Jointing Bays,20123.88
P043-FIBRE,Fibre Duct Network,Dublin,2024-03-12,Ducting & Cable Protection,,S&I draw rope to existing duct,m,1999.3,1.3,Ducting & Cable Protection,2599.09
P043-FIBRE,Fibre Duct Network,Dublin,2024-03-12,Road Reinstatement & Surfacing,,Permanent reinstatement of footpath in bitmac to road opening licence standard,m2,1234.81,84.87,Road Reinstatement & Surfacing,104798.32
P043-FIBRE,Fibre Duct Network,Dublin,2024-03-12,Road Reinstatement & Surfacing,,Planing of existing bituminous surfacing 40mm (as drawing),m2,1249.27,6.86,Road Reinstatement & Surfacing,8569.99
P043-FIBRE,Fibre Duct Network,Dublin,2024-03-12,Excavation & Earthworks,,Excavation in rock including breaking and removal,m3,49.96,254.71,Excavation & Earthworks,12725.31
P043-FIBRE,Fibre Duct Network,Dublin,2024-03-12,Preliminaries & Site Setup,,"Insurances, bonds and statutory notices",item,1.0,6527.2,Preliminaries & Site Setup,6527.2
P043-FIBRE,Fibre Duct Network,Dublin,2024-03-12,Traffic Management,,Road closure licence and advance warning signage,item,1.0,1578.89,Traffic Management,1578.89
P043-FIBRE,Fibre Duct Network,Dublin,2024-03-12,Excavation & Earthworks,,EXCAVATION IN ROCK C/W BREAKING AND REMOVAL,m3,39.28,138.62,Excavation & Earthworks,5444.99
P043-FIBRE,Fibre Duct Network,Dublin,2024-03-12,Ducting & Cable Protection,,Supply & install draw rope to existing duct (as drawing),m,811.79,1.49,Ducting & Cable Protection,1209.57
P043-FIBRE,Fibre Duct Network,Dublin,2024-03-12,Road Reinstatement & Surfacing,,Reinstate road markings to match existing,m,301.06,11.12,Road Reinstatement & Surfacing,3347.79
P043-FIBRE,Fibre Duct Network,Dublin,2024-03-12,Ducting & Cable Protection,,SUPPLY AND LAY 225MM DIAMETER TWINWALL DUCT INCLUDING DRAW ROPE,m,188.13,41.85,Ducting & Cable Protection,7873.24
P043-FIBRE,Fibre Duct Network,Dublin,2024-03-12,Chambers & Jointing Bays,,"Construct type JB12 jointing chamber including excavation, base and backfill",nr,4.0,3522.31,Chambers & Jointing Bays,14089.24
P043-FIBRE,Fibre Duct Network,Dublin,2024-03-12,Cabling & Terminations,,Terminate MV cable into switchgear including testing (as drawing),nr,7.0,1622.86,Cabling & Terminations,11360.02
P043-FIBRE,Fibre Duct Network,Dublin,2024-03-12,Ducting & Cable Protection,,Horizontal directional drill 125mm bore inc. entry and exit pits,m,67.96,138.41,Ducting & Cable Protection,9406.34
P043-FIBRE,Fibre Duct Network,Dublin,2024-03-12,Cabling & Terminations,,Fusion splice fibre optic cable including tray and closure (as drawing),nr,19.0,65.27,Cabling & Terminations,1240.13
P043-FIBRE,Fibre Duct Network,Dublin,2024-03-12,Chambers & Jointing Bays,,S&I precast concrete draw pit 600x600 including cover (as drawing),nr,18.0,966.92,Chambers & Jointing Bays,17404.56
P043-FIBRE,Fibre Duct Network,Dublin,2024-03-12,Cabling & Terminations,,Fusion splice fibre optic cable c/w tray and closure,nr,384.0,41.08,Cabling & Terminations,15774.72
P043-FIBRE,Fibre Duct Network,Dublin,2024-03-12,Cabling & Terminations,,Straight joint to MV cable,nr,21.0,1296.39,Cabling & Terminations,27224.19
P043-FIBRE,Fibre Duct Network,Dublin,2024-03-12,Preliminaries & Site Setup,,Mobilisation and demobilisation of plant to site (as drawing),item,1.0,3964.39,Preliminaries & Site Setup,3964.39
P043-FIBRE,Fibre Duct Network,Dublin,2024-03-12,Professional Services & Surveys,,Preparation of as-built drawings and safety file,item,1.0,2802.24,Professional Services & Surveys,2802.24
P043-FIBRE,Fibre Duct Network,Dublin,2024-03-12,Cabling & Terminations,,Fusion splice fibre optic cable including tray and closure,nr,113.0,29.28,Cabling & Terminations,3308.64
P043-FIBRE,Fibre Duct Network,Dublin,2024-03-12,Traffic Management,,Provision of traffic management with two-way portable signals,week,20.0,2658.77,Traffic Management,53175.4
P043-FIBRE,Fibre Duct Network,Dublin,2024-03-12,Ducting & Cable Protection,,Concrete surround to ducts C20/25,m3,153.74,182.28,Ducting & Cable Protection,28023.73
P043-FIBRE,Fibre Duct Network,Dublin,2024-03-12,Excavation & Earthworks,,Supply and place imported granular fill Clause 804,m3,409.09,53.59,Excavation & Earthworks,21923.13
P043-FIBRE,Fibre Duct Network,Dublin,2024-03-12,Ducting & Cable Protection,,Supply and install draw rope to existing duct,m,243.26,1.85,Ducting & Cable Protection,450.03
P043-FIBRE,Fibre Duct Network,Dublin,2024-03-12,Ducting & Cable Protection,,Supply and lay cable protection tiles and marker tape,m,357.14,3.65,Ducting & Cable Protection,1303.56
P043-FIBRE,Fibre Duct Network,Dublin,2024-03-12,Chambers & Jointing Bays,,Raise or lower existing chamber to finished road level,nr,43.0,323.28,Chambers & Jointing Bays,13901.04
P043-FIBRE,Fibre Duct Network,Dublin,2024-03-12,Excavation & Earthworks,,Disposal of surplus excavated material off site to licensed facility,m3,157.65,29.13,Excavation & Earthworks,4592.34
P043-FIBRE,Fibre Duct Network,Dublin,2024-03-12,Ducting & Cable Protection,,Horizontal directional drill 125mm bore including entry and exit pits,m,162.01,216.17,Ducting & Cable Protection,35021.7
P043-FIBRE,Fibre Duct Network,Dublin,2024-03-12,Cabling & Terminations,,Terminate MV cable into switchgear including testing (as drawing),nr,4.0,1146.51,Cabling & Terminations,4586.04
P043-FIBRE,Fibre Duct Network,Dublin,2024-03-12,Road Reinstatement & Surfacing,,Supply and lay 50mm HRA surface course,m2,2833.18,27.9,Road Reinstatement & Surfacing,79045.72
P043-FIBRE,Fibre Duct Network,Dublin,2024-03-12,Traffic Management,,Road closure licence and advance warning signage,item,1.0,1294.99,Traffic Management,1294.99
P043-FIBRE,Fibre Duct Network,Dublin,2024-03-12,Cabling & Terminations,,Supply and pull in 95mm2 3 core XLPE MV cable incl. all fixings,m,2908.63,31.41,Cabling & Terminations,91360.07
P043-FIBRE,Fibre Duct Network,Dublin,2024-03-12,Ducting & Cable Protection,,Supply and lay 225mm diameter twinwall duct including draw rope,m,390.28,49.34,Ducting & Cable Protection,19256.42
P043-FIBRE,Fibre Duct Network,Dublin,2024-03-12,Cabling & Terminations,,Terminate MV cable into switchgear including testing (as drawing),nr,5.0,1059.76,Cabling & Terminations,5298.8
P043-FIBRE,Fibre Duct Network,Dublin,2024-03-12,Cabling & Terminations,,Pull in LV service cable 25mm2 to dwelling including duct entry,m,297.81,16.16,Cabling & Terminations,4812.61
P043-FIBRE,Fibre Duct Network,Dublin,2024-03-12,Ducting & Cable Protection,,Horizontal directional drill 180mm bore including entry and exit pits,m,29.61,295.61,Ducting & Cable Protection,8753.01
P043-FIBRE,Fibre Duct Network,Dublin,2024-03-12,Ducting & Cable Protection,,Concrete surround to ducts C20/25,m3,39.65,190.18,Ducting & Cable Protection,7540.64
P043-FIBRE,Fibre Duct Network,Dublin,2024-03-12,Preliminaries & Site Setup,,Site supervision - site agent,week,6.0,2116.99,Preliminaries & Site Setup,12701.94
P043-FIBRE,Fibre Duct Network,Dublin,2024-03-12,Excavation & Earthworks,,Dewatering of excavations incl. pumps and settlement tank,week,14.0,630.35,Excavation & Earthworks,8824.9
P043-FIBRE,Fibre Duct Network,Dublin,2024-03-12,Chambers & Jointing Bays,,Raise or lower existing chamber to finished road level,nr,10.0,625.38,Chambers & Jointing Bays,6253.8
P043-FIBRE,Fibre Duct Network,Dublin,2024-03-12,Traffic Management,,PREPARATION AND APPROVAL OF TRAFFIC MANAGEMENT PLAN (CHAPTER 8),item,1.0,627.36,Traffic Management,627.36
P043-FIBRE,Fibre Duct Network,Dublin,2024-03-12,Ducting & Cable Protection,,Supply and install draw rope to existing duct,m,1969.23,1.2,Ducting & Cable Protection,2363.08
P043-FIBRE,Fibre Duct Network,Dublin,2024-03-12,Preliminaries & Site Setup,,Temporary fencing and site security hoarding,m,102.17,53.96,Preliminaries & Site Setup,5513.09
P043-FIBRE,Fibre Duct Network,Dublin,2024-03-12,Road Reinstatement & Surfacing,,Supply and lay 50mm HRA surface course,m2,352.88,42.98,Road Reinstatement & Surfacing,15166.78
P043-FIBRE,Fibre Duct Network,Dublin,2024-03-12,Road Reinstatement & Surfacing,,Planing of existing bituminous surfacing 40mm,m2,499.14,10.34,Road Reinstatement & Surfacing,5161.11
P043-FIBRE,Fibre Duct Network,Dublin,2024-03-12,Ducting & Cable Protection,,Concrete surround to ducts C20/25,m3,113.96,236.24,Ducting & Cable Protection,26921.91
P043-FIBRE,Fibre Duct Network,Dublin,2024-03-12,Cabling & Terminations,,Blow in fibre optic cable to existing subduct,m,4638.52,4.57,Cabling & Terminations,21198.04
P043-FIBRE,Fibre Duct Network,Dublin,2024-03-12,Preliminaries & Site Setup,,Temporary fencing and site security hoarding,m,104.21,48.98,Preliminaries & Site Setup,5104.21
P043-FIBRE,Fibre Duct Network,Dublin,2024-03-12,Ducting & Cable Protection,,S&I draw rope to existing duct,m,1802.06,1.43,Ducting & Cable Protection,2576.95
P043-FIBRE,Fibre Duct Network,Dublin,2024-03-12,Preliminaries & Site Setup,,Site supervision - project engineer,week,18.0,2087.06,Preliminaries & Site Setup,37567.08
P043-FIBRE,Fibre Duct Network,Dublin,2024-03-12,Ducting & Cable Protection,,Supply and lay cable protection tiles and marker tape,m,4911.83,5.28,Ducting & Cable Protection,25934.46
P043-FIBRE,Fibre Duct Network,Dublin,2024-03-12,Traffic Management,,Preparation and approval of traffic management plan (Chapter 8),item,1.0,776.02,Traffic Management,776.02
P043-FIBRE,Fibre Duct Network,Dublin,2024-03-12,Chambers & Jointing Bays,,Supply and fit B125 composite cover and frame to chamber,nr,14.0,366.97,Chambers & Jointing Bays,5137.58
P043-FIBRE,Fibre Duct Network,Dublin,2024-03-12,Preliminaries & Site Setup,,Site supervision - ganger,week,20.0,1242.26,Preliminaries & Site Setup,24845.2
P043-FIBRE,Fibre Duct Network,Dublin,2024-03-12,Ducting & Cable Protection,,Supply and lay cable protection tiles and marker tape,m,1875.91,3.45,Ducting & Cable Protection,6471.89
P043-FIBRE,Fibre Duct Network,Dublin,2024-03-12,Traffic Management,,Road closure licence and advance warning signage,item,1.0,1180.08,Traffic Management,1180.08
P043-FIBRE,Fibre Duct Network,Dublin,2024-03-12,Cabling & Terminations,,Pull in LV service cable 35mm2 to dwelling inc. duct entry,m,215.27,14.27,Cabling & Terminations,3071.9
P043-FIBRE,Fibre Duct Network,Dublin,2024-03-12,Road Reinstatement & Surfacing,,Supply and lay 40mm SMA surface course,m2,1464.03,22.18,Road Reinstatement & Surfacing,32472.19
P044-LV,LV Reinforcement,Leinster,2024-11-24,Cabling & Terminations,,Terminate MV cable into switchgear including testing,nr,4.0,637.8,Cabling & Terminations,2551.2
P044-LV,LV Reinforcement,Leinster,2024-11-24,Traffic Management,,Preparation and approval of traffic management plan (Chapter 8),item,1.0,1296.99,Traffic Management,1296.99
P044-LV,LV Reinforcement,Leinster,2024-11-24,Testing & Commissioning,,"Pressure testing, swabbing and disinfection of new watermain",m,68.9,7.02,Testing & Commissioning,483.68
P044-LV,LV Reinforcement,Leinster,2024-11-24,Ducting & Cable Protection,,SUPPLY AND LAY 225mm diameter twinwall duct including draw rope (as drawing),m,281.06,58.28,Ducting & Cable Protection,16380.18
P044-LV,LV Reinforcement,Leinster,2024-11-24,Excavation & Earthworks,,Excavation in rock including breaking and removal,m3,109.84,223.09,Excavation & Earthworks,24504.21
P044-LV,LV Reinforcement,Leinster,2024-11-24,Preliminaries & Site Setup,,"INSURANCES, BONDS AND STATUTORY NOTICES",item,1.0,4826.48,Preliminaries & Site Setup,4826.48
P044-LV,LV Reinforcement,Leinster,2024-11-24,Ducting & Cable Protection,,Concrete surround to ducts C20/25 (as drawing),m3,18.32,172.22,Ducting & Cable Protection,3155.07
P044-LV,LV Reinforcement,Leinster,2024-11-24,Road Reinstatement & Surfacing,,Reinstate road markings to match existing,m,426.18,7.29,Road Reinstatement & Surfacing,3106.85
P044-LV,LV Reinforcement,Leinster,2024-11-24,Excavation & Earthworks,,SUPPLY AND PLACE IMPORTED GRANULAR FILL CLAUSE 804,m3,362.11,61.93,Excavation & Earthworks,22425.47
P044-LV,LV Reinforcement,Leinster,2024-11-24,Traffic Management,,PREPARATION AND APPROVAL OF TRAFFIC MANAGEMENT PLAN (CHAPTER 8) (as drawing),item,1.0,854.62,Traffic Management,854.62
P044-LV,LV Reinforcement,Leinster,2024-11-24,Cabling & Terminations,,Pull in LV service cable 95mm2 to dwelling including duct entry,m,93.95,34.89,Cabling & Terminations,3277.92
P044-LV,LV Reinforcement,Leinster,2024-11-24,Cabling & Terminations,,Terminate MV cable into switchgear incl. testing,nr,11.0,699.83,Cabling & Terminations,7698.13
P044-LV,LV Reinforcement,Leinster,2024-11-24,Cabling & Terminations,,Straight joint to MV cable,nr,4.0,1511.4,Cabling & Terminations,6045.6
P044-LV,LV Reinforcement,Leinster,2024-11-24,Traffic Management,,Preparation and approval of traffic management plan (Chapter 8),item,1.0,1182.82,Traffic Management,1182.82
P044-LV,LV Reinforcement,Leinster,2024-11-24,Traffic Management,,Provision of traffic management with two-way portable signals,week,10.0,2466.65,Traffic Management,24666.5
P044-LV,LV Reinforcement,Leinster,2024-11-24,Cabling & Terminations,,Terminate MV cable into switchgear including testing,nr,4.0,961.84,Cabling & Terminations,3847.36
P044-LV,LV Reinforcement,Leinster,2024-11-24,Ducting & Cable Protection,,SUPPLY AND LAY 110mm dia. twinwall duct including draw rope,m,431.11,16.26,Ducting & Cable Protection,7009.85
P044-LV,LV Reinforcement,Leinster,2024-11-24,Preliminaries & Site Setup,,Mobilisation and demobilisation of plant to site,item,1.0,2636.49,Preliminaries & Site Setup,2636.49
P044-LV,LV Reinforcement,Leinster,2024-11-24,Excavation & Earthworks,,Disposal of surplus excavated material off site to licensed facility,m3,200.49,61.61,Excavation & Earthworks,12352.19
P044-LV,LV Reinforcement,Leinster,2024-11-24,Cabling & Terminations,,Pull in LV service cable 35mm2 to dwelling including duct entry,m,93.78,16.43,Cabling & Terminations,1540.81
P044-LV,LV Reinforcement,Leinster,2024-11-24,Ducting & Cable Protection,,S&I draw rope to existing duct,m,929.55,1.31,Ducting & Cable Protection,1217.71
P044-LV,LV Reinforcement,Leinster,2024-11-24,Ducting & Cable Protection,,SUPPLY AND LAY 225MM DIAMETER TWINWALL DUCT INCL. DRAW ROPE (as drawing),m,229.46,45.89,Ducting & Cable Protection,10529.92
P044-LV,LV Reinforcement,Leinster,2024-11-24,Ducting & Cable Protection,,Supply and install draw rope to existing duct,m,927.48,1.61,Ducting & Cable Protection,1493.24
P044-LV,LV Reinforcement,Leinster,2024-11-24,Preliminaries & Site Setup,,"Insurances, bonds and statutory notices",item,1.0,3313.29,Preliminaries & Site Setup,3313.29
P044-LV,LV Reinforcement,Leinster,2024-11-24,Ducting & Cable Protection,,SUPPLY & LAY 160MM DIA. TWINWALL DUCT INCLUDING DRAW ROPE,m,1020.21,24.93,Ducting & Cable Protection,25433.84
P044-LV,LV Reinforcement,Leinster,2024-11-24,Testing & Commissioning,,INSULATION RESISTANCE AND CONTINUITY TESTING OF INSTALLED CABLE,nr,7.0,178.64,Testing & Commissioning,1250.48
P044-LV,LV Reinforcement,Leinster,2024-11-24,Excavation & Earthworks,,Excav. trench in existing carriageway incl. saw cutting and breaking out,m,121.74,104.88,Excavation & Earthworks,12768.09
P044-LV,LV Reinforcement,Leinster,2024-11-24,Traffic Management,,Road closure licence and advance warning signage,item,1.0,1339.21,Traffic Management,1339.21
P044-LV,LV Reinforcement,Leinster,2024-11-24,Road Reinstatement & Surfacing,,Permanent reinstatement of footpath in bitmac to road opening licence standard,m2,58.32,102.66,Road Reinstatement & Surfacing,5987.13
P044-LV,LV Reinforcement,Leinster,2024-11-24,Ducting & Cable Protection,,Concrete surround to ducts C20/25,m3,39.02,218.95,Ducting & Cable Protection,8543.43
P044-LV,LV Reinforcement,Leinster,2024-11-24,Ducting & Cable Protection,,Supply and install draw rope to existing duct,m,488.49,1.29,Ducting & Cable Protection,630.15
P044-LV,LV Reinforcement,Leinster,2024-11-24,Excavation & Earthworks,,Supply and place imported granular fill Clause 804,m3,175.03,64.73,Excavation & Earthworks,11329.69
P044-LV,LV Reinforcement,Leinster,2024-11-24,Road Reinstatement & Surfacing,,Supply and lay 30mm AC10 surface course,m2,2453.27,27.51,Road Reinstatement & Surfacing,67489.46
P044-LV,LV Reinforcement,Leinster,2024-11-24,Traffic Management,,Road closure licence and advance warning signage,item,1.0,1893.57,Traffic Management,1893.57
P044-LV,LV Reinforcement,Leinster,2024-11-24,Excavation & Earthworks,,Disposal of surplus excavated material off site to licensed facility,m3,649.19,28.43,Excavation & Earthworks,18456.47
P044-LV,LV Reinforcement,Leinster,2024-11-24,Excavation & Earthworks,,Dewatering of excavations including pumps and settlement tank,week,4.0,1232.82,Excavation & Earthworks,4931.28
P044-LV,LV Reinforcement,Leinster,2024-11-24,Road Reinstatement & Surfacing,,S&L precast concrete kerbing c/w haunching,m,82.76,52.5,Road Reinstatement & Surfacing,4344.9
P044-LV,LV Reinforcement,Leinster,2024-11-24,Road Reinstatement & Surfacing,,Planing of existing bituminous surfacing 40mm,m2,233.65,8.32,Road Reinstatement & Surfacing,1943.97
P044-LV,LV Reinforcement,Leinster,2024-11-24,Plant & Equipment Supply,,Supply and erect 8m public lighting column with LED lantern,nr,2.0,1728.1,Plant & Equipment Supply,3456.2
P044-LV,LV Reinforcement,Leinster,2024-11-24,Preliminaries & Site Setup,,"Site set up, welfare unit and secure compound (as drawing)",week,6.0,898.75,Preliminaries & Site Setup,5392.5
P044-LV,LV Reinforcement,Leinster,2024-11-24,Plant & Equipment Supply,,Supply and install feeder pillar including connections,nr,4.0,1997.8,Plant & Equipment Supply,7991.2
P044-LV,LV Reinforcement,Leinster,2024-11-24,Ducting & Cable Protection,,Concrete surround to ducts C20/25,m3,100.74,202.14,Ducting & Cable Protection,20363.58
P044-LV,LV Reinforcement,Leinster,2024-11-24,Preliminaries & Site Setup,,"Insurances, bonds and statutory notices",item,1.0,2917.36,Preliminaries & Site Setup,2917.36
P044-LV,LV Reinforcement,Leinster,2024-11-24,Traffic Management,,Provision of traffic management for footpath closure and pedestrian diversion,week,7.0,701.64,Traffic Management,4911.48
P044-LV,LV Reinforcement,Leinster,2024-11-24,Traffic Management,,Provision of traffic management with two-way portable signals,week,10.0,1926.68,Traffic Management,19266.8
P044-LV,LV Reinforcement,Leinster,2024-11-24,Excavation & Earthworks,,Excavation in rock including breaking and removal,m3,25.82,179.81,Excavation & Earthworks,4642.69
P044-LV,LV Reinforcement,Leinster,2024-11-24,Testing & Commissioning,,"Pressure testing, swabbing and disinfection of new watermain",m,595.58,4.04,Testing & Commissioning,2406.14
P044-LV,LV Reinforcement,Leinster,2024-11-24,Traffic Management,,Road closure licence and advance warning signage,item,1.0,1681.23,Traffic Management,1681.23
P044-LV,LV Reinforcement,Leinster,2024-11-24,Road Reinstatement & Surfacing,,Supply and lay 40mm SMA surface course,m2,112.89,42.79,Road Reinstatement & Surfacing,4830.56
P044-LV,LV Reinforcement,Leinster,2024-11-24,Ducting & Cable Protection,,Supply and lay cable protection tiles and marker tape,m,317.06,3.98,Ducting & Cable Protection,1261.9
P044-LV,LV Reinforcement,Leinster,2024-11-24,Traffic Management,,Provision of traffic management including stop/go operatives and signage,week,12.0,1061.63,Traffic Management,12739.56
P045-FOUL,Foul Drainage Upgrade,Ulster,2024-01-01,Excavation & Earthworks,,Supply and place imported granular fill Clause 804,m3,114.43,44.89,Excavation & Earthworks,5136.76
P045-FOUL,Foul Drainage Upgrade,Ulster,2024-01-01,Traffic Management,,Provision of traffic management for footpath closure and pedestrian diversion,week,8.0,514.21,Traffic Management,4113.68
P045-FOUL,Foul Drainage Upgrade,Ulster,2024-01-01,Preliminaries & Site Setup,,Mobilisation and demobilisation of plant to site,item,1.0,2580.0,Preliminaries & Site Setup,2580.0
P045-FOUL,Foul Drainage Upgrade,Ulster,2024-01-01,Road Reinstatement & Surfacing,,SUPPLY AND LAY PRECAST CONCRETE KERBING INCL. HAUNCHING,m,139.81,50.89,Road Reinstatement & Surfacing,7114.93
P045-FOUL,Foul Drainage Upgrade,Ulster,2024-01-01,Concrete & Structures,,Supply and place C30/37 concrete to foundations,m3,54.88,160.86,Concrete & Structures,8828.0
P045-FOUL,Foul Drainage Upgrade,Ulster,2024-01-01,Road Reinstatement & Surfacing,,SUPPLY AND LAY 30mm AC10 surface course,m2,1150.42,19.85,Road Reinstatement & Surfacing,22835.84
P045-FOUL,Foul Drainage Upgrade,Ulster,2024-01-01,Drainage,,S&I road gully including connection to sewer,nr,32.0,386.29,Drainage,12361.28
P045-FOUL,Foul Drainage Upgrade,Ulster,2024-01-01,Drainage,,Supply and install road gully c/w connection to sewer (as drawing),nr,19.0,447.23,Drainage,8497.37
P045-FOUL,Foul Drainage Upgrade,Ulster,2024-01-01,Road Reinstatement & Surfacing,,Reinstate road markings to match existing,m,266.12,7.99,Road Reinstatement & Surfacing,2126.3
P045-FOUL,Foul Drainage Upgrade,Ulster,2024-01-01,Testing & Commissioning,,Insulation resistance and continuity testing of installed cable,nr,19.0,195.67,Testing & Commissioning,3717.73
P045-FOUL,Foul Drainage Upgrade,Ulster,2024-01-01,Drainage,,Construct precast concrete manhole 1050mm dia. 1.5-2.0m deep inc. cover and frame,nr,7.0,2472.81,Drainage,17309.67
P045-FOUL,Foul Drainage Upgrade,Ulster,2024-01-01,Drainage,,Supply and lay 150mm dia. uPVC sewer pipe c/w bedding and surround,m,239.3,47.96,Drainage,11476.83
P045-FOUL,Foul Drainage Upgrade,Ulster,2024-01-01,Road Reinstatement & Surfacing,,Supply and lay 30mm AC10 surface course,m2,1913.74,15.29,Road Reinstatement & Surfacing,29261.08
P045-FOUL,Foul Drainage Upgrade,Ulster,2024-01-01,Excavation & Earthworks,,Disposal of surplus excavated material off site to licensed facility,m3,344.42,42.32,Excavation & Earthworks,14575.85
P045-FOUL,Foul Drainage Upgrade,Ulster,2024-01-01,Testing & Commissioning,,"Pressure testing, swabbing and disinfection of new watermain",m,245.85,5.32,Testing & Commissioning,1307.92
P045-FOUL,Foul Drainage Upgrade,Ulster,2024-01-01,Drainage,,Supply and lay 300mm diameter uPVC sewer pipe including bedding and surround,m,119.3,105.37,Drainage,12570.64
P045-FOUL,Foul Drainage Upgrade,Ulster,2024-01-01,Road Reinstatement & Surfacing,,Supply and lay 50mm HRA surface course,m2,760.15,16.04,Road Reinstatement & Surfacing,12192.81
P045-FOUL,Foul Drainage Upgrade,Ulster,2024-01-01,Excavation & Earthworks,,Excavate trench 600mm wide x 1.0m deep in soft ground including support and backfill,m,617.73,24.77,Excavation & Earthworks,15301.17
P045-FOUL,Foul Drainage Upgrade,Ulster,2024-01-01,Testing & Commissioning,,"Pressure testing, swabbing and disinfection of new watermain",m,1158.13,2.86,Testing & Commissioning,3312.25
P045-FOUL,Foul Drainage Upgrade,Ulster,2024-01-01,Drainage,,Construct precast concrete manhole 1200mm dia. 2.0-3.0m deep including cover and frame,nr,5.0,2123.42,Drainage,10617.1
P045-FOUL,Foul Drainage Upgrade,Ulster,2024-01-01,Road Reinstatement & Surfacing,,Planing of existing bituminous surfacing 40mm,m2,114.12,7.44,Road Reinstatement & Surfacing,849.05
P045-FOUL,Foul Drainage Upgrade,Ulster,2024-01-01,Drainage,,Construct precast concrete manhole 1500mm dia. 3.0-4.0m deep incl. cover and frame (as drawing),nr,6.0,6443.42,Drainage,38660.52
P045-FOUL,Foul Drainage Upgrade,Ulster,2024-01-01,Traffic Management,,Provision of traffic management with two-way portable signals (as drawing),week,10.0,1717.84,Traffic Management,17178.4
P045-FOUL,Foul Drainage Upgrade,Ulster,2024-01-01,Concrete & Structures,,Formwork to edges and faces of concrete,m2,66.12,41.13,Concrete & Structures,2719.52
P045-FOUL,Foul Drainage Upgrade,Ulster,2024-01-01,Drainage,,Supply and lay 225mm dia uPVC sewer pipe c/w bedding and surround,m,361.19,38.93,Drainage,14061.13
P045-FOUL,Foul Drainage Upgrade,Ulster,2024-01-01,Drainage,,Supply and install road gully including connection to sewer,nr,9.0,584.15,Drainage,5257.35
P045-FOUL,Foul Drainage Upgrade,Ulster,2024-01-01,Testing & Commissioning,,"Pressure testing, swabbing and disinfection of new watermain",m,1168.9,4.99,Testing & Commissioning,5832.81
P045-FOUL,Foul Drainage Upgrade,Ulster,2024-01-01,Concrete & Structures,,Blockwork wall 215mm including fair face and capping,m2,46.12,71.77,Concrete & Structures,3310.03
P045-FOUL,Foul Drainage Upgrade,Ulster,2024-01-01,Excavation & Earthworks,,Dewatering of excavations including pumps and settlement tank,week,4.0,683.57,Excavation & Earthworks,2734.28
P045-FOUL,Foul Drainage Upgrade,Ulster,2024-01-01,Drainage,,Supply and install road gully including connection to sewer,nr,3.0,527.35,Drainage,1582.05
P045-FOUL,Foul Drainage Upgrade,Ulster,2024-01-01,Excavation & Earthworks,,Dewatering of excavations c/w pumps and settlement tank,week,10.0,889.73,Excavation & Earthworks,8897.3
P045-FOUL,Foul Drainage Upgrade,Ulster,2024-01-01,Traffic Management,,Preparation and approval of traffic management plan (Chapter 8),item,1.0,630.13,Traffic Management,630.13
P045-FOUL,Foul Drainage Upgrade,Ulster,2024-01-01,Preliminaries & Site Setup,,Mobilisation and demobilisation of plant to site,item,1.0,3176.17,Preliminaries & Site Setup,3176.17
P045-FOUL,Foul Drainage Upgrade,Ulster,2024-01-01,Testing & Commissioning,,Insulation resistance and continuity testing of installed cable,nr,12.0,227.75,Testing & Commissioning,2733.0
P045-FOUL,Foul Drainage Upgrade,Ulster,2024-01-01,Preliminaries & Site Setup,,Mobilisation and demobilisation of plant to site,item,1.0,2457.58,Preliminaries & Site Setup,2457.58
P045-FOUL,Foul Drainage Upgrade,Ulster,2024-01-01,Traffic Management,,Provision of traffic management for footpath closure and pedestrian diversion,week,12.0,829.02,Traffic Management,9948.24
P045-FOUL,Foul Drainage Upgrade,Ulster,2024-01-01,Road Reinstatement & Surfacing,,Supply and lay 40mm SMA surface course,m2,60.87,24.48,Road Reinstatement & Surfacing,1490.1
P045-FOUL,Foul Drainage Upgrade,Ulster,2024-01-01,Traffic Management,,Preparation and approval of traffic management plan (Chapter 8) (as drawing),item,1.0,504.64,Traffic Management,504.64
P045-FOUL,Foul Drainage Upgrade,Ulster,2024-01-01,Drainage,,Construct precast concrete manhole 1200mm dia. 2.0-3.0m deep incl. cover and frame,nr,7.0,3518.7,Drainage,24630.9
P045-FOUL,Foul Drainage Upgrade,Ulster,2024-01-01,Excavation & Earthworks,,Exc. trench 450mm wide x 750mm deep in soft ground including support and backfill,m,33.1,20.03,Excavation & Earthworks,662.99
P045-FOUL,Foul Drainage Upgrade,Ulster,2024-01-01,Drainage,,Construct precast concrete manhole 1200mm dia. 2.0-3.0m deep including cover and frame,nr,5.0,3351.67,Drainage,16758.35
P045-FOUL,Foul Drainage Upgrade,Ulster,2024-01-01,Drainage,,CCTV survey of completed drainage including report,m,321.57,2.89,Drainage,929.34
P045-FOUL,Foul Drainage Upgrade,Ulster,2024-01-01,Traffic Management,,Preparation and approval of traffic management plan (Chapter 8),item,1.0,395.11,Traffic Management,395.11
P045-FOUL,Foul Drainage Upgrade,Ulster,2024-01-01,Drainage,,Supply and install road gully including connection to sewer,nr,9.0,456.03,Drainage,4104.27
P045-FOUL,Foul Drainage Upgrade,Ulster,2024-01-01,Drainage,,SUPPLY AND INSTALL ROAD GULLY INCL. CONNECTION TO SEWER,nr,7.0,339.45,Drainage,2376.15
P045-FOUL,Foul Drainage Upgrade,Ulster,2024-01-01,Professional Services & Surveys,,Preparation of as-built drawings and safety file,item,1.0,750.37,Professional Services & Surveys,750.37
P045-FOUL,Foul Drainage Upgrade,Ulster,2024-01-01,Traffic Management,,Provision of traffic management for footpath closure and pedestrian diversion,week,4.0,668.12,Traffic Management,2672.48
P045-FOUL,Foul Drainage Upgrade,Ulster,2024-01-01,Excavation & Earthworks,,Trench support to deep excavation using proprietary shoring (as drawing),m,117.86,46.58,Excavation & Earthworks,5489.92
P045-FOUL,Foul Drainage Upgrade,Ulster,2024-01-01,Road Reinstatement & Surfacing,,Supply and lay precast concrete kerbing including haunching,m,123.7,33.9,Road Reinstatement & Surfacing,4193.43
